Part No,MRP,Description,,,,,,,,CLP,Factor
,125,,,,,,,,,100.00,1.25
PR13611,0,Precision regulator - G1/4 (2bar),,,,,,,,,
A2C05,118.75,Clamp 1/4 (Precision regulator),,,,,,,,95,1.25
A2PG08,0,"Pressure gauge (Precision) R1/8 -8bar, Dia40",,,,,,,,,
WP2110851,56.25,Male connector Dia8x 1/4,,,,,,,,45,1.25
WP2111253,0,,,,,,,,,,1.25
WP2101212,0,Male connector Dia12x1/2,,,,,,,,,
WH00B12,0,TUBE(PU) OD12 (Blue),,,,,,,,,1.25
GS3210H63,0,Ball valve-1/2 (Handle type),,,,,,,,,
WP2140812,0,Different dia straight union Dia8 to Dia12,,,,,,,,,
A23100100O,8295,DA 100 x 100 SQ Cyl.(Mag) Basic,,,,,,,,6636,1.25
AV1100,1477.5,WALL MOUNTING BRACKET (DIA 100),,,,,,,,1182,1.25
AA1100,1206.25,CLEVIS FOOT BRACKET (DIA 100),,,,,,,,965,1.25
AP020,2980,"ROD END SPHERICAL EYE (DIA 80,DIA 100)",,,,,,,,2384,1.25
MK1100,3012.5,Female clevis (King pin) Dia 100,,,,,,,,2410,1.25
GR5105308,535,Flow control valve 1/2 x Dia 8,,,,,,,,428,1.25
AM41-1-FL-04,1347.5,Turnable Magnetic sensor with flying lead (Reedswitch 3wire),,,,,,,,1078,1.25
DS255SS61-WT0R0,3208.75,"1/4 -5/2,24V DC Double sol. valve with LED socket",,,,,,,,2567,1.25
AS0160,80,Silencer 1/8 - (Conical - Slotted Head),,,,,,,,64,1.25
A2G02,306.25,"Pressure gauge(0-10bar)R1/8,Dia 40",,,,,,,,245,1.25
WP2110852,66.25,Male connector Dia8x3/8,,,,,,,,53,1.25
PS4803504A,4586.25,Pressure sensor R1/8 - 2 PNP output & 0-10V Analog output,,,,,,,,3669,1.25
A2T03,281.25,T-Spacer assy-1/2,,,,,,,,225,1.25
FRCLM156334/W-A,5933.75,"FRCLM-1/2""(40Micron,10bar)with W.M.Bracket,Int.auto drain",,,,,,,,4747,1.25
WP2110853,125,Male connector Dia8x1/2,,,,,,,,100,1.25
WP2120861,128.75,Female connector Dia8x1/4,,,,,,,,103,1.25
WH00B08,67.5,TUBE(PU) OD8 (Blue),,,,,,,,54.00,1.25
A23040150O,3673.75,DA 40 x 150 SQ Cyl.(Mag) Basic,,,,,,,,2939,1.25
GR5105108,375,FLOW CONTROL VALVE 1/4 x Dia 8,,,,,,,,300,1.25
A23063400O,6090,DA 63 x 400 SQ Cyl.(Mag) Basic,,,,,,,,4872,1.25
GR5105208,471.25,Flow control valve 3/8 x Dia 8,,,,,,,,377,1.25
A52025025O,0,DA 25 x 25 Cyl.(Mag) Basic,,,,,,,,,1.25
AF010,0,ROD END FORK,,,,,,,,,
MS022,0,"DOUBLE FOOT MOUNTING (DIA 20,DIA 25)",,,,,,,,,
A23040100O,0,DA 40 x 100 SQ Cyl.(Mag) Basic,,,,,,,,,1.25
A23050060O,0,DA 50 x 60 SQ Cyl.(Mag) Basic,,,,,,,,,
A23050200O,0,DA 50 x 200 SQ Cyl.(Mag) Basic,,,,,,,,,1.25
GR5136161,0,"1/4""-Flow control valve (Exhaust control)",,,,,,,,,
WP2110651,0,Male connector Dia6x 1/4,,,,,,,,,1.25
A63025025O-M,0,DA 25 x 25 Compact (ISO) Cyl. (Mag) Basic,,,,,,,,,
GR5136060,2.5,"1/8""-Flow control valve (Exhaust control)",,,,,,,,2,1.25
WP2110650,2.5,Male connector Dia6x1/8,,,,,,,,2,1.25
ASC0161,0,Silencer (Conical-1/4),,,,,,,,,1.25
WP2110651,0,Male connector Dia6x 1/4,,,,,,,,,1.25
M0030208,0,"Manifold (8 Valves) DS2-1/4"",5/2",,,,,,,,,
FRC146234-A,0,"FRC-3/8 (40Micron,10bar)with Internal Auto drain",,,,,,,,,
GS246H62,0,"Shut Off Valve-3/2NC,G3/8",,,,,,,,,
A2W02,0,Wall Mounting Bracket Assy-3/8,,,,,,,,,
WP2120660,0,Female connector Dia6x1/8,,,,,,,,,1.25
A2T02,0,T-Spacer assy-3/8,,,,,,,,,
GS245H61,0,"SHUT OFF VALVE-3/2 NC,G1/4",,,,,,,,,
A23032100O,2.5,DA 32 x 100 SQ Cyl.(Mag) Basic,,,,,,,,2,1.25
GV216050,0,"Pilot Operated NRV (G1/8,R1/8)",,,,,,,,,
WP2300808,90,Union tee Dia8,,,,,,,,72,1.25
WP2110650,0,Male connector Dia6x1/8,,,,,,,,,1.25
A23032040O,0,DA 32 x 40 SQ Cyl.(Mag) Basic,,,,,,,,,
DS274SC60-WT0R0,0,"1/8 -5/3,24V DC Sol. sp.cen. valve (Exhausted) with LED socket",,,,,,,,,
WP2300404,0,Union tee Dia4,,,,,,,,,1.25
DS244SR60-WT0R0,0,"1/8 -3/2 NC,24V DC (S) Sol. sp. return valve with LED socket",,,,,,,,,
WS0130651,0,TRIPLE SWIVEL Dia 6x1/4,,,,,,,,,
WN026152,0,NIPPLE G1/4 x R3/8,,,,,,,,,
GR0110808,0,Flow control valve (Straight) Dia 8,,,,,,,,,
WP2110850,0,Male connector Dia8x1/8,,,,,,,,,
DS234SR60-WT0R1,0,"1/8 -3/2 NO,24V DC (S) Sol. sp. return valve with LED socket",,,,,,,,,
WP2110851,0,Male connector Dia8x 1/4,,,,,,,,,
WJ03066160,0,JUNCTION BOX 1/4 x1/8 (3+3),,,,,,,,,
WP2110854,0,Male connector Dia8x3/4,,,,,,,,,
WC1,0,Tube cutter,,,,,,,,,1.25
GR5137070,0,M5-Flow control valve (Exhaust control),,,,,,,,,
VE71-4-15-1064F-C,0,"Multistage vacuum ejector with 1.5mm Nozzle, Port size 3/4""",,,,,,,,,
VCV1-61F61M,0,Vacuum ejector,,,,,,,,,
VSA1RB1-60-E2-61F,0,Vacuum Cup,,,,,,,,,
WP2110670,0,Male connector Dia6xM5,,,,,,,,,1.25
WH00B06,38.75,TUBE(PU) OD6 (Blue),,,,,,,,31,1.25
FRCLM136134/W,0,"FRCLM-1/4""(40Micron,10bar)with Wall mounting bracket",,,,,,,,,1.25
DS254HD60,0,1/8 -5/2 Hand lever detent valve,,,,,,,,,
WP2300606,0,Union tee Dia6,,,,,,,,,1.25
,0,,,,,,,,,,
A030250402-M,0,"DA 25 x 40 Compact Cyl.(Mag) Basic , threads on both side",,,,,,,,,
GR5107006,0,Flow control valve M5 x Dia 6,,,,,,,,,
WP2400606,0,Union  Y  Dia6,,,,,,,,,
GR5105108,0,FLOW CONTROL VALVE 1/4 x Dia 8,,,,,,,,,1.25
DS244SR60-W,0,"1/8 -3/2 NC,24V DC Single Sol. sp. return valve",,,,,,,,,
ASC0160,0,SILENCER(CONICAL) 1/8,,,,,,,,,
WP2210850,72.5,Male elbow Dia8x1/8,,,,,,,,58,1.25
A4C02,0,"Cover plate 5/2,1/4 (DS2)",,,,,,,,,
M0030206,0,"Manifold (6 Valves) DS2-1/4"",5/2",,,,,,,,,
ASC0162,0,SILENCER(CONICAL) 3/8,,,,,,,,,
DS245SR61-W,0,"1/4 -3/2 NC,24V DC Singe Sol. sp. return valve",,,,,,,,,1.25
PR13612,4137.5,Precision regulator - G1/4 (4bar),,,,,,,,3310,1.25
A2PG04,0,"Pressure gauge (Precision) R1/8 -4bar,Dia40",,,,,,,,,
WN015151,0,Nipple R1/4,,,,,,,,,
GV161,0,"NONRETURN VALVE 1/4""",,,,,,,,,
GS32205K61,0,"Shut off valve 1/4"" ( Knob type)",,,,,,,,,
GR5105106,0,Flow control valve 1/4 x Dia 6,,,,,,,,,
WQC03M51,0,QUICK COUPLING SOCKET-1/4,,,,,,,,,
WQP03F61,0,QUICK COUPLING PLUG-G1/4,,,,,,,,,
DS245HD61,0,1/4 -3/2 NC Hand lever detent valve,,,,,,,,,
ASB0161,0,Silencer,,,,,,,,,
AM41-1-FL-04,0,Turnable Magnetic sensor with flying lead (Reedswitch 3wire),,,,,,,,,1.25
A23040160O,0,DA 40 x 160 SQ Cyl.(Mag) Basic,,,,,,,,,
DS254SS60-W,0,"1/8 -5/2,24V DC Double Sol. valve",,,,,,,,,1.25
DS254SS60-WT0R0,0,"1/8 -5/2,24V DC Double sol. valve with LED socket",,,,,,,,,
A13032080O,0,DA 32 x 80 Cyl.(Mag) Basic,,,,,,,,,
A13032100O,0,DA 32 x 100 Cyl.(Mag) Basic,,,,,,,,,
AM1032,0,"Reed switch with clamp (A13032,40,50)",,,,,,,,,1.25
ML1032,0,Foot mounting (Dia 32),,,,,,,,,1.25
M0030104,0,"Manifold (4 Valves) DS2-1/8"",5/2,5/3",,,,,,,,,1.25
A4C06,0,"Cover plate 5/2,5/3,1/8 (DS2)",,,,,,,,,1.25
WP2400808,0,Union  Y  Dia8,,,,,,,,,
WP2410651,0,Male branch Y  Dia6x1/4,,,,,,,,,
A1R015B,0,Rotary actuator dia 15,,,,,,,,,
AG1P01016B,0,Parallel gripper dia 16,,,,,,,,,
A52016100O,0,DA 16 x 100 Cyl.(Mag) Basic,,,,,,,,,
A91SL016025,0,DA 16 x 25 Compact guided cylinder,,,,,,,,,
AM090-2-FL-04S,0,"Solid state current sourcing (PNP),Flying lead with 2 meter cable length-Straight type",,,,,,,,,1.25
AM1016,0,Reed switch with clamp (A52016),,,,,,,,,
M0030106,0,"Manifold (6 Valves) DS2-1/8"",5/2,5/3",,,,,,,,,
AG1P01020B,0,Gripper (Parrallel),,,,,,,,,
AM080-2FL-04S,0," 
3 Wire reed switch solid state PNP Flying lead with straight",,,,,,,,,
F15631,1098.75,Filter-1/2 (5Micron),,,,,,,,879,1.25
F15630,1207.5,Filter-1/2(1 Micron),,,,,,,,966,1.25
A2S03,200,Spacer Assy-1/2,,,,,,,,160,1.25
DS244SR60-G,1792.5,"1/8 -3/2 NC,24V AC Single Sol. sp. return valve",,,,,,,,1434,1.25
F14623-A,2231.25,Filter-3/8 (40Micron)With Internal Auto drain,,,,,,,,1785,1.25
A2C32,61.25,"Clamp For Filter,Lubricator-3/8",,,,,,,,49,1.25
WP2210851,75,Male elbow Dia8 x 1/4,,,,,,,,60,1.25
WP2500808,186.25,Bulk head union Dia8,,,,,,,,149,1.25
A4C13,255,Panel adapters,,,,,,,,204,1.25
WP2500606,172.5,Bulk head union Dia6,,,,,,,,138,1.25
2209,0,WASHER,,,,,,,,,1.25
10003,0,END COVER BOLT,,,,,,,,,1.25
10004,0,"CUSHION PISTON NUT Dia 50, Dia 63",,,,,,,,,1.25
10005,0,End cover bolt,,,,,,,,,1.25
10006,0,End cover bolt,,,,,,,,,1.25
10007,0,CUSHION PISTON NUT,,,,,,,,,1.25
10009,0,End cover bolt,,,,,,,,,1.25
10011,0,CLEVIS PIN MD040,,,,,,,,,1.25
10012,0,CLEVIS PIN,,,,,,,,,1.25
10054,0,BRACKET,,,,,,,,,1.25
10056,0,CLEVIS PIN C5047,,,,,,,,,1.25
10058,0,CUSHION PISTON NUT,,,,,,,,,1.25
10075,0,Piston rod (C5058),,,,,,,,,1.25
10076,0,PISTON ROD-1,,,,,,,,,1.25
10077,0,PISTON ROD-2,,,,,,,,,1.25
10095,0,End cover bolt,,,,,,,,,1.25
10099,0,END COVER BOLT,,,,,,,,,1.25
10113,0,Piston rod,,,,,,,,,1.25
10114,0,END COVER BOLT,,,,,,,,,1.25
10131,0,END COVER BOLT,,,,,,,,,1.25
10132,0,END COVER BOLT,,,,,,,,,1.25
10133,0,END COVER BOLT,,,,,,,,,1.25
10170,0,End cover bolt (A27040),,,,,,,,,1.25
10214,0,Piston rod,,,,,,,,,1.25
13000,0,Nipple (G1/4xM18),,,,,,,,,1.25
14003,0,HANDLE D S VALVE 1/4,,,,,,,,,1.25
14014,0,STEM,,,,,,,,,1.25
32621,0,Cover nut,,,,,,,,,1.25
42069,0,MANIFOLD,,,,,,,,,1.25
42070,0,MANIFOLD,,,,,,,,,1.25
42080,0,MANIFOLD,,,,,,,,,1.25
42120,0,NIPPLE,,,,,,,,,1.25
42292,0,PISTON,,,,,,,,,1.25
42312,0,MANIFOLD,,,,,,,,,1.25
60021,0,SPRING,,,,,,,,,1.25
62025,0,"Main Spring(0.2-2bar)1/4 R,FRC",,,,,,,,,1.25
62026,0,"Main Spring(0.2-4bar)1/4 R,FRC",,,,,,,,,1.25
62027,0,"Main Spring(0.5-7bar)1/4 R,FRC",,,,,,,,,1.25
62028,0,"Main Spring(0.5-10bar)1/4 R,FRC",,,,,,,,,1.25
62030,0,"Main Spring(0.5-10bar)3/8 R,FRC",,,,,,,,,1.25
62031,0,"Main Spring(0.2-2bar)3/8 R,FRC",,,,,,,,,1.25
62032,0,"Main Spring(0.2-4bar)3/8 R,FRC",,,,,,,,,1.25
62033,0,"Main Spring(0.5-7bar)3/8 R,FRC",,,,,,,,,1.25
62060,0,"Main Spring(0.5-10bar)1/2,3/4,1 R,FRC",,,,,,,,,1.25
62061,0,"Main Spring(0.2-2bar)1/2,3/4,1 R,FRC",,,,,,,,,1.25
62062,0,"Main Spring(0.2-4bar)1/2,3/4,1 R,FRC",,,,,,,,,1.25
62063,0,"Main Spring(0.5-7bar)1/2,3/4,1 R,FRC",,,,,,,,,1.25
65118,0,WASHER Dia 17 x Dia 28 x 2.1,,,,,,,,,1.25
65202,0,TDUO PISTON,,,,,,,,,1.25
65413,0,O-Ring (Dia 20.29 x Dia 2.61),,,,,,,,,1.25
65422,0,O RING 14x 1.78,,,,,,,,,1.25
65432,0,O-Ring (Dia 17.17 x Dia 1.778),,,,,,,,,1.25
65825,0,Cup seal,,,,,,,,,1.25
65842,0,VALVE CONE ASSY,,,,,,,,,1.25
65843,0,PISTON COMPLETE,,,,,,,,,1.25
65844,0,VALVE CONE,,,,,,,,,1.25
72000,0,"Bowl guard 1/4F,FRC",,,,,,,,,1.25
75187,0,KNOB,,,,,,,,,1.25
78013,0,PANEL BOARD FOR TRUNNION,,,,,,,,,1.25
78015,0,PANEL BOARD FOR REGULATOR,,,,,,,,,1.25
130003,0,TRUNNION A12063,,,,,,,,,1.25
130005,0,TRUNNION A12100,,,,,,,,,1.25
130019,0,TRUNNION (A16160T),,,,,,,,,1.25
130051,0,TRUNNION,,,,,,,,,1.25
210039,0,End cover bolt,,,,,,,,,1.25
210040,0,End cover bolt,,,,,,,,,1.25
210059,0,End cover bolt,,,,,,,,,1.25
260000,0,Spring,,,,,,,,,1.25
260003,0,BOTTOM SPRING -1/4 R,,,,,,,,,1.25
260006,0,BOTTOM SPRING 3/8 C,,,,,,,,,1.25
260009,0,BOTTOM SPRING 1/2 C,,,,,,,,,1.25
260029,0,Spring (Valve cone),,,,,,,,,1.25
260030,0,SPRING,,,,,,,,,1.25
260050,0,Piston rod (A02050),,,,,,,,,1.25
277007,0,Blade,,,,,,,,,1.25
312090,0,Nipple (G1/4(F) x G1/2(M)),,,,,,,,,1.25
410076,0,PISTON,,,,,,,,,1.25
412004,0,Bottom Plug-1/4 R,,,,,,,,,1.25
414028,0,HOUSING,,,,,,,,,1.25
432001,0,Housing-1/4 R,,,,,,,,,1.25
432003,0,Housing-1/4 FRC,,,,,,,,,1.25
432012,0,Housing-1/2 FRC,,,,,,,,,1.25
432014,0,Bottom Plug-1/2 R,,,,,,,,,1.25
432023,0,Bracket-1/2 FRLM,,,,,,,,,1.25
490000,0,Cylinder barrel,,,,,,,,,1.25
582000,0,Filter Element-1/4F(5 Microns),,,,,,,,,1.25
582001,0,Filter Element-1/4F(25 Microns),,,,,,,,,1.25
582002,0,Filter Element-1/4F(40 Microns),,,,,,,,,1.25
582003,0,Filter Element-1/4F(50 Microns),,,,,,,,,1.25
582004,0,Filter Element-1/4F100 Microns),,,,,,,,,1.25
582006,0,Filter Element-1/4F(1Micron),,,,,,,,,1.25
582020,0,Filter Element-3/8F(5 Microns),,,,,,,,,1.25
582021,0,Filter Element-3/8F(25 Microns),,,,,,,,,1.25
582022,0,Filter Element-3/8F(40 Microns),,,,,,,,,1.25
582023,0,Filter Element-3/8F(50 Microns),,,,,,,,,1.25
582024,0,Filter Element-3/8F(100 Microns),,,,,,,,,1.25
582025,0,Filter Element-3/8FRC(40 Microns),,,,,,,,,1.25
582026,0,Filter Element-3/8FRC(5Microns),,,,,,,,,1.25
582027,0,Filter Element-3/8FRC(25Microns),,,,,,,,,1.25
582028,0,Filter Element-3/8FRC(50Microns),,,,,,,,,1.25
582029,0,Filter Element-3/8FRC(100Microns),,,,,,,,,1.25
582030,0,Filter Element-3/8F(1 Micron),,,,,,,,,1.25
582040,0,Filter Element-1/2F(5 Microns),,,,,,,,,1.25
582041,0,Filter Element-1/2F (25 Microns),,,,,,,,,1.25
582042,0,Filter Element-1/2F(40 Microns),,,,,,,,,1.25
582043,0,Filter Element-1/2F(50 Microns),,,,,,,,,1.25
582044,0,Filter Element-1/2F(100 Microns),,,,,,,,,1.25
582047,0,Filter Element-1/2F(1 Micron),,,,,,,,,1.25
582049,0,"Filter Element-3/4,1F(5Micron)",,,,,,,,,1.25
582050,0,"Filter Element-3/4,1F(25Micron)",,,,,,,,,1.25
582051,0,"Filter Element-3/4,1F(40Micron)",,,,,,,,,1.25
582052,0,"Filter Element-3/4,1F(50Micron)",,,,,,,,,1.25
582053,0,"Filter Element-3/4,1F(100Micron)",,,,,,,,,1.25
582054,0,"Filter Element-3/4,1F(1Micron)",,,,,,,,,1.25
584006,0,SILENCER ELEMENT,,,,,,,,,1.25
620000,0,Metal bonded wiper,,,,,,,,,1.25
620001,0,Metal bonded wiper,,,,,,,,,1.25
620002,0,Metal bonded wiper,,,,,,,,,1.25
620003,0,Metal bonded wiper,,,,,,,,,1.25
620004,0,Metal bonded wiper,,,,,,,,,1.25
620005,0,Metal bonded wiper,,,,,,,,,1.25
621010,0,Metal bonded wiper (A16125-H) CRCS/ Viton,,,,,,,,,1.25
630001,0,NUT RING Dia 24 x Dia 32 x 5.5,,,,,,,,,1.25
630002,0,NUT RING Dia 12 x Dia 20 x 5.5,,,,,,,,,1.25
630003,0,NUT RING Dia 30 x Dia 40 x 7,,,,,,,,,1.25
630004,0,NUT RING Dia 16 x Dia 24 x 6,,,,,,,,,1.25
630006,0,NUT RING Dia 20 x Dia 28 x 6,,,,,,,,,1.25
630009,0,NUT RING Dia 25 x Dia 35 x 7,,,,,,,,,1.25
630035,0,NUT RING,,,,,,,,,1.25
630039,0,Nutring 32x42x7,,,,,,,,,1.25
630040,0,NUT RING 40 X 50 X 7,,,,,,,,,1.25
630050,0,PISTON ROD,,,,,,,,,1.25
632007,0,Nutring (Dia 32 x Dia 42 x 7) (A16125-H),,,,,,,,,1.25
640003,0,MAIN SEAL TYPE C 25 DIA,,,,,,,,,1.25
640043,0,BELLOWS,,,,,,,,,1.25
640053,0,Rubber pad,,,,,,,,,1.25
641500,0,CUSHION SEAL,,,,,,,,,1.25
641501,0,CUSHION SEAL,,,,,,,,,1.25
641503,0,Cushion seal,,,,,,,,,1.25
641505,0,MAIN SEAL(TYPE-C),,,,,,,,,1.25
641507,0,Main seal(Type-C),,,,,,,,,1.25
641530,0,NUT RING CUM WIPER,,,,,,,,,1.25
650002,0,O RING Dia 4.1 x Dia 1.6,,,,,,,,,1.25
650004,0,O RING Dia 7.1 x Dia 1.6 (NITRILE),,,,,,,,,1.25
650005,0,O RING Dia 8.1 x Dia 1.6 (NITRILE),,,,,,,,,1.25
650007,0,O RING Dia 10.1 x Dia 1.6,,,,,,,,,1.25
650008,0,O Ring Dia 11.1 x Dia 1.6,,,,,,,,,1.25
650009,0,O Ring Dia12.1 x Dia1.6 (NITRILE),,,,,,,,,1.25
650011,0,O RING Dia 15.1 x Dia 1.6,,,,,,,,,1.25
650013,0,O RING Dia 18.1 x Dia 1.6,,,,,,,,,1.25
650014,0,Oring-Dia 23.1 x Dia 1.6,,,,,,,,,1.25
650015,0,O RING Dia 29.1 x Dia 1.6,,,,,,,,,1.25
650019,0,O Ring (Dia 19.1 x Dia 1.6),,,,,,,,,1.25
650100,0,O Ring Dia 4.6 x 2.4 (Nitrile),,,,,,,,,1.25
650103,0,O RING Dia 12.6 x Dia 2.4,,,,,,,,,1.25
650104,0,O RING Dia 13.6 x Dia 2.4,,,,,,,,,1.25
650105,0,O RING Dia 18.6 x Dia 2.4,,,,,,,,,1.25
650106,0,O RING Dia 31.6 x Dia 2.4,,,,,,,,,1.25
650107,0,O RING Dia 37.6 x Dia 2.4,,,,,,,,,1.25
650108,0,O Ring Dia 39.6 x Dia 2.4,,,,,,,,,1.25
650110,0,O RING Dia 51.6 x Dia 2.4,,,,,,,,,1.25
650125,0,O Ring Dia 29.6 x Dia 2.4,,,,,,,,,1.25
704002,0,Cover,,,,,,,,,1.25
710001,0,BEARING STRIP Dia 32,,,,,,,,,1.25
710002,0,BEARING STRIP Dia  40,,,,,,,,,1.25
710003,0,Bearing strip Dia 50 (M0S2 Filled Nylon66),,,,,,,,,1.25
710004,0,BEARING STRIP Dia 63,,,,,,,,,1.25
710005,0,BEARING STRIP Dia  80,,,,,,,,,1.25
710006,0,BEARING STRIP Dia 100,,,,,,,,,1.25
710018,0,BEARING STRIP,,,,,,,,,1.25
710022,0,Bearing strip,,,,,,,,,1.25
710023,0,Bearing strip (A16160),,,,,,,,,1.25
712002,0,"FILTER HOLDER 3/8F,FRC",,,,,,,,,1.25
713008,0,NUT,,,,,,,,,1.25
714024,0,Knob,,,,,,,,,1.25
720000,0,CUSHION PISTON,,,,,,,,,1.25
720001,0,CUSHION PISTON,,,,,,,,,1.25
720003,0,CUSHION PISTON,,,,,,,,,1.25
720004,0,CUSHION PISTON,,,,,,,,,1.25
720005,0,CUSHION PISTON A12160,,,,,,,,,1.25
720009,0,CLAMP,,,,,,,,,1.25
720013,0,SPACER,,,,,,,,,1.25
720016,0,Spacer,,,,,,,,,1.25
720023,0,Clamp,,,,,,,,,1.25
720031,0,"Spacer (A02,A03040)",,,,,,,,,1.25
720039,0,Cushion piston,,,,,,,,,1.25
720050,0,PISTON ROD (Dia 40 x 50),,,,,,,,,1.25
720070,0,PISTON ROD,,,,,,,,,1.25
720100,0,PISTON ROD,,,,,,,,,1.25
720125,0,PISTON ROD (Dia 40 x 125),,,,,,,,,1.25
720160,0,PISTON ROD,,,,,,,,,1.25
720180,0,PISTON ROD,,,,,,,,,1.25
720200,0,PISTON ROD,,,,,,,,,1.25
720500,0,PISTON ROD (Dia 40 x 500),,,,,,,,,1.25
720800,0,Piston rod,,,,,,,,,1.25
722001,0,"Actuator-1/4,3/8,1/2,3/4,1",,,,,,,,,1.25
722004,0,"BONNET(1/4R,FRC)",,,,,,,,,1.25
722005,0,"Knob-1/4 R,FRC",,,,,,,,,1.25
722026,0,"Guide Ring-1/2 FRLM,FRCLM",,,,,,,,,1.25
722036,0,HOSE CONNECTOR NA100,,,,,,,,,1.25
722040,0,GLAND CLIP,,,,,,,,,1.25
724003,0,PISTON D S VALVE 1/4,,,,,,,,,1.25
724004,0,END COVER D S VALVE 1/4,,,,,,,,,1.25
724024,0,SEAT BUSH,,,,,,,,,1.25
724025,0,BOTTOM PLUG(NC),,,,,,,,,1.25
724091,0,Knob,,,,,,,,,1.25
724092,0,Knob,,,,,,,,,1.25
744000,0,Protection cap,,,,,,,,,1.25
752004,0,BOWL FILTER 1/2,,,,,,,,,1.25
752006,0,Bowl filter-1/2,,,,,,,,,1.25
762005,0,SUCTION TUBE-1/4 L,,,,,,,,,1.25
762006,0,SUCTION TUBE-3/8 L,,,,,,,,,1.25
762007,0,SUCTION TUBE 1/2L,,,,,,,,,1.25
762010,0,Shield-3/8 F,,,,,,,,,1.25
770053,0,Spacer (A16160),,,,,,,,,1.25
772000,0,Jet Deflector-1/4 L,,,,,,,,,1.25
772001,0,"VALVE SEAT 1/4,3/8,1/2L",,,,,,,,,1.25
772002,0,JET DEFLECTOR,,,,,,,,,1.25
772003,0,JET DEFLECTOR 1/2L,,,,,,,,,1.25
782001,0,"Separator-3/8 F,FRC",,,,,,,,,1.25
782002,0,"Separator-1/2 F,FRC",,,,,,,,,1.25
810000,0,CLAMP PN-S12 (12MM BORE),,,,,,,,,1.25
810001,0,CLAMP PN-S16 (16MM BORE),,,,,,,,,1.25
810002,0,CLAMP PN-S20 (20MM BORE),,,,,,,,,1.25
810003,0,CLAMP PN-S25 (25mm BORE MTG BAND FO,,,,,,,,,1.25
820002,0,Socket Head Cap Screw M6x20,,,,,,,,,1.25
820005,0,Socket Head Cap Screw M10x30,,,,,,,,,1.25
820006,0,Socket Head Cap Screw M8x20,,,,,,,,,1.25
822005,0,Socket Low Head Cap Screw M10x23 Zinc blue,,,,,,,,,1.25
826001,0,Socket Button Head Cap Screw M8X16,,,,,,,,,1.25
827503,0,Combination Head Screw M5x16,,,,,,,,,1.25
827505,0,Combination Head Screw M4x12,,,,,,,,,1.25
827513,0,Combination Head Screw M6x16,,,,,,,,,1.25
827528,0,Combination Head Screw M3x30,,,,,,,,,1.25
830012,0,Nut M8,,,,,,,,,1.25
832000,0,Lock Nut  M10x1.25,,,,,,,,,1.25
832001,0,Lock Nut  M12x1.25,,,,,,,,,1.25
832002,0,Lock Nut  M16x1.5,,,,,,,,,1.25
832004,0,Lock Nut  M22x1.5,,,,,,,,,1.25
832005,0,Lock Nut  M20x1.5,,,,,,,,,1.25
832006,0,Lock Nut M8,,,,,,,,,1.25
832007,0,Lock Nut M6,,,,,,,,,1.25
832008,0,Lock Nut,,,,,,,,,1.25
832023,0,Lock Nut  M27x2,,,,,,,,,1.25
832024,0,Lock Nut,,,,,,,,,1.25
832028,0,Nut,,,,,,,,,1.25
834002,0,Nyloc Nut  M12,,,,,,,,,1.25
834007,0,Nyloc Nut  M16,,,,,,,,,1.25
838019,0,WASHER 1/2 R,,,,,,,,,1.25
838025,0,Sealing washer G1/4,,,,,,,,,1.25
838040,0,SEALING WASHER:1/8,,,,,,,,,1.25
838079,0,WASHER(1 R),,,,,,,,,1.25
840004,0,Circlip-Light B (INT) Dia 37,,,,,,,,,1.25
840015,0,Circlip-Light B (INT) Dia 52,,,,,,,,,1.25
842001,0,Circlip-Light A (EXT) Dia 12,,,,,,,,,1.25
842002,0,Circlip-Light A (EXT) Dia 16,,,,,,,,,1.25
849910,0,Ball Dia 4,,,,,,,,,1.25
865062,0,"Packing box 105 x 180 x 63 (Brown, Natural Top 250 GSM/28 bf paper, Inner 120 GSM/16 bf - Narrow/e flute - 3ply)",,,,,,,,,1.25
880007,0,MAGNET (Dia 32),,,,,,,,,1.25
880008,0,MAGNET (Dia 40),,,,,,,,,1.25
880009,0,MAGNET (Dia 50),,,,,,,,,1.25
880010,0,Magnet (Dia 63),,,,,,,,,1.25
880011,0,Magnet (Dia 80),,,,,,,,,1.25
880012,0,MAGNET (Dia 100),,,,,,,,,1.25
880015,0,MAGNET 12 X 19.5 X 5,,,,,,,,,1.25
880016,0,MAGNET 13 X 24.5 X 5,,,,,,,,,1.25
880058,0,MAGNET DIA 125,,,,,,,,,1.25
880059,0,MAGNET DIA 160,,,,,,,,,1.25
880060,0,MAGNET (DIA 200),,,,,,,,,1.25
890001,0,Coalescing Filter element-1/2 (0.01Mic),,,,,,,,,1.25
890002,0,Coalescing Filter element-1/2 (0.1Mic),,,,,,,,,1.25
890003,0,Coalescing filter element-1/4 (0.01Mic),,,,,,,,,1.25
890004,0,Coalescing filter element-1/4 (0.1Mic),,,,,,,,,1.25
890009,0,NIPPLE (R1/4M X M12X1 F),,,,,,,,,1.25
890011,0,Glass-(Pr.Gauge),,,,,,,,,1.25
1670400,0,Piston rod A16125400,,,,,,,,,1.25
1670500,0,Piston rod A16125500,,,,,,,,,1.25
1670750,0,Piston rod,,,,,,,,,1.25
1670825,0,Piston rod A16125825,,,,,,,,,1.25
1680200,0,Piston rod A16160200,,,,,,,,,1.25
1690500,0,Piston rod,,,,,,,,,1.25
2010025,0,PISTON ROD,,,,,,,,,1.25
2010040,0,PISTON ROD (DIA 32 x 40),,,,,,,,,1.25
2010160,0,PISTON ROD,,,,,,,,,1.25
2010225,0,PISTON ROD A12032,,,,,,,,,1.25
2010450,0,PISTON ROD,,,,,,,,,1.25
2030050,0,PISTON ROD (Dia 50 x 50),,,,,,,,,1.25
2030080,0,PISTON ROD,,,,,,,,,1.25
2030100,0,Piston rod,,,,,,,,,1.25
2030140,0,PISTON ROD A12050,,,,,,,,,1.25
2030160,0,PISTON ROD,,,,,,,,,1.25
2030200,0,PISTON ROD,,,,,,,,,1.25
2030250,0,PISTON ROD,,,,,,,,,1.25
2030500,0,PISTON ROD,,,,,,,,,1.25
2030630,0,Piston rod,,,,,,,,,1.25
2031000,0,PISTON ROD,,,,,,,,,1.25
2040040,0,PISTON ROD (A13063040),,,,,,,,,1.25
2040050,0,PISTON ROD,,,,,,,,,1.25
2040080,0,PISTON ROD (Dia 63 x 80),,,,,,,,,1.25
2040100,0,PISTON ROD,,,,,,,,,1.25
2040125,0,PISTON ROD (Dia 63 x 125),,,,,,,,,1.25
2040150,0,PISTON ROD,,,,,,,,,1.25
2040152,0,Piston rod,,,,,,,,,1.25
2040160,0,Piston rod,,,,,,,,,1.25
2040200,0,PISTON ROD (Dia 63 x 200),,,,,,,,,1.25
2040250,0,PISTON ROD,,,,,,,,,1.25
2040300,0,PISTON ROD,,,,,,,,,1.25
2040400,0,PISTON ROD (A12063400),,,,,,,,,1.25
2040450,0,PISTON ROD (Dia 63 x 450),,,,,,,,,1.25
2040500,0,PISTON ROD,,,,,,,,,1.25
2040550,0,PISTON ROD (Dia 63 x 550),,,,,,,,,1.25
2050050,0,PISTON ROD,,,,,,,,,1.25
2050080,0,PISTON ROD,,,,,,,,,1.25
2050100,0,PISTON ROD (Dia 80 x 100),,,,,,,,,1.25
2050150,0,PISTON ROD,,,,,,,,,1.25
2050250,0,PISTON ROD (Dia 80 x 250),,,,,,,,,1.25
2050300,0,PISTON ROD,,,,,,,,,1.25
2050500,0,PISTON ROD,,,,,,,,,1.25
2050750,0,PISTON ROD A12080,,,,,,,,,1.25
2051500,0,PISTON ROD,,,,,,,,,1.25
2060050,0,PISTON ROD (Dia 100 x 50),,,,,,,,,1.25
2060080,0,PISTON ROD,,,,,,,,,1.25
2060100,0,Piston rod (A12100100),,,,,,,,,1.25
2060125,0,Piston rod (A12100125),,,,,,,,,1.25
2060250,0,PISTON ROD,,,,,,,,,1.25
2060300,0,Piston rod (A12100300),,,,,,,,,1.25
2060350,0,PISTON ROD,,,,,,,,,1.25
2060420,0,PISTON ROD,,,,,,,,,1.25
2060500,0,PISTON ROD,,,,,,,,,1.25
2060600,0,PISTON ROD,,,,,,,,,1.25
2060800,0,PISTON ROD,,,,,,,,,1.25
2070320,0,Piston rod (A12125320),,,,,,,,,1.25
2080300,0,PISTON ROD (Dia 160 x 300),,,,,,,,,1.25
2091800,0,Piston rod,,,,,,,,,1.25
2130200,0,PISTON ROD-A,,,,,,,,,1.25
6310025,0,PISTON ROD,,,,,,,,,1.25
6310030,0,PISTON ROD,,,,,,,,,1.25
6310040,0,PISTON ROD,,,,,,,,,1.25
6340080,0,PISTON ROD,,,,,,,,,1.25
6360015,0,PISTON ROD,,,,,,,,,1.25
6360080,0,PISTON ROD,,,,,,,,,1.25
6410010,0,Piston rod,,,,,,,,,1.25
6410015,0,PISTON ROD,,,,,,,,,1.25
6410020,0,PISTON ROD,,,,,,,,,1.25
6410025,0,PISTON ROD (C5331),,,,,,,,,1.25
6410030,0,Piston rod,,,,,,,,,1.25
6410040,0,PISTON ROD,,,,,,,,,1.25
6410050,0,PISTON ROD,,,,,,,,,1.25
6410100,0,PISTON ROD,,,,,,,,,1.25
6440010,0,Piston rod,,,,,,,,,1.25
6440025,0,PISTON ROD,,,,,,,,,1.25
6440040,0,PISTON ROD,,,,,,,,,1.25
6440070,0,PISTON ROD,,,,,,,,,1.25
6440100,0,Piston rod,,,,,,,,,1.25
6450015,0,PISTON ROD,,,,,,,,,1.25
6450025,0,PISTON ROD,,,,,,,,,1.25
6450040,0,Piston rod,,,,,,,,,1.25
6450080,0,PISTON ROD,,,,,,,,,1.25
6460080,0,PISTON ROD,,,,,,,,,1.25
101680250,0,Piston rod,,,,,,,,,1.25
101680340,0,Piston rod,,,,,,,,,1.25
102010450,0,PISTON ROD,,,,,,,,,1.25
102030160,0,PISTON ROD,,,,,,,,,1.25
102040050,0,PISTON ROD,,,,,,,,,1.25
102040125,0,PISTON ROD,,,,,,,,,1.25
102040450,0,Piston rod,,,,,,,,,1.25
102051500,0,Piston rod,,,,,,,,,1.25
106400040,0,Piston rod (A63025) Male thread,,,,,,,,,1.25
302010050,0,Piston rod,,,,,,,,,1.25
302010060,0,"Piston rod (A10032000-J,A10032000L)",,,,,,,,,1.25
302010125,0,Piston rod,,,,,,,,,1.25
302010160,0,Piston rod,,,,,,,,,1.25
302010200,0,Piston rod,,,,,,,,,1.25
302010250,0,Piston rod,,,,,,,,,1.25
302010300,0,Piston rod,,,,,,,,,1.25
302010450,0,Piston rod,,,,,,,,,1.25
302020050,0,Piston rod,,,,,,,,,1.25
302020080,0,Piston rod,,,,,,,,,1.25
302020100,0,Piston rod,,,,,,,,,1.25
302020125,0,Piston rod,,,,,,,,,1.25
302020160,0,Piston rod,,,,,,,,,1.25
302020200,0,Piston rod,,,,,,,,,1.25
302020250,0,Piston rod,,,,,,,,,1.25
302020400,0,Piston rod,,,,,,,,,1.25
302020500,0,Piston rod,,,,,,,,,1.25
302020600,0,Piston rod,,,,,,,,,1.25
302020750,0,Piston rod,,,,,,,,,1.25
302030400,0,Piston rod,,,,,,,,,1.25
302030600,0,Piston rod (Dia50),,,,,,,,,1.25
302040500,0,Piston rod (Dia63),,,,,,,,,1.25
302050160,0,Piston rod,,,,,,,,,1.25
302050500,0,Piston rod,,,,,,,,,1.25
302060100,0,Piston rod,,,,,,,,,1.25
302060175,0,Piston rod (Dia 100),,,,,,,,,1.25
302060400,0,Piston rod (Dia 100),,,,,,,,,1.25
302060600,0,Piston rod (Dia 100),,,,,,,,,1.25
302070320,0,"Piston rod (A12125320-J,-L)",,,,,,,,,1.25
302110080,0,"Piston rod-A A10032080-J,-L",,,,,,,,,1.25
1202010125,0,CYLINDER BARREL,,,,,,,,,1.25
1202010200,0,CYLINDER BARREL,,,,,,,,,1.25
1202020080,0,CYLINDER BARREL,,,,,,,,,1.25
1202020100,0,CYLINDER BARREL (A12040100),,,,,,,,,1.25
1202021400,0,CYLINDER BARREL A12040,,,,,,,,,1.25
1202030040,0,CYLINDER BARREL,,,,,,,,,1.25
1202030050,0,CYLINDER BARREL,,,,,,,,,1.25
1202030080,0,CYLINDER BARREL,,,,,,,,,1.25
1202030125,0,CYLINDER BARREL,,,,,,,,,1.25
1202030160,0,CYLINDER BARREL,,,,,,,,,1.25
1202030300,0,CYLINDER BARREL,,,,,,,,,1.25
1202030310,0,Cylinder barrel,,,,,,,,,1.25
1202030500,0,CYLINDER BARREL,,,,,,,,,1.25
1202030600,0,Cylinder barrel (A12050600),,,,,,,,,1.25
1202040050,0,CYLINDER BARREL,,,,,,,,,1.25
1202040200,0,CYLINDER BARREL,,,,,,,,,1.25
1202040250,0,CYLINDER BARREL,,,,,,,,,1.25
1202040300,0,CYLINDER BARREL (Dia 63 x 300),,,,,,,,,1.25
1202040350,0,CYLINDER BARREL,,,,,,,,,1.25
1202040500,0,CYLINDER BARREL,,,,,,,,,1.25
1202040600,0,CYLINDER BARREL,,,,,,,,,1.25
1202040800,0,CYLINDER BARREL,,,,,,,,,1.25
1202041000,0,CYLINDER BARREL,,,,,,,,,1.25
1202050080,0,CYLINDER BARREL,,,,,,,,,1.25
1202050100,0,CYLINDER BARREL (A12080100),,,,,,,,,1.25
1202050250,0,Cylinder barrel,,,,,,,,,1.25
1202051000,0,Cylinder barrel,,,,,,,,,1.25
1202051500,0,CYLINDER BARREL A12080,,,,,,,,,1.25
1202052500,0,Cylinder barrel (A120802500),,,,,,,,,1.25
1202060050,0,CYLINDER BARREL,,,,,,,,,1.25
1202060100,0,CYLINDER BARREL,,,,,,,,,1.25
1202060125,0,CYLINDER BARREL,,,,,,,,,1.25
1202060145,0,CYLINDER BARREL,,,,,,,,,1.25
1202060200,0,CYLINDER BARREL,,,,,,,,,1.25
1202060250,0,CYLINDER BARREL (DIA 100 x 250),,,,,,,,,1.25
1202060450,0,Cylinder barrel,,,,,,,,,1.25
1202060750,0,CYLINDER BARREL,,,,,,,,,1.25
1202070400,0,CYLINDER BARREL,,,,,,,,,1.25
1202080125,0,CYLINDER BARREL,,,,,,,,,1.25
1202080500,0,Cylinder barrel (A12160500),,,,,,,,,1.25
1202090080,0,CYLINDER BARREL,,,,,,,,,1.25
1202530200,0,Cylinder barrel,,,,,,,,,1.25
1202530400,0,Cylinder barrel,,,,,,,,,1.25
1202541000,0,Cylinder barrel (A27063),,,,,,,,,1.25
1202550050,0,Cylinder barrel,,,,,,,,,1.25
1202550160,0,Cylinder barrel,,,,,,,,,1.25
1202550175,0,Cylinder barrel,,,,,,,,,1.25
1202550375,0,Cylinder barrel,,,,,,,,,1.25
1202550400,0,Cylinder barrel,,,,,,,,,1.25
1202550450,0,Cylinder barrel,,,,,,,,,1.25
1202550600,0,Cylinder barrel,,,,,,,,,1.25
1202550800,0,Cylinder barrel,,,,,,,,,1.25
1202551200,0,Cylinder barrel,,,,,,,,,1.25
1202560100,0,Cylinder barrel,,,,,,,,,1.25
1202560125,0,Cylinder barrel,,,,,,,,,1.25
1202560160,0,Cylinder barrel,,,,,,,,,1.25
1202560200,0,Cylinder barrel,,,,,,,,,1.25
1202560250,0,Cylinder barrel (A27100),,,,,,,,,1.25
1202560400,0,Cylinder barrel,,,,,,,,,1.25
1202560750,0,Cylinder barrel (A27100),,,,,,,,,1.25
1202560775,0,Cylinder barrel,,,,,,,,,1.25
1210410050,0,CYLINDER BARREL,,,,,,,,,1.25
1210430080,0,CYLINDER BARREL,,,,,,,,,1.25
1210430602,0,Cylinder barrel,,,,,,,,,1.25
1210440250,0,Cylinder barrel,,,,,,,,,1.25
1210440300,0,CYLINDER BARREL,,,,,,,,,1.25
2002020160,0,TIE ROD,,,,,,,,,1.25
2002020400,0,TIE ROD,,,,,,,,,1.25
2002030100,0,TIE ROD (Dia 50 x 100),,,,,,,,,1.25
2002030160,0,TIE ROD,,,,,,,,,1.25
2002030200,0,TIE ROD,,,,,,,,,1.25
2002050160,0,TIE ROD,,,,,,,,,1.25
2002060080,0,TIE ROD,,,,,,,,,1.25
2002060100,0,TIE ROD (A12100100),,,,,,,,,1.25
2002070200,0,Tie rod (Dia 125 x 200),,,,,,,,,1.25
2012040100,0,TIE ROD,,,,,,,,,1.25
2102040050,0,Tie rod,,,,,,,,,1.25
02A18,0,Washer,,,,,,,,,1.25
119/002,0,INLET NRV ASSY,,,,,,,,,1.25
260003/S,0,Bottom Spring,,,,,,,,,1.25
260009/S,0,Bottom Spring-1/2 FRC,,,,,,,,,1.25
42069/M,0,Manifold (5 VALVES)-E24 Series,,,,,,,,,1.25
42070/M,0,Manifold (2 Valves)-E24 Series,,,,,,,,,1.25
42080/M,0,Manifold (One Valve)-E24 Series,,,,,,,,,1.25
504/005,0,Fork assy,,,,,,,,,1.25
600/002,0,Front end cover assy,,,,,,,,,1.25
601/003,0,Rear End Cover Assy,,,,,,,,,1.25
650011/S,0,O Ring Dia 15.1 x Dia 1.6,,,,,,,,,1.25
650014/S,0,"Oring(1/2FRCLM,FRLM)",,,,,,,,,1.25
65401/S,0,O Ring (Dia 5.28 x 1),,,,,,,,,1.25
65419/S,0,O Ring,,,,,,,,,1.25
722005/S,0,"Knob-1/4 R,FRC",,,,,,,,,1.25
722012/S,0,"Knob-3/8 R,FRC",,,,,,,,,1.25
722017/S,0,"Knob-1/2 R,FRC",,,,,,,,,1.25
752002/S,0,Bowl Filter-1/4 (A2D01),,,,,,,,,1.25
752003/S,0,Bowl Filter-3/8(A2D02),,,,,,,,,1.25
880006/S,0,Reed switch,,,,,,,,,1.25
A01R101210LB,0,Rotary clamp cylinder Anti clock wise Dia12 x 10 Basic,,,,,,,,,1.25
A01R101220LB,0,Rotary clamp cylinder Anti clock wise Dia12 x 20 Basic,,,,,,,,,1.25
A01R101610LB,0,Rotary clamp cylinder Anti clock wise Dia16 x 10 Basic,,,,,,,,,1.25
A01R101610RB,0,Rotary clamp cylinder Clock wise Dia16 x 10 Basic,,,,,,,,,
A01R101620LB,0,Rotary clamp cylinder Anti clock wise Dia16 x 20 Basic,,,,,,,,,
A01R102010LB,0,Rotary clamp cylinder Anti clock wise Dia20 x 10 Basic,,,,,,,,,
A01R102010RB,0,Rotary clamp cylinder Clock wise Dia20 x 10 Basic,,,,,,,,,
A01R102020LB,0,Rotary clamp cylinder Anti clock wise Dia20 x 20 Basic,,,,,,,,,
A01R102020RB,0,Rotary clamp cylinder Clock wise Dia20 x 20 Basic,,,,,,,,,
A01R102510LB,0,Rotary clamp cylinder Anti clock wise Dia25 x 10 Basic,,,,,,,,,
A01R102510RB,0,Rotary clamp cylinder Clock wise Dia25 x 10 Basic,,,,,,,,,
A01R102520LB,0,Rotary clamp cylinder Anti clock wise Dia25 x 20 Basic,,,,,,,,,
A01R102520RB,0,Rotary clamp cylinder Clock wise Dia25 x 20 Basic,,,,,,,,,
A01R103220LB,0,Rotary clamp cylinder Anti clock wise Dia32 x 20 Basic,,,,,,,,,
A01R103220RB,0,Rotary clamp cylinder Clock wise Dia32 x 20 Basic,,,,,,,,,
A01R104020LB,0,Rotary clamp cylinder Anti clock wise Dia40 x 20 Basic,,,,,,,,,
A01R104020RB,0,Rotary clamp cylinder Clock wise Dia40 x 20 Basic,,,,,,,,,
A01R105020LB,0,Rotary clamp cylinder Anti clock wise Dia50 x 20 Basic,,,,,,,,,
A01R105020RB,0,Rotary clamp cylinder Clock wise Dia50 x 20 Basic,,,,,,,,,
A01R105050LB,0,Rotary clamp cylinder Anti clock wise Dia50 x 50 Basic,,,,,,,,,
A01R105050RB,0,Rotary clamp cylinder Clock wise Dia50 x 50 Basic,,,,,,,,,
A01R106320LB,0,Rotary clamp cylinder Anti clock wise Dia63 x 20 Basic,,,,,,,,,
A01R106320RB,0,Rotary clamp cylinder Clock wise Dia63 x 20 Basic,,,,,,,,,
A01R106350LB,0,Rotary clamp cylinder Anti clock wise Dia63 x 50 Basic,,,,,,,,,
A01R106350RB,0,Rotary clamp cylinder Clock wise Dia63 x 50 Basic,,,,,,,,,
A01R204020RF,0,Rotary Clamp Cylinder Dia 40 x 20 (CW) With Rear Flange,,,,,,,,,
A02012005O,0,DA 12 x 5 Compact Cyl. Basic,,,,,,,,,
A02012005O-M,0,DA 12 x 5 Compact Cyl. Basic,,,,,,,,,
A02012010O,0,DA 12 x 10 Compact Cyl. Basic,,,,,,,,,
A02012010O-M,0,DA 12 x 10 Compact Cyl. Basic,,,,,,,,,
A02012012O,0,DA 12 x 12 Compact Cyl. Basic,,,,,,,,,
A02012015O,0,DA 12 x 15 Compact Cyl. Basic,,,,,,,,,
A02012015O-M,0,DA 12 x 15 Compact Cyl. Basic,,,,,,,,,
A02012020O,0,DA 12 x 20 Compact Cyl. Basic,,,,,,,,,
A02012020O-M,0,DA 12 x 20 Compact Cyl. Basic,,,,,,,,,
A02012025O,0,DA 12 x 25 Compact Cyl. Basic,,,,,,,,,
A02012025O-M,0,DA 12 x 25 Compact Cyl. Basic,,,,,,,,,
A02012030O,0,DA 12 x 30 Compact Cyl. Basic,,,,,,,,,
A02012030O-M,0,DA 12 x 30 Compact Cyl. Basic,,,,,,,,,
A02012033O,0,DA 12 x 33 Compact Cyl. Basic,,,,,,,,,
A02012035O,0,DA 12 x 35 Compact Cyl. Basic,,,,,,,,,
A02012035O-M,0,DA 12 x 35 Compact Cyl. Basic,,,,,,,,,
A02012040O,0,DA 12 x 40 Compact Cyl. Basic,,,,,,,,,
A02012040O-M,0,DA 12 x 40 Compact Cyl. Basic,,,,,,,,,
A02012050O,0,DA 12 x 50 Compact Cyl. Basic,,,,,,,,,
A02012060O,0,DA 12 x 60 Compact Cyl. Basic,,,,,,,,,
A02016005O,0,DA 16 x 5 Compact Cyl. Basic,,,,,,,,,
A02016005O-M,0,DA 16 x 5 Compact Cyl. Basic,,,,,,,,,
A02016010O,0,DA 16 x 10 Compact Cyl. Basic,,,,,,,,,
A02016010O-M,0,DA 16 x 10 Compact Cyl. Basic,,,,,,,,,
A02016015O,0,DA 16 x 15 Compact Cyl. Basic,,,,,,,,,
A02016015O-M,0,DA 16 x 15 Compact Cyl. Basic,,,,,,,,,
A02016020O,0,DA 16 x 20 Compact Cyl. Basic,,,,,,,,,
A02016020O-M,0,DA 16 x 20 Compact Cyl. Basic,,,,,,,,,
A02016025O,0,DA 16 x 25 Compact Cyl. Basic,,,,,,,,,
A02016025O-M,0,DA 16 x 25 Compact Cyl. Basic,,,,,,,,,
A02016030O,0,DA 16 x 30 Compact Cyl. Basic,,,,,,,,,
A02016030O-M,0,DA 16 x 30 Compact Cyl. Basic,,,,,,,,,
A02016035O,0,DA 16 x 35 Compact Cyl. Basic,,,,,,,,,
A02016040O,0,DA 16 x 40 Compact Cyl. Basic,,,,,,,,,
A02016040O-M,0,DA 16 x 40 Compact Cyl. Basic,,,,,,,,,
A02016050O-M,0,DA 16 x 50 Compact Cyl. Basic,,,,,,,,,
A02016065O-M,0,DA 16 x 65 Compact Cyl. Basic,,,,,,,,,
A02020005O,0,DA 20 x 5 Compact Cyl. Basic,,,,,,,,,
A02020005O-M,0,DA 20 x 5 Compact Cyl. Basic,,,,,,,,,
A02020006O,0,DA 20 x 6 Compact Cyl. Basic,,,,,,,,,
A02020008O,0,DA 20 x 8 Compact Cyl. Basic,,,,,,,,,
A02020010O,0,DA 20 x 10 Compact Cyl. Basic,,,,,,,,,
A02020010O-M,0,DA 20 x 10 Compact Cyl. Basic,,,,,,,,,
A02020015O,0,DA 20 x 15 Compact Cyl. Basic,,,,,,,,,
A02020015O-M,0,DA 20 x 15 Compact Cyl. Basic,,,,,,,,,
A02020016O,0,DA 20 x 16 Compact Cyl. Basic,,,,,,,,,
A02020020O,0,DA 20 x 20 Compact Cyl. Basic,,,,,,,,,
A02020020O-M,0,DA 20 x 20 Compact Cyl. Basic,,,,,,,,,
A02020025O,0,DA 20 x 25 Compact Cyl. Basic,,,,,,,,,
A02020025O-M,0,DA 20 x 25 Compact Cyl. Basic,,,,,,,,,
A02020030O,0,DA 20 x 30 Compact Cyl. Basic,,,,,,,,,
A02020030O-M,0,DA 20 x 30 Compact Cyl. Basic,,,,,,,,,
A02020035O,0,DA 20 x 35 Compact Cyl. Basic,,,,,,,,,
A02020035O-M,0,DA 20 x 35 Compact Cyl. Basic,,,,,,,,,
A02020040O,0,DA 20 x 40 Compact Cyl. Basic,,,,,,,,,
A02020040O-M,0,DA 20 x 40 Compact Cyl. Basic,,,,,,,,,
A02020045O,0,DA 20 x 45 Compact Cyl. Basic,,,,,,,,,
A02020045O-M,0,DA 20 x 45 Compact Cyl. Basic,,,,,,,,,
A02020050O,0,DA 20 x 50 Compact Cyl. Basic,,,,,,,,,
A02020050O-M,0,DA 20 x 50 Compact Cyl. Basic,,,,,,,,,
A02020060O,0,DA 20 x 60 Compact Cyl. Basic,,,,,,,,,
A02020060O-M,0,DA 20 x 60 Compact Cyl. Basic,,,,,,,,,
A02025005O,0,DA 25 x 5 Compact Cyl. Basic,,,,,,,,,
A02025005O-M,0,DA 25 x 5 Compact Cyl. Basic,,,,,,,,,
A02025010O,0,DA 25 x 10 Compact Cyl. Basic,,,,,,,,,
A02025010O-M,0,DA 25 x 10 Compact Cyl. Basic,,,,,,,,,
A02025015O,0,DA 25 x 15 Compact Cyl. Basic,,,,,,,,,
A02025015O-M,0,DA 25 x 15 Compact Cyl. Basic,,,,,,,,,
A02025020O,0,DA 25 x 20 Compact Cyl. Basic,,,,,,,,,
A02025020O-M,0,DA 25 x 20 Compact Cyl. Basic,,,,,,,,,
A02025025O,0,DA 25 x 25 Compact Cyl. Basic,,,,,,,,,
A02025025O-M,0,DA 25 x 25 Compact Cyl. Basic,,,,,,,,,
A02025030O,0,DA 25 x 30 Compact Cyl. Basic,,,,,,,,,
A02025030O-M,0,DA 25 x 30 Compact Cyl. Basic,,,,,,,,,
A02025035O,0,DA 25 x 35 Compact Cyl. Basic,,,,,,,,,
A02025035O-M,0,DA 25 x 35 Compact Cyl. Basic,,,,,,,,,
A02025040O,0,DA 25 x 40 Compact Cyl. Basic,,,,,,,,,
A02025040O-M,0,DA 25 x 40 Compact Cyl. Basic,,,,,,,,,
A02025045O-M,0,DA 25 x 45 Compact Cyl. Basic,,,,,,,,,
A02025050O,0,DA 25 x 50 Compact Cyl. Basic,,,,,,,,,
A02025050O-M,0,DA 25 x 50 Compact Cyl. Basic,,,,,,,,,
A02025060O,0,DA 25 x 60 Compact Cyl. Basic,,,,,,,,,
A02025060O-M,0,DA 25 x 60 Compact Cyl. Basic,,,,,,,,,
A02025080O,0,DA 25 x 80 Compact Cyl. Basic,,,,,,,,,
A02025080O-M,0,DA 25 x 80 Compact Cyl. Basic,,,,,,,,,
A02025100O,0,DA 25 x 100 Compact Cyl. Basic,,,,,,,,,
A02032005O,0,DA 32 x 5 Compact Cyl. Basic,,,,,,,,,
A02032005O-M,0,DA 32 x 5 Compact Cyl. Basic,,,,,,,,,
A02032010O,0,DA 32 x 10 Compact Cyl. Basic,,,,,,,,,
A02032010O-M,0,DA 32 x 10 Compact Cyl. Basic,,,,,,,,,
A02032015O,0,DA 32 x 15 Compact Cyl. Basic,,,,,,,,,
A02032015O-M,0,DA 32 x 15 Compact Cyl. Basic,,,,,,,,,
A02032020O,0,DA 32 x 20 Compact Cyl. Basic,,,,,,,,,
A02032020O-M,0,DA 32 x 20 Compact Cyl. Basic,,,,,,,,,
A02032025O,0,DA 32 x 25 Compact Cyl. Basic,,,,,,,,,
A02032025O-M,0,DA 32 x 25 Compact Cyl. Basic,,,,,,,,,
A02032030O,0,DA 32 x 30 Compact Cyl. Basic,,,,,,,,,
A02032030O-M,0,DA 32 x 30 Compact Cyl. Basic,,,,,,,,,
A02032040O,0,DA 32 x 40 Compact Cyl. Basic,,,,,,,,,
A02032040O-M,0,DA 32 x 40 Compact Cyl. Basic,,,,,,,,,
A02032050O,0,DA 32 x 50 Compact Cyl. Basic,,,,,,,,,
A02032050O-M,0,DA 32 x 50 Compact Cyl. Basic,,,,,,,,,
A02032060O,0,DA 32 x 60 Compact Cyl. Basic,,,,,,,,,
A02032060O-M,0,DA 32 x 60 Compact Cyl. Basic,,,,,,,,,
A02032065O,0,DA 32 x 65 Compact Cyl. Basic,,,,,,,,,
A02032070O,0,DA 32 x 70 Compact Cyl. Basic,,,,,,,,,
A02032070O-M,0,DA 32 x 70 Compact Cyl. Basic,,,,,,,,,
A02032080O,0,DA 32 x 80 Compact Cyl. Basic,,,,,,,,,
A02032080O-M,0,DA 32 x 80 Compact Cyl. Basic,,,,,,,,,
A02032090O,0,DA 32 x 90 Compact Cyl. Basic,,,,,,,,,
A02032100O,0,DA 32 x 100 Compact Cyl. Basic,,,,,,,,,
A02040005O,0,DA 40 x 5 Compact Cyl. Basic,,,,,,,,,
A02040005O-M,0,DA 40 x 5 Compact Cyl. Basic,,,,,,,,,
A02040010O,0,DA 40 x 10 Compact Cyl. Basic,,,,,,,,,
A02040010O-M,0,DA 40 x 10 Compact Cyl. Basic,,,,,,,,,
A02040015O,0,DA 40 x 15 Compact Cyl. Basic,,,,,,,,,
A02040015O-M,0,DA 40 x 15 Compact Cyl. Basic,,,,,,,,,
A02040020O,0,DA 40 x 20 Compact Cyl. Basic,,,,,,,,,
A02040020O-M,0,DA 40 x 20 Compact Cyl. Basic,,,,,,,,,
A02040025O,0,DA 40 x 25 Compact Cyl. Basic,,,,,,,,,
A02040025O-M,0,DA 40 x 25 Compact Cyl. Basic,,,,,,,,,
A02040030O,0,DA 40 x 30 Compact Cyl. Basic,,,,,,,,,
A02040030O-M,0,DA 40 x 30 Compact Cyl. Basic,,,,,,,,,
A02040035O,0,DA 40 x 35 Compact Cyl. Basic,,,,,,,,,
A02040036O,0,DA 40 x 36 Compact Cyl. Basic,,,,,,,,,
A02040040O,0,DA 40 x 40 Compact Cyl. Basic,,,,,,,,,
A02040040O-M,0,DA 40 x 40 Compact Cyl. Basic,,,,,,,,,
A02040045O-M,0,DA 40 x 45 Compact Cyl. Basic,,,,,,,,,
A02040050O,0,DA 40 x 50 Compact Cyl. Basic,,,,,,,,,
A02040050O-M,0,DA 40 x 50 Compact Cyl. Basic,,,,,,,,,
A02040060O,0,DA 40 x 60 Compact Cyl. Basic,,,,,,,,,
A02040060O-M,0,DA 40 x 60 Compact Cyl. Basic,,,,,,,,,
A02040070O,0,DA 40 x 70 Compact Cyl. Basic,,,,,,,,,
A02040070O-M,0,DA 40 x 70 Compact Cyl. Basic,,,,,,,,,
A02040075O,0,DA 40 x 75 Compact Cyl. Basic,,,,,,,,,
A02040080O,0,DA 40 x 80 Compact Cyl. Basic,,,,,,,,,
A02040080O-M,0,DA 40 x 80 Compact Cyl. Basic,,,,,,,,,
A02040100O,0,DA 40 x 100 Compact Cyl. Basic,,,,,,,,,
A02040100O-M,0,DA 40 x 100 Compact Cyl. Basic,,,,,,,,,
A02050005O,0,DA 50 x 5 Compact Cyl. Basic,,,,,,,,,
A02050005O-M,0,DA 50 x 5 Compact Cyl. Basic,,,,,,,,,
A02050010O,0,DA 50 x 10 Compact Cyl. Basic,,,,,,,,,
A02050010O-M,0,DA 50 x 10 Compact Cyl. Basic,,,,,,,,,
A02050015O,0,DA 50 x 15 Compact Cyl. Basic,,,,,,,,,
A02050015O-M,0,DA 50 x 15 Compact Cyl. Basic,,,,,,,,,
A02050020O,0,DA 50 x 20 Compact Cyl. Basic,,,,,,,,,
A02050020O-M,0,DA 50 x 20 Compact Cyl. Basic,,,,,,,,,
A02050025O,0,DA 50 x 25 Compact Cyl. Basic,,,,,,,,,
A02050025O-M,0,DA 50 x 25 Compact Cyl. Basic,,,,,,,,,
A02050030O,0,DA 50 x 30 Compact Cyl. Basic,,,,,,,,,
A02050030O-M,0,DA 50 x 30 Compact Cyl. Basic,,,,,,,,,
A02050035O,0,DA 50 x 35 Compact Cyl. Basic,,,,,,,,,
A02050040O,0,DA 50 x 40 Compact Cyl. Basic,,,,,,,,,
A02050040O-M,0,DA 50 x 40 Compact Cyl. Basic,,,,,,,,,
A02050050O,0,DA 50 x 50 Compact Cyl. Basic,,,,,,,,,
A02050050O-M,0,DA 50 x 50 Compact Cyl. Basic,,,,,,,,,
A02050060O,0,DA 50 x 60 Compact Cyl. Basic,,,,,,,,,
A02050060O-M,0,DA 50 x 60 Compact Cyl. Basic,,,,,,,,,
A02050070O,0,DA 50 x 70 Compact Cyl. Basic,,,,,,,,,
A02050070O-M,0,DA 50 x 70 Compact Cyl. Basic,,,,,,,,,
A02050075O,0,DA 50 x 75 Compact Cyl. Basic,,,,,,,,,
A02050080O,0,DA 50 x 80 Compact Cyl. Basic,,,,,,,,,
A02050080O-M,0,DA 50 x 80 Compact Cyl. Basic,,,,,,,,,
A02050100O,0,DA 50 x 100 Compact Cyl. Basic,,,,,,,,,
A02050100O-M,0,DA 50 x 100 Compact Cyl. Basic,,,,,,,,,
A02063005O,0,DA 63 x 5 Compact Cyl. Basic,,,,,,,,,
A02063010O,0,DA 63 x 10 Compact Cyl. Basic,,,,,,,,,
A02063010O-M,0,DA 63 x 10 Compact Cyl. Basic,,,,,,,,,
A02063015O,0,DA 63 x 15 Compact Cyl. Basic,,,,,,,,,
A02063015O-M,0,DA 63 x 15 Compact Cyl. Basic,,,,,,,,,
A02063020O,0,DA 63 x 20 Compact Cyl. Basic,,,,,,,,,
A02063020O-M,0,DA 63 x 20 Compact Cyl. Basic,,,,,,,,,
A02063025O,0,DA 63 x 25 Compact Cyl. Basic,,,,,,,,,
A02063025O-M,0,DA 63 x 25 Compact Cyl. Basic,,,,,,,,,
A02063030O,0,DA 63 x 30 Compact Cyl. Basic,,,,,,,,,
A02063030O-M,0,DA 63 x 30 Compact Cyl. Basic,,,,,,,,,
A02063040O,0,DA 63 x 40 Compact Cyl. Basic,,,,,,,,,
A02063040O-M,0,DA 63 x 40 Compact Cyl. Basic,,,,,,,,,
A02063050O,0,DA 63 x 50 Compact Cyl. Basic,,,,,,,,,
A02063050O-M,0,DA 63 x 50 Compact Cyl. Basic,,,,,,,,,
A02063060O,0,DA 63 x 60 Compact Cyl. Basic,,,,,,,,,
A02063060O-M,0,DA 63 x 60 Compact Cyl. Basic,,,,,,,,,
A02063065O,0,DA 63 x 65 Compact Cyl. Basic,,,,,,,,,
A02063070O,0,DA 63 x 70 Compact Cyl. Basic,,,,,,,,,
A02063070O-M,0,DA 63 x 70 Compact Cyl. Basic,,,,,,,,,
A02063080O,0,DA 63 x 80 Compact Cyl. Basic,,,,,,,,,
A02063080O-M,0,DA 63 x 80 Compact Cyl. Basic,,,,,,,,,
A02063090O,0,DA 63 x 90 Compact Cyl. Basic,,,,,,,,,
A02063100O,0,DA 63 x 100 Compact Cyl. Basic,,,,,,,,,
A02080010O,0,DA 80 x 10 Compact Cyl. Basic,,,,,,,,,
A02080010O-M,0,DA 80 x 10 Compact Cyl. Basic,,,,,,,,,
A02080015O,0,DA 80 x 15 Compact Cyl. Basic,,,,,,,,,
A02080015O-M,0,DA 80 x 15 Compact Cyl. Basic,,,,,,,,,
A02080020O,0,DA 80 x 20 Compact Cyl. Basic,,,,,,,,,
A02080020O-M,0,DA 80 x 20 Compact Cyl. Basic,,,,,,,,,
A02080025O,0,DA 80 x 25 Compact Cyl. Basic,,,,,,,,,
A02080025O-M,0,DA 80 x 25 Compact Cyl. Basic,,,,,,,,,
A02080030O,0,DA 80 x 30 Compact Cyl. Basic,,,,,,,,,
A02080030O-M,0,DA 80 x 30 Compact Cyl. Basic,,,,,,,,,
A02080040O,0,DA 80 x 40 Compact Cyl. Basic,,,,,,,,,
A02080040O-M,0,DA 80 x 40 Compact Cyl. Basic,,,,,,,,,
A02080050O,0,DA 80 x 50 Compact Cyl. Basic,,,,,,,,,
A02080050O-M,0,DA 80 x 50 Compact Cyl. Basic,,,,,,,,,
A02080060O,0,DA 80 x 60 Compact Cyl. Basic,,,,,,,,,
A02080060O-M,0,DA 80 x 60 Compact Cyl. Basic,,,,,,,,,
A02080070O,0,DA 80 x 70 Compact Cyl. Basic,,,,,,,,,
A02080070O-M,0,DA 80 x 70 Compact Cyl. Basic,,,,,,,,,
A02080080O,0,DA 80 x 80 Compact Cyl. Basic,,,,,,,,,
A02080080O-M,0,DA 80 x 80 Compact Cyl. Basic,,,,,,,,,
A02080100O,0,DA 80 x 100 Compact Cyl. Basic,,,,,,,,,
A02080100O-M,0,DA 80 x 100 Compact Cyl. Basic,,,,,,,,,
A02100010O,0,DA 100 x 10 Compact Cyl. Basic,,,,,,,,,
A02100010O-M,0,DA 100 x 10 Compact Cyl. Basic,,,,,,,,,
A02100015O,0,DA 100 x 15 Compact Cyl. Basic,,,,,,,,,
A02100020O,0,DA 100 x 20 Compact Cyl. Basic,,,,,,,,,
A02100020O-M,0,DA 100 x 20 Compact Cyl. Basic,,,,,,,,,
A02100025O,0,DA 100 x 25 Compact Cyl. Basic,,,,,,,,,
A02100025O-M,0,DA 100 x 25 Compact Cyl. Basic,,,,,,,,,
A02100030O,0,DA 100 x 30 Compact Cyl. Basic,,,,,,,,,
A02100030O-M,0,DA 100 x 30 Compact Cyl. Basic,,,,,,,,,
A02100035O-M,0,DA 100 x 35 Compact Cyl. Basic,,,,,,,,,
A02100040O,0,DA 100 x 40 Compact Cyl. Basic,,,,,,,,,
A02100040O-M,0,DA 100 x 40 Compact Cyl. Basic,,,,,,,,,
A02100050O,0,DA 100 x 50 Compact Cyl. Basic,,,,,,,,,
A02100050O-M,0,DA 100 x 50 Compact Cyl. Basic,,,,,,,,,
A02100060O,0,DA 100 x 60 Compact Cyl. Basic,,,,,,,,,
A02100060O-M,0,DA 100 x 60 Compact Cyl. Basic,,,,,,,,,
A02100070O,0,DA 100 x 70 Compact Cyl. Basic,,,,,,,,,
A02100070O-M,0,DA 100 x 70 Compact Cyl. Basic,,,,,,,,,
A02100075O,0,DA 100 x 75 Compact Cyl. Basic,,,,,,,,,
A02100080O,0,DA 100 x 80 Compact Cyl. Basic,,,,,,,,,
A02100080O-M,0,DA 100 x 80 Compact Cyl. Basic,,,,,,,,,
A02100100O,0,DA 100 x 100 Compact Cyl. Basic,,,,,,,,,
A03012005O,0,DA 12 x 5 Compact Cyl.(Mag) Basic,,,,,,,,,
A03012005O-M,0,DA 12 x 5 Compact Cyl.(Mag) Basic,,,,,,,,,
A03012010O,0,DA 12 x 10 Compact Cyl.(Mag) Basic,,,,,,,,,
A03012010O-M,0,DA 12 x 10 Compact Cyl.(Mag) Basic,,,,,,,,,
A03012015O,0,DA 12 x 15 Compact Cyl.(Mag) Basic,,,,,,,,,
A03012015O-M,0,DA 12 x 15 Compact Cyl.(Mag) Basic,,,,,,,,,
A03012020O,0,DA 12 x 20 Compact Cyl.(Mag) Basic,,,,,,,,,
A03012020O-M,0,DA 12 x 20 Compact Cyl.(Mag) Basic,,,,,,,,,
A03012025O,0,DA 12 x 25 Compact Cyl.(Mag) Basic,,,,,,,,,
A03012025O-M,0,DA 12 x 25 Compact Cyl.(Mag) Basic,,,,,,,,,
A03012030O,0,DA 12 x 30 Compact Cyl.(Mag) Basic,,,,,,,,,
A03012030O-M,0,DA 12 x 30 Compact Cyl.(Mag) Basic,,,,,,,,,
A03012040O,0,DA 12 x 40 Compact Cyl.(Mag) Basic,,,,,,,,,
A03012040O-M,0,DA 12 x 40 Compact Cyl.(Mag) Basic,,,,,,,,,
A03012050O,0,DA 12 x 50 Compact Cyl.(Mag) Basic,,,,,,,,,
A03012050O-M,0,DA 12 x 50 Compact Cyl.(Mag) Basic,,,,,,,,,
A03012060O,0,DA 12 x 60 Compact Cyl.(Mag) Basic,,,,,,,,,
A03016005O,0,DA 16 x 5 Compact Cyl.(Mag) Basic,,,,,,,,,
A03016005O-M,0,DA 16 x 5 Compact Cyl.(Mag) Basic,,,,,,,,,
A03016010O,0,DA 16 x 10 Compact Cyl.(Mag) Basic,,,,,,,,,
A03016010O-M,0,DA 16 x 10 Compact Cyl.(Mag) Basic,,,,,,,,,
A03016015O,0,DA 16 x 15 Compact Cyl.(Mag) Basic,,,,,,,,,
A03016015O-M,0,DA 16 x 15 Compact Cyl.(Mag) Basic,,,,,,,,,
A03016020O,0,DA 16 x 20 Compact Cyl.(Mag) Basic,,,,,,,,,
A03016020O-M,0,DA 16 x 20 Compact Cyl.(Mag) Basic,,,,,,,,,
A03016025O,0,DA 16 x 25 Compact Cyl.(Mag) Basic,,,,,,,,,
A03016025O-M,0,DA 16 x 25 Compact Cyl.(Mag) Basic,,,,,,,,,
A03016030O,0,DA 16 x 30 Compact Cyl.(Mag) Basic,,,,,,,,,
A03016030O-M,0,DA 16 x 30 Compact Cyl.(Mag) Basic,,,,,,,,,
A03016035O,0,DA 16 x 35 Compact Cyl.(Mag) Basic,,,,,,,,,
A03016040O,0,DA 16 x 40 Compact Cyl.(Mag) Basic,,,,,,,,,
A03016040O-M,0,DA 16 x 40 Compact Cyl.(Mag) Basic,,,,,,,,,
A03016050O,0,DA 16 x 50 Compact Cyl.(Mag) Basic,,,,,,,,,
A03016050O-M,0,DA 16 x 50 Compact Cyl.(Mag) Basic,,,,,,,,,
A03016060O,0,DA 16 x 60 Compact Cyl.(Mag) Basic,,,,,,,,,
A03016060O-M,0,DA 16 x 60 Compact Cyl.(Mag) Basic,,,,,,,,,
A03016075O-M,0,DA 16 x 75 Compact Cyl.(Mag) Basic,,,,,,,,,
A03016100O-M,0,DA 16 x 100 Compact Cyl.(Mag) Basic,,,,,,,,,
A03016125O-M,0,DA 16 x 125 Compact Cyl.(Mag) Basic,,,,,,,,,
A03020005O,0,DA 20 x 5 Compact Cyl.(Mag) Basic,,,,,,,,,
A03020005O-M,0,DA 20 x 5 Compact Cyl.(Mag) Basic,,,,,,,,,
A03020010O,0,DA 20 x 10 Compact Cyl.(Mag) Basic,,,,,,,,,
A03020010O-M,0,DA 20 x 10 Compact Cyl.(Mag) Basic,,,,,,,,,
A03020015O,0,DA 20 x 15 Compact Cyl.(Mag) Basic,,,,,,,,,
A03020015O-M,0,DA 20 x 15 Compact Cyl.(Mag) Basic,,,,,,,,,
A03020020O,0,DA 20 x 20 Compact Cyl.(Mag) Basic,,,,,,,,,
A03020020O-M,0,DA 20 x 20 Compact Cyl.(Mag) Basic,,,,,,,,,
A03020025O,0,DA 20 x 25 Compact Cyl.(Mag) Basic,,,,,,,,,
A03020025O-M,0,DA 20 x 25 Compact Cyl.(Mag) Basic,,,,,,,,,
A03020030O,0,DA 20 x 30 Compact Cyl.(Mag) Basic,,,,,,,,,
A03020030O-M,0,DA 20 x 30 Compact Cyl.(Mag) Basic,,,,,,,,,
A03020040O,0,DA 20 x 40 Compact Cyl.(Mag) Basic,,,,,,,,,
A03020040O-M,0,DA 20 x 40 Compact Cyl.(Mag) Basic,,,,,,,,,
A03020045O-M,0,DA 20 x 45 Compact Cyl.(Mag) Basic,,,,,,,,,
A03020050O,0,DA 20 x 50 Compact Cyl.(Mag) Basic,,,,,,,,,
A03020050O-M,0,DA 20 x 50 Compact Cyl.(Mag) Basic,,,,,,,,,
A03020060O,0,DA 20 x 60 Compact Cyl.(Mag) Basic,,,,,,,,,
A03020060O-M,0,DA 20 x 60 Compact Cyl.(Mag) Basic,,,,,,,,,
A03020065O,0,DA 20 x 65 Compact Cyl.(Mag) Basic,,,,,,,,,
A03020080O,0,DA 20 x 80 Compact Cyl.(Mag) Basic,,,,,,,,,
A03025005O,0,DA 25 x 5 Compact Cyl.(Mag) Basic,,,,,,,,,
A03025005O-M,0,DA 25 x 5 Compact Cyl.(Mag) Basic,,,,,,,,,
A03025010O,0,DA 25 x 10 Compact Cyl.(Mag) Basic,,,,,,,,,
A03025010O-M,0,DA 25 x 10 Compact Cyl.(Mag) Basic,,,,,,,,,
A03025015O,0,DA 25 x 15 Compact Cyl.(Mag) Basic,,,,,,,,,
A03025015O-M,0,DA 25 x 15 Compact Cyl.(Mag) Basic,,,,,,,,,
A03025020O,0,DA 25 x 20 Compact Cyl.(Mag) Basic,,,,,,,,,
A03025020O-M,0,DA 25 x 20 Compact Cyl.(Mag) Basic,,,,,,,,,
A03025025O,0,DA 25 x 25 Compact Cyl.(Mag) Basic,,,,,,,,,
A03025025O-M,0,DA 25 x 25 Compact Cyl.(Mag) Basic,,,,,,,,,
A03025030O,0,DA 25 x 30 Compact Cyl.(Mag) Basic,,,,,,,,,
A03025030O-M,0,DA 25 x 30 Compact Cyl.(Mag) Basic,,,,,,,,,
A03025035O,0,DA 25 x 35 Compact Cyl.(Mag) Basic,,,,,,,,,
A03025035O-M,0,DA 25 x 35 Compact Cyl.(Mag) Basic,,,,,,,,,
A03025040O,0,DA 25 x 40 Compact Cyl.(Mag) Basic,,,,,,,,,
A03025040O-M,0,DA 25 x 40 Compact Cyl.(Mag) Basic,,,,,,,,,
A03025045O,0,DA 25 x 45 Compact Cyl.(Mag) Basic,,,,,,,,,
A03025050O,0,DA 25 x 50 Compact Cyl.(Mag) Basic,,,,,,,,,
A03025050O-M,0,DA 25 x 50 Compact Cyl.(Mag) Basic,,,,,,,,,
A03025060O,0,DA 25 x 60 Compact Cyl.(Mag) Basic,,,,,,,,,
A03025060O-M,0,DA 25 x 60 Compact Cyl.(Mag) Basic,,,,,,,,,
A03025070O-M,0,DA 25 x 70 Compact Cyl.(Mag) Basic,,,,,,,,,
A03025075O,0,DA 25 x 75 Compact Cyl.(Mag) Basic,,,,,,,,,
A03025080O,0,DA 25 x 80 Compact Cyl.(Mag) Basic,,,,,,,,,
A03025080O-M,0,DA 25 x 80 Compact Cyl. (Mag) Basic,,,,,,,,,
A03025085O,0,DA 25 x 85 Compact Cyl.(Mag) Basic,,,,,,,,,
A03025085O-M,0,DA 25 x 85 Compact Cyl.(Mag) Basic,,,,,,,,,
A03025100O,0,DA 25 x 100 Compact Cyl.(Mag) Basic,,,,,,,,,
A03025100O-M,0,DA 25 x 100 Compact Cyl.(Mag) Basic,,,,,,,,,
A03025120O-M,0,DA 25 x 120 Compact Cyl.(Mag) Basic,,,,,,,,,
A03025125O-M,0,DA 25 x 125 Compact Cyl.(Mag) Basic,,,,,,,,,
A03032005O,0,DA 32 x 5 Compact Cyl.(Mag) Basic,,,,,,,,,
A03032005O-M,0,DA 32 x 5 Compact Cyl.(Mag) Basic,,,,,,,,,
A03032010O,0,DA 32 x 10 Compact Cyl.(Mag) Basic,,,,,,,,,
A03032010O-M,0,DA 32 x 10 Compact Cyl.(Mag) Basic,,,,,,,,,
A03032015O,0,DA 32 x 15 Compact Cyl.(Mag) Basic,,,,,,,,,
A03032015O-M,0,DA 32 x 15 Compact Cyl.(Mag) Basic,,,,,,,,,
A03032020O,0,DA 32 x 20 Compact Cyl.(Mag) Basic,,,,,,,,,
A03032020O-M,0,DA 32 x 20 Compact Cyl.(Mag) Basic,,,,,,,,,
A03032025O,0,DA 32 x 25 Compact Cyl.(Mag) Basic,,,,,,,,,
A03032025O-M,0,DA 32 x 25 Compact Cyl.(Mag) Basic,,,,,,,,,
A03032030O,0,DA 32 x 30 Compact Cyl.(Mag) Basic,,,,,,,,,
A03032030O-M,0,DA 32 x 30 Compact Cyl.(Mag) Basic,,,,,,,,,
A03032035O-M,0,DA 32 x 35 Compact Cyl.(Mag) Basic,,,,,,,,,
A03032040O,0,DA 32 x 40 Compact Cyl.(Mag) Basic,,,,,,,,,
A03032040O-M,0,DA 32 x 40 Compact Cyl.(Mag) Basic,,,,,,,,,
A03032045O-M,0,DA 32 x 45 Compact Cyl.(Mag) Basic,,,,,,,,,
A03032050O,0,DA 32 x 50 Compact Cyl.(Mag) Basic,,,,,,,,,
A03032050O-M,0,DA 32 x 50 Compact Cyl.(Mag) Basic,,,,,,,,,
A03032055O-M,0,DA 32 x 55 Compact Cyl.(Mag) Basic,,,,,,,,,
A03032060O,0,DA 32 x 60 Compact Cyl.(Mag) Basic,,,,,,,,,
A03032060O-M,0,DA 32 x 60 Compact Cyl.(Mag) Basic,,,,,,,,,
A03032070O,0,DA 32 x 70 Compact Cyl.(Mag) Basic,,,,,,,,,
A03032070O-M,0,DA 32 x 70 Compact Cyl.(Mag) Basic,,,,,,,,,
A03032075O,0,DA 32 x 75 Compact Cyl.(Mag) Basic,,,,,,,,,
A03032080O,0,DA 32 x 80 Compact Cyl.(Mag) Basic,,,,,,,,,
A03032080O-M,0,DA 32 x 80 Compact Cyl.(Mag) Basic,,,,,,,,,
A03032085O-M,0,DA 32 x 85 Compact Cyl.(Mag) Basic,,,,,,,,,
A03032100O,0,DA 32 x 100 Compact Cyl.(Mag) Basic,,,,,,,,,
A03040005O,0,DA 40 x 5 Compact Cyl.(Mag) Basic,,,,,,,,,
A03040005O-M,0,DA 40 x 5 Compact Cyl.(Mag) Basic,,,,,,,,,
A03040010O,0,DA 40 x 10 Compact Cyl.(Mag) Basic,,,,,,,,,
A03040010O-M,0,DA 40 x 10 Compact Cyl.(Mag) Basic,,,,,,,,,
A03040015O,0,DA 40 x 15 Compact Cyl.(Mag) Basic,,,,,,,,,
A03040015O-M,0,DA 40 x 15 Compact Cyl.(Mag) Basic,,,,,,,,,
A03040020O,0,DA 40 x 20 Compact Cyl.(Mag) Basic,,,,,,,,,
A03040020O-M,0,DA 40 x 20 Compact Cyl.(Mag) Basic,,,,,,,,,
A03040025O,0,DA 40 x 25 Compact Cyl.(Mag) Basic,,,,,,,,,
A03040025O-M,0,DA 40 x 25 Compact Cyl.(Mag) Basic,,,,,,,,,
A03040030O,0,DA 40 x 30 Compact Cyl.(Mag) Basic,,,,,,,,,
A03040030O-M,0,DA 40 x 30 Compact Cyl.(Mag) Basic,,,,,,,,,
A03040040O,0,DA 40 x 40 Compact Cyl.(Mag) Basic,,,,,,,,,
A03040040O-M,0,DA 40 x 40 Compact Cyl.(Mag) Basic,,,,,,,,,
A03040050O,0,DA 40 x 50 Compact Cyl.(Mag) Basic,,,,,,,,,
A03040050O-M,0,DA 40 x 50 Compact Cyl.(Mag) Basic,,,,,,,,,
A03040060O,0,DA 40 x 60 Compact Cyl.(Mag) Basic,,,,,,,,,
A03040060O-M,0,DA 40 x 60 Compact Cyl.(Mag) Basic,,,,,,,,,
A03040070O,0,DA 40 x 70 Compact Cyl.(Mag) Basic,,,,,,,,,
A03040075O,0,DA 40 x 75 Compact Cyl.(Mag) Basic,,,,,,,,,
A03040075O-M,0,DA 40 x 75 Compact Cyl.(Mag) Basic,,,,,,,,,
A03040080O,0,DA 40 x 80 Compact Cyl.(Mag) Basic,,,,,,,,,
A03040080O-M,0,DA 40 x 80 Compact Cyl.(Mag) Basic,,,,,,,,,
A03040100O,0,DA 40 x 100 Compact Cyl.(Mag) Basic,,,,,,,,,
A03050010O,0,DA 50 x 10 Compact Cyl.(Mag) Basic,,,,,,,,,
A03050010O-M,0,DA 50 x 10 Compact Cyl.(Mag) Basic,,,,,,,,,
A03050015O,0,DA 50 x 15 Compact Cyl.(Mag) Basic,,,,,,,,,
A03050015O-M,0,DA 50 x 15 Compact Cyl.(Mag) Basic,,,,,,,,,
A03050020O,0,DA 50 x 20 Compact Cyl.(Mag) Basic,,,,,,,,,
A03050020O-M,0,DA 50 x 20 Compact Cyl.(Mag) Basic,,,,,,,,,
A03050025O,0,DA 50 x 25 Compact Cyl.(Mag) Basic,,,,,,,,,
A03050025O-M,0,DA 50 x 25 Compact Cyl.(Mag) Basic,,,,,,,,,
A03050030O,0,DA 50 x 30 Compact Cyl.(Mag) Basic,,,,,,,,,
A03050030O-M,0,DA 50 x 30 Compact Cyl.(Mag) Basic,,,,,,,,,
A03050035O,0,DA 50 x 35 Compact Cyl.(Mag) Basic,,,,,,,,,
A03050040O,0,DA 50 x 40 Compact Cyl.(Mag) Basic,,,,,,,,,
A03050040O-M,0,DA 50 x 40 Compact Cyl.(Mag) Basic,,,,,,,,,
A03050050O,0,DA 50 x 50 Compact Cyl.(Mag) Basic,,,,,,,,,
A03050050O-M,0,DA 50 x 50 Compact Cyl.(Mag) Basic,,,,,,,,,
A03050060O,0,DA 50 x 60 Compact Cyl.(Mag) Basic,,,,,,,,,
A03050060O-M,0,DA 50 x 60 Compact Cyl.(Mag) Basic,,,,,,,,,
A03050070O,0,DA 50 x 70 Compact Cyl.(Mag) Basic,,,,,,,,,
A03050070O-M,0,DA 50 x 70 Compact Cyl.(Mag) Basic,,,,,,,,,
A03050075O,0,DA 50 x 75 Compact Cyl.(Mag) Basic,,,,,,,,,
A03050075O-M,0,DA 50 x 75 Compact Cyl.(Mag) Basic,,,,,,,,,
A03050080O,0,DA 50 x 80 Compact Cyl.(Mag) Basic,,,,,,,,,
A03050080O-M,0,DA 50 x 80 Compact Cyl.(Mag) Basic,,,,,,,,,
A03050100O,0,DA 50 x 100 Compact Cyl.(Mag) Basic,,,,,,,,,
A03050100O-M,0,DA 50 x 100 Compact Cyl.(Mag) Basic,,,,,,,,,
A03063010O,0,DA 63 x 10 Compact Cyl.(Mag) Basic,,,,,,,,,
A03063010O-M,0,DA 63 x 10 Compact Cyl.(Mag) Basic,,,,,,,,,
A03063015O,0,DA 63 x 15 Compact Cyl.(Mag) Basic,,,,,,,,,
A03063015O-M,0,DA 63 x 15 Compact Cyl.(Mag) Basic,,,,,,,,,
A03063020O,0,DA 63 x 20 Compact Cyl.(Mag) Basic,,,,,,,,,
A03063020O-M,0,DA 63 x 20 Compact Cyl.(Mag) Basic,,,,,,,,,
A03063025O,0,DA 63 x 25 Compact Cyl.(Mag) Basic,,,,,,,,,
A03063025O-M,0,DA 63 x 25 Compact cyl. (Mag) Basic,,,,,,,,,
A03063030O,0,DA 63 x 30 Compact Cyl.(Mag) Basic,,,,,,,,,
A03063030O-M,0,DA 63 x 30 Compact Cyl.(Mag) Basic,,,,,,,,,
A03063035O,0,DA 63 x 35 Compact Cyl.(Mag) Basic,,,,,,,,,
A03063035O-M,0,DA 63 x 35 Compact Cyl.(Mag) Basic,,,,,,,,,
A03063040O,0,DA 63 x 40 Compact Cyl.(Mag) Basic,,,,,,,,,
A03063040O-M,0,DA 63 x 40 Compact Cyl.(Mag) Basic,,,,,,,,,
A03063045O,0,DA 63 x 45 Compact Cyl.(Mag) Basic,,,,,,,,,
A03063050O,0,DA 63 x 50 Compact Cyl.(Mag) Basic,,,,,,,,,
A03063050O-M,0,DA 63 x 50 Compact Cyl.(Mag) Basic,,,,,,,,,
A03063060O,0,DA 63 x 60 Compact Cyl.(Mag) Basic,,,,,,,,,
A03063060O-M,0,DA 63 x 60 Compact Cyl.(Mag) Basic,,,,,,,,,
A03063070O,0,DA 63 x 70 Compact Cyl.(Mag) Basic,,,,,,,,,
A03063070O-M,0,DA 63 x 70 Compact Cyl.(Mag) Basic,,,,,,,,,
A03063075O,0,DA 63 x 75 Compact Cyl.(Mag) Basic,,,,,,,,,
A03063075O-M,0,DA 63 x 75 Compact Cyl.(Mag) Basic,,,,,,,,,
A03063080O,0,DA 63 x 80 Compact Cyl.(Mag) Basic,,,,,,,,,
A03063080O-M,0,DA 63 x 80 Compact Cyl. (Mag) Basic,,,,,,,,,
A03063100O,0,DA 63 x 100 Compact Cyl.(Mag) Basic,,,,,,,,,
A03063100O-M,0,DA 63 x 100 Compact Cyl.(Mag) Basic,,,,,,,,,
A03080010O,0,DA 80 x 10 Compact Cyl.(Mag) Basic,,,,,,,,,
A03080010O-M,0,DA 80 x 10 Compact Cyl.(Mag) Basic,,,,,,,,,
A03080015O,0,DA 80 x 15 Compact Cyl.(Mag) Basic,,,,,,,,,
A03080020O,0,DA 80 x 20 Compact Cyl.(Mag) Basic,,,,,,,,,
A03080020O-M,0,DA 80 x 20 Compact Cyl.(Mag) Basic,,,,,,,,,
A03080025O,0,DA 80 x 25 Compact Cyl.(Mag) Basic,,,,,,,,,
A03080025O-M,0,DA 80 x 25 Compact Cyl.(Mag) Basic,,,,,,,,,
A03080030O,0,DA 80 x 30 Compact Cyl.(Mag) Basic,,,,,,,,,
A03080030O-M,0,DA 80 x 30 Compact Cyl.(Mag) Basic,,,,,,,,,
A03080040O,0,DA 80 x 40 Compact Cyl.(Mag) Basic,,,,,,,,,
A03080040O-M,0,DA 80 x 40 Compact Cyl.(Mag) Basic,,,,,,,,,
A03080050O,0,DA 80 x 50 Compact Cyl.(Mag) Basic,,,,,,,,,
A03080050O-M,0,DA 80 x 50 Compact Cyl.(Mag) Basic,,,,,,,,,
A03080060O,0,DA 80 x 60 Compact Cyl.(Mag) Basic,,,,,,,,,
A03080060O-M,0,DA 80 x 60 Compact Cyl.(Mag) Basic,,,,,,,,,
A03080070O,0,DA 80 x 70 Compact Cyl.(Mag) Basic,,,,,,,,,
A03080070O-M,0,DA 80 x 70 Compact Cyl.(Mag) Basic,,,,,,,,,
A03080075O-M,0,DA 80 x 75 Compact Cyl.(Mag) Basic,,,,,,,,,
A03080080O,0,DA 80 x 80 Compact Cyl.(Mag) Basic,,,,,,,,,
A03080080O-M,0,DA 80 x 80 Compact Cyl.(Mag) Basic,,,,,,,,,
A03080100O,0,DA 80 x 100 Compact Cyl.(Mag) Basic,,,,,,,,,
A03080100O-M,0,DA 80 x 100 Compact Cyl.(Mag) Basic,,,,,,,,,
A03100010O,0,DA 100 x 10 Compact Cyl.(Mag) Basic,,,,,,,,,
A03100010O-M,0,DA 100 x 10 Compact Cyl.(Mag) Basic,,,,,,,,,
A03100015O,0,DA 100 x 15 Compact Cyl.(Mag) Basic,,,,,,,,,
A03100015O-M,0,DA 100 x 15 Compact Cyl.(Mag) Basic,,,,,,,,,
A03100020O,0,DA 100 x 20 Compact Cyl.(Mag) Basic,,,,,,,,,
A03100020O-M,0,DA 100 x 20 Compact Cyl.(Mag) Basic,,,,,,,,,
A03100025O,0,DA 100 x 25 Compact Cyl.(Mag) Basic,,,,,,,,,
A03100025O-M,0,DA 100 x 25 Compact Cyl.(Mag) Basic,,,,,,,,,
A03100030O,0,DA 100 x 30 Compact Cyl.(Mag) Basic,,,,,,,,,
A03100030O-M,0,DA 100 x 30 Compact Cyl.(Mag) Basic,,,,,,,,,
A03100035O,0,DA 100 x 35 Compact Cyl.(Mag) Basic,,,,,,,,,
A03100035O-M,0,DA 100 x 35 Compact Cyl.(Mag) Basic,,,,,,,,,
A03100040O,0,DA 100 x 40 Compact Cyl.(Mag) Basic,,,,,,,,,
A03100040O-M,0,DA 100 x 40 Compact Cyl.(Mag) Basic,,,,,,,,,
A03100050O,0,DA 100 x 50 Compact Cyl.(Mag) Basic,,,,,,,,,
A03100050O-M,0,DA 100 x 50 Compact Cyl.(Mag) Basic,,,,,,,,,
A03100060O,0,DA 100 x 60 Compact Cyl.(Mag) Basic,,,,,,,,,
A03100060O-M,0,DA 100 x 60 Compact Cyl.(Mag) Basic,,,,,,,,,
A03100070O,0,DA 100 x 70 Compact Cyl.(Mag) Basic,,,,,,,,,
A03100070O-M,0,DA 100 x 70 Compact Cyl.(Mag) Basic,,,,,,,,,
A03100080O,0,DA 100 x 80 Compact Cyl.(Mag) Basic,,,,,,,,,
A03100080O-M,0,DA 100 x 80 Compact Cyl.(Mag) Basic,,,,,,,,,
A03100100O,0,DA 100 x 100 Compact Cyl.(Mag) Basic,,,,,,,,,
A03100100O-M,0,DA 100 x 100 Compact Cyl.(Mag) Basic,,,,,,,,,
A03100125O,0,DA 100 x 125 Compact Cyl.(Mag) Basic,,,,,,,,,
A04012005O,0,SA 12 x 5 Compact Cyl. Basic,,,,,,,,,
A04025010O,0,SA 25 x 10 Compact Cyl. Basic,,,,,,,,,
A10032025O,0,DA 32 x 25 Cyl.(Mag)(DE) Basic,,,,,,,,,
A10032050O,0,DA 32 x 50 Cyl.(Mag)(DE) Basic,,,,,,,,,
A10032060O,0,DA 32 x 60 Cyl.(Mag)(DE) Basic,,,,,,,,,
A10032080O,0,DA 32 x 80 Cyl.(Mag)(DE) Basic,,,,,,,,,
A100321000O,0,DA 32 x 1000 Cyl.(Mag)(DE) Basic,,,,,,,,,
A10032100O,0,DA 32 x 100 Cyl.(Mag)(DE) Basic,,,,,,,,,
A10032125O,0,DA 32 x 125 Cyl.(Mag)(DE) Basic,,,,,,,,,
A10032140O,0,DA 32 x 140 Cyl. (Mag) (DE) Basic,,,,,,,,,
A10032160O,0,DA 32 x 160 Cyl.(Mag)(DE) Basic,,,,,,,,,
A10032180O,0,DA 32 x 180 Cyl.(mag) (DE) Basic,,,,,,,,,
A10032200O,0,DA 32 x 200 Cyl.(Mag)(DE) Basic,,,,,,,,,
A10032250O,0,DA 32 x 250 Cyl.(Mag)(DE) Basic,,,,,,,,,
A10032250O-L,0,DA 32 x 250 Cyl.(mag) (DE) Basic,,,,,,,,,
A10032300O,0,DA 32 x 300 Cyl.(Mag)(DE) Basic,,,,,,,,,
A10032320O,0,DA 32 x 320 Cyl.(Mag)(DE) Basic,,,,,,,,,
A10032350O,0,DA 32 x 350 Cyl.(Mag)(DE) Basic,,,,,,,,,
A10032400O,0,DA 32 x 400 Cyl.(Mag)(DE) Basic,,,,,,,,,
A10032500O,0,DA 32 x 500 Cyl.(Mag)(DE) Basic,,,,,,,,,
A10032620O,0,DA 32 x 620 Cyl.(Mag)(DE) Basic,,,,,,,,,
A10032700O,0,DA 32 x 700 Cyl.(Mag)(DE) Basic,,,,,,,,,
A10040025O,0,DA 40 x 25 Cyl. (Mag) (DE) Basic,,,,,,,,,
A10040050O,0,DA 40 x 50 Cyl.(Mag)(DE) Basic,,,,,,,,,
A10040070T,0,DA 40 x 70 Cyl. (Mag) (DE) Centre Trunnion,,,,,,,,,
A10040080O,0,DA 40 x 80 Cyl.(Mag)(DE) Basic,,,,,,,,,
A10040100O,0,DA 40 x 100 Cyl.(Mag)(DE) Basic,,,,,,,,,
A10040160O,0,DA 40 x 160 Cyl. (Mag) (DE) Basic,,,,,,,,,
A10040200O,0,DA 40 x 200 Cyl. (Mag) (DE) Basic,,,,,,,,,
A10040400O,0,DA 40 x 400 Cyl. (Mag) (DE) Basic,,,,,,,,,
A10050025O,0,DA 50 x 25 Cyl.(Mag)(DE) Basic,,,,,,,,,
A10050050O,0,DA 50 x 50 Cyl.(Mag)(DE) Basic,,,,,,,,,
A10050060O,0,DA 50 x 60 Cyl.(Mag)(DE) Basic,,,,,,,,,
A10050080O,0,DA 50 x 80 Cyl.(Mag)(DE) Basic,,,,,,,,,
A10050085O,0,DA 50 x 85 Cyl. (Mag) (DE) Basic,,,,,,,,,
A10050100O,0,DA 50 x 100 Cyl.(Mag)(DE) Basic,,,,,,,,,
A10050125O,0,DA 50 x 125 Cyl.(Mag)(DE) Basic,,,,,,,,,
A10050150O,0,DA 50 x 150 Cyl.(Mag)(DE) Basic,,,,,,,,,
A10050160O,0,DA 50 x 160 Cyl.(Mag)(DE) Basic,,,,,,,,,
A10050200F,0,DA 50 x 200 Cyl.(Mag)(DE) Front Flange,,,,,,,,,
A10050200O,0,DA 50 x 200 Cyl.(Mag)(DE) Basic,,,,,,,,,
A10050250O,0,DA 50 x 250 Cyl.(Mag)(DE) Basic,,,,,,,,,
A10050300O,0,DA 50 x 300 Cyl.(Mag)(DE) Basic,,,,,,,,,
A10050320O,0,DA 50 x 320 Cyl.(Mag)(DE) Basic,,,,,,,,,
A10050400O,0,DA 50 x 400 Cyl.(Mag)(DE) Basic,,,,,,,,,
A10050500O,0,DA 50 x 500 Cyl.(Mag)(DE) Basic,,,,,,,,,
A10063025O,0,DA 63 x 25 Cyl.(Mag)(DE) Basic,,,,,,,,,
A10063045O,0,DA 63 x 45 Cyl.(Mag)(DE) Basic,,,,,,,,,
A10063050O,0,DA 63 x 50 Cyl.(Mag)(DE) Basic,,,,,,,,,
A10063065O,0,DA 63 x 65 Cyl.(Mag)(DE) Basic,,,,,,,,,
A10063075T,0,DA 63 x 75 Cyl.(Mag)(DE) Centre Trunnion,,,,,,,,,
A10063080O,0,DA 63 x 80 Cyl.(Mag)(DE) Basic,,,,,,,,,
A10063100N,0,DA 63 x 100 Cyl.(Mag)(DE) Front trunnion,,,,,,,,,
A10063100O,0,DA 63 x 100 Cyl.(Mag)(DE) Basic,,,,,,,,,
A10063125O,0,DA 63 x 125 Cyl.(Mag)(DE) Basic,,,,,,,,,
A10063160L,0,DA 63 x 160 Cyl.(Mag)(DE) Foot Mount,,,,,,,,,
A10063160O,0,DA 63 x 160 Cyl.(Mag)(DE) Basic,,,,,,,,,
A10063200F,0,DA 63 x 200 Cyl.(Mag)(DE) Front Flange,,,,,,,,,
A10063200O,0,DA 63 x 200 Cyl.(Mag)(DE) Basic,,,,,,,,,
A10063250O,0,DA 63 x 250 Cyl.(Mag)(DE) Basic,,,,,,,,,
A10063300O,0,DA 63 x 300 Cyl.(Mag)(DE) Basic,,,,,,,,,
A10063320O,0,DA 63 x 320 Cyl.(Mag)(DE) Basic,,,,,,,,,
A10063400O,0,DA 63 x 400 Cyl.(Mag)(DE) Basic,,,,,,,,,
A10063450O,0,DA 63 x 450 Cyl.(Mag)(DE) Basic,,,,,,,,,
A10063500O,0,DA 63 x 500 Cyl.(Mag)(DE) Basic,,,,,,,,,
A10080025O,0,DA 80 x 25 Cyl.(Mag)(DE) Basic,,,,,,,,,
A10080050O,0,DA 80 x 50 Cyl.(Mag)(DE) Basic,,,,,,,,,
A10080080O,0,DA 80 x 80 Cyl.(Mag)(DE) Basic,,,,,,,,,
A10080100O,0,DA 80 x 100 Cyl.(Mag)(DE) Basic,,,,,,,,,
A10080125O,0,DA 80 x 125 Cyl.(Mag)(DE) Basic,,,,,,,,,
A10080160O,0,DA 80 x 160 Cyl.(Mag)(DE) Basic,,,,,,,,,
A10080200O,0,DA 80 x 200 Cyl.(Mag)(DE) Basic,,,,,,,,,
A10080250F,0,DA 80 x 250 Cyl.(Mag)(DE) Front Flange,,,,,,,,,
A10080250O,0,DA 80 x 250 Cyl.(Mag)(DE) Basic,,,,,,,,,
A10080300O,0,DA 80 x 300 Cyl.(Mag)(DE) Basic,,,,,,,,,
A10080320O,0,DA 80 x 320 Cyl.(Mag)(DE) Basic,,,,,,,,,
A10080400O,0,DA 80 x 400 Cyl.(Mag)(DE) Basic,,,,,,,,,
A10080500O,0,DA 80 x 500 Cyl.(Mag)(DE) Basic,,,,,,,,,
A10100025O,0,DA 100 x 25 Cyl.(Mag)(DE) Basic,,,,,,,,,
A10100050O,0,DA 100 x 50 Cyl.(Mag)(DE) Basic,,,,,,,,,
A10100080O,0,DA 100 x 80 Cyl.(Mag)(DE) Basic,,,,,,,,,
A10100100O,0,DA 100 x 100 Cyl.(Mag)(DE) Basic,,,,,,,,,
A10100125O,0,DA 100 x 125 Cyl.(Mag)(DE) Basic,,,,,,,,,
A10100160O,0,DA 100 x 160 Cyl.(Mag)(DE) Basic,,,,,,,,,
A10100200O,0,DA 100 x 200 Cyl.(Mag)(DE) Basic,,,,,,,,,
A10100250O,0,DA 100 x 250 Cyl.(Mag)(DE) Basic,,,,,,,,,
A10100300O,0,DA 100 x 300 Cyl.(Mag)(DE) Basic,,,,,,,,,
A10100320O,0,DA 100 x 320 Cyl.(Mag)(DE) Basic,,,,,,,,,
A10100400O,0,DA 100 x 400 Cyl.(Mag)(DE) Basic,,,,,,,,,
A10100500O,0,DA 100 x 500 Cyl.(Mag)(DE) Basic,,,,,,,,,
A10160160O,0,DA 160 x 160 Cyl.(Mag)(DE) Basic,,,,,,,,,
A11032025O,0,DA 32 x 25 Cyl.(DE) Basic,,,,,,,,,
A11032040O,0,DA 32 x 40 Cyl.(DE) Basic,,,,,,,,,
A11032050O,0,DA 32 x 50 Cyl.(DE) Basic,,,,,,,,,
A11032080O,0,DA 32 x 80 Cyl.(DE) Basic,,,,,,,,,
A110321000O,0,DA 32 x 1000 Cyl.(DE) Basic,,,,,,,,,
A11032100O,0,DA 32 x 100 Cyl.(DE) Basic,,,,,,,,,
A11032125O,0,DA 32 x 125 Cyl.(DE) Basic,,,,,,,,,
A11032160O,0,DA 32 x 160 Cyl.(DE) Basic,,,,,,,,,
A11032180O,0,DA 32 x 180 Cyl.(DE) Basic,,,,,,,,,
A11032200O,0,DA 32 x 200 Cyl.(DE) Basic,,,,,,,,,
A11032250O,0,DA 32 x 250 Cyl.(DE) Basic,,,,,,,,,
A11032300O,0,DA 32 x 300 Cyl.(DE) Basic,,,,,,,,,
A11032320O,0,DA 32 x 320 Cyl.(DE) Basic,,,,,,,,,
A11032375O,0,DA 32 x 375 Cyl.(DE) Basic,,,,,,,,,
A11032400O,0,DA 32 x 400 Cyl.(DE) Basic,,,,,,,,,
A11032410O,0,DA 32 x 410 Cyl.(DE) Basic,,,,,,,,,
A11032425O,0,DA 32 x 425 Cyl.(DE) Basic,,,,,,,,,
A11032450O,0,DA 32 x 450 Cyl.(DE) Basic,,,,,,,,,
A11032475O,0,DA 32 x 475 Cyl.(DE) Basic,,,,,,,,,
A11032500O,0,DA 32 x 500 Cyl.(DE) Basic,,,,,,,,,
A11032525O,0,DA 32 x 525 Cyl.(DE) Basic,,,,,,,,,
A11032550O,0,DA 32 x 550 Cyl.(DE) Basic,,,,,,,,,
A11032575O,0,DA 32 x 575 Cyl.(DE) Basic,,,,,,,,,
A11032600O,0,DA 32 x 600 Cyl.(DE) Basic,,,,,,,,,
A11032625O,0,DA 32 x 625 Cyl.(DE) Basic,,,,,,,,,
A11032650O,0,DA 32 x 650 Cyl.(DE) Basic,,,,,,,,,
A11032675O,0,DA 32 x 675 Cyl.(DE) Basic,,,,,,,,,
A11032700O,0,DA 32 x 700 Cyl.(DE) Basic,,,,,,,,,
A11040025O,0,DA 40 x 25 Cyl.(DE) Basic,,,,,,,,,
A11040050L,0,DA 40 x 50 Cyl.(DE) Foot Mount,,,,,,,,,
A11040050O,0,DA 40 x 50 Cyl.(DE) Basic,,,,,,,,,
A11040050T,0,DA 40 x 50 Cyl.(DE) Centre Trunnion,,,,,,,,,
A11040075O,0,DA 40 x 75 Cyl.(DE) Basic,,,,,,,,,
A11040080O,0,DA 40 x 80 Cyl.(DE) Basic,,,,,,,,,
A110401000O,0,DA 40 x 1000 Cyl.(DE) Basic,,,,,,,,,
A11040100L,0,DA 40 x 100 Cyl.(DE) Foot Mount,,,,,,,,,
A11040100O,0,DA 40 x 100 Cyl.(DE) Basic,,,,,,,,,
A11040100T,0,DA 40 x 100 Cyl.(DE) Centre Trunnion,,,,,,,,,
A11040125O,0,DA 40 x 125 Cyl.(DE) Basic,,,,,,,,,
A11040150O,0,DA 40 x 150 Cyl.(DE) Basic,,,,,,,,,
A11040160O,0,DA 40 x 160 Cyl.(DE) Basic,,,,,,,,,
A11040200F,0,DA 40 x 200 Cyl.(DE) Front Flange,,,,,,,,,
A11040200O,0,DA 40 x 200 Cyl.(DE) Basic,,,,,,,,,
A11040250F,0,DA 40 x 250 Cyl.(DE) Front Flange,,,,,,,,,
A11040250O,0,DA 40 x 250 Cyl.(DE) Basic,,,,,,,,,
A11040300O,0,DA 40 x 300 Cyl.(DE) Basic,,,,,,,,,
A11040320O,0,DA 40 x 320 Cyl.(DE) Basic,,,,,,,,,
A11040350O,0,DA 40 x 350 Cyl.(DE) Basic,,,,,,,,,
A11040375O,0,DA 40 x 375 Cyl.(DE) Basic,,,,,,,,,
A11040400O,0,DA 40 x 400 Cyl.(DE) Basic,,,,,,,,,
A11040425O,0,DA 40 x 425 Cyl.(DE) Basic,,,,,,,,,
A11040450O,0,DA 40 x 450 Cyl.(DE) Basic,,,,,,,,,
A11040500O,0,DA 40 x 500 Cyl.(DE) Basic,,,,,,,,,
A11040525O,0,DA 40 x 525 Cyl.(DE) Basic,,,,,,,,,
A11040550O,0,DA 40 x 550 Cyl.(DE) Basic,,,,,,,,,
A11040575O,0,DA 40 x 575 Cyl.(DE) Basic,,,,,,,,,
A11040600O,0,DA 40 x 600 Cyl.(DE) Basic,,,,,,,,,
A11040600T,0,DA 40 x 600 Cyl.(DE) Centre Trunnion,,,,,,,,,
A11040625O,0,DA 40 x 625 Cyl.(DE) Basic,,,,,,,,,
A11040650O,0,DA 40 x 650 Cyl.(DE) Basic,,,,,,,,,
A11040675O,0,DA 40 x 675 Cyl.(DE) Basic,,,,,,,,,
A11040700O,0,DA 40 x 700 Cyl.(DE) Basic,,,,,,,,,
A11040725O,0,DA 40 x 725 Cyl.(DE) Basic,,,,,,,,,
A11040750O,0,DA 40 x 750 Cyl.(DE) Basic,,,,,,,,,
A11040775O,0,DA 40 x 775 Cyl.(DE) Basic,,,,,,,,,
A11040800O,0,DA 40 x 800 Cyl.(DE) Basic,,,,,,,,,
A11040825O,0,DA 40 x 825 Cyl.(DE) Basic,,,,,,,,,
A11040850O,0,DA 40 x 850 Cyl.(DE) Basic,,,,,,,,,
A11040875O,0,DA 40 x 875 Cyl.(DE) Basic,,,,,,,,,
A11040900O,0,DA 40 x 900 Cyl.(DE) Basic,,,,,,,,,
A11040925O,0,DA 40 x 925 Cyl.(DE) Basic,,,,,,,,,
A11040950O,0,DA 40 x 950 Cyl.(DE) Basic,,,,,,,,,
A11050020O,0,DA 50 x 20 Cyl.(DE) Basic,,,,,,,,,
A11050025O,0,DA 50 x 25 Cyl.(DE) Basic,,,,,,,,,
A11050040O,0,DA 50 x 40 Cyl.(DE) Basic,,,,,,,,,
A11050050O,0,DA 50 x 50 Cyl.(DE) Basic,,,,,,,,,
A11050070O,0,DA 50 x 70 Cyl.(DE) Basic,,,,,,,,,
A11050080L,0,DA 50 x 80 Cyl.(DE) Foot Mount,,,,,,,,,
A11050080O,0,DA 50 x 80 Cyl.(DE) Basic,,,,,,,,,
A110501000O,0,DA 50 x 1000 Cyl.(DE) Basic,,,,,,,,,
A11050100O,0,DA 50 x 100 Cyl.(DE) Basic,,,,,,,,,
A11050100O-S,0,DA 50 x 100 Cyl.(DE) Basic,,,,,,,,,
A11050125O,0,DA 50 x 125 Cyl.(DE) Basic,,,,,,,,,
A11050150O,0,DA 50 x 150 Cyl.(DE) Basic,,,,,,,,,
A11050160F,0,DA 50 x 160 Cyl.(DE) Front Flange,,,,,,,,,
A11050160O,0,DA 50 x 160 Cyl.(DE) Basic,,,,,,,,,
A11050200F,0,DA 50 x 200 Cyl.(DE) Front Flange,,,,,,,,,
A11050200O,0,DA 50 x 200 Cyl.(DE) Basic,,,,,,,,,
A11050250O,0,DA 50 x 250 Cyl.(DE) Basic,,,,,,,,,
A11050250T,0,DA 50 x 250 Cyl.(DE) Centre Trunnion,,,,,,,,,
A11050300O,0,DA 50 x 300 Cyl.(DE) Basic,,,,,,,,,
A11050320O,0,DA 50 x 320 Cyl.(DE) Basic,,,,,,,,,
A11050350O,0,DA 50 x 350 Cyl.(DE) Basic,,,,,,,,,
A11050360O,0,DA 50 x 360 Cyl. (Mag) (DE) Basic,,,,,,,,,
A11050375O,0,DA 50 x 375 Cyl.(DE) Basic,,,,,,,,,
A11050400O,0,DA 50 x 400 Cyl.(DE) Basic,,,,,,,,,
A11050425O,0,DA 50 x 425 Cyl.(DE) Basic,,,,,,,,,
A11050450O,0,DA 50 x 450 Cyl.(DE) Basic,,,,,,,,,
A11050475O,0,DA 50 x 475 Cyl.(DE) Basic,,,,,,,,,
A11050500O,0,DA 50 x 500 Cyl.(DE) Basic,,,,,,,,,
A11050524O,0,DA 50 x 524 Cyl.(DE) Basic,,,,,,,,,
A11050525O,0,DA 50 x 525 Cyl.(DE) Basic,,,,,,,,,
A11050550O,0,DA 50 x 550 Cyl.(DE) Basic,,,,,,,,,
A11050575O,0,DA 50 x 575 Cyl.(DE) Basic,,,,,,,,,
A11050625O,0,DA 50 x 625 Cyl.(DE) Basic,,,,,,,,,
A11050650O,0,DA 50 x 650 Cyl.(DE) Basic,,,,,,,,,
A11050675O,0,DA 50 x 675 Cyl.(DE) Basic,,,,,,,,,
A11050700O,0,DA 50 x 700 Cyl.(DE) Basic,,,,,,,,,
A11050725O,0,DA 50 x 725 Cyl.(DE) Basic,,,,,,,,,
A11050750O,0,DA 50 x 750 Cyl.(DE) Basic,,,,,,,,,
A11050775O,0,DA 50 x 775 Cyl.(DE) Basic,,,,,,,,,
A11050800O,0,DA 50 x 800 Cyl.(DE) Basic,,,,,,,,,
A11050825O,0,DA 50 x 825 Cyl.(DE) Basic,,,,,,,,,
A11050850O,0,DA 50 x 850 Cyl.(DE) Basic,,,,,,,,,
A11050875O,0,DA 50 x 875 Cyl.(DE) Basic,,,,,,,,,
A11050900O,0,DA 50 x 900 Cyl.(DE) Basic,,,,,,,,,
A11050925O,0,DA 50 x 925 Cyl.(DE) Basic,,,,,,,,,
A11050950O,0,DA 50 x 950 Cyl.(DE) Basic,,,,,,,,,
A11050975O,0,DA 50 x 975 Cyl.(DE) Basic,,,,,,,,,
A11063025F,0,DA 63 x 25 Cyl.(DE) Front Flange,,,,,,,,,
A11063025O,0,DA 63 x 25 Cyl.(DE) Basic,,,,,,,,,
A11063030O,0,DA 63 x 30 Cyl.(DE) Basic,,,,,,,,,
A11063050L,0,DA 63 x 50 Cyl.(DE) Foot Mount,,,,,,,,,
A11063050O,0,DA 63 x 50 Cyl.(DE) Basic,,,,,,,,,
A11063060O,0,DA 63 x 60 Cyl.(DE) Basic,,,,,,,,,
A11063075O,0,DA 63 x 75 Cyl.(DE) Basic,,,,,,,,,
A11063080O,0,DA 63 x 80 Cyl.(DE) Basic,,,,,,,,,
A11063090O,0,DA 63 x 90 Cyl.(DE) Basic,,,,,,,,,
A110631000O,0,DA 63 x 1000 Cyl.(DE) Basic,,,,,,,,,
A11063100O,0,DA 63 x 100 Cyl.(DE) Basic,,,,,,,,,
A110631250O,0,DA 63 x 1250 Cyl.(DE) Basic,,,,,,,,,
A11063125L,0,DA 63 x 125 Cyl.(DE) Foot Mount,,,,,,,,,
A11063125O,0,DA 63 x 125 Cyl.(DE) Basic,,,,,,,,,
A11063160F,0,DA 63 x 160 Cyl.(DE) Front Flange,,,,,,,,,
A11063160O,0,DA 63 x 160 Cyl.(DE) Basic,,,,,,,,,
A11063180O,0,DA 63 x 180 Cyl.(DE) Basic,,,,,,,,,
A11063200F,0,DA 63 x 200 Cyl.(DE) Front Flange,,,,,,,,,
A11063200L,0,DA 63 x 200 Cyl.(DE) Foot Mount,,,,,,,,,
A11063200O,0,DA 63 x 200 Cyl.(DE) Basic,,,,,,,,,
A11063225O,0,DA 63 x 225 Cyl.(DE) Basic,,,,,,,,,
A11063250F,0,DA 63 x 250 Cyl.(DE) Front Flange,,,,,,,,,
A11063250O,0,DA 63 x 250 Cyl.(DE) Basic,,,,,,,,,
A11063300O,0,DA 63 x 300 Cyl.(DE) Basic,,,,,,,,,
A11063320O,0,DA 63 x 320 Cyl.(DE) Basic,,,,,,,,,
A11063350O,0,DA 63 x 350 Cyl.(DE) Basic,,,,,,,,,
A11063375O,0,DA 63 x 375 Cyl.(DE) Basic,,,,,,,,,
A11063400O,0,DA 63 x 400 Cyl.(DE) Basic,,,,,,,,,
A11063425O,0,DA 63 x 425 Cyl.(DE) Basic,,,,,,,,,
A11063450O,0,DA 63 x 450 Cyl.(DE) Basic,,,,,,,,,
A11063475O,0,DA 63 x 475 Cyl.(DE) Basic,,,,,,,,,
A11063500O,0,DA 63 x 500 Cyl.(DE) Basic,,,,,,,,,
A11063525O,0,DA 63 x 525 Cyl.(DE) Basic,,,,,,,,,
A11063550O,0,DA 63 x 550 Cyl.(DE) Basic,,,,,,,,,
A11063575O,0,DA 63 x 575 Cyl.(DE) Basic,,,,,,,,,
A11063600O,0,DA 63 x 600 Cyl.(DE) Basic,,,,,,,,,
A11063625O,0,DA 63 x 625 Cyl.(DE) Basic,,,,,,,,,
A11063650O,0,DA 63 x 650 Cyl.(DE) Basic,,,,,,,,,
A11063675O,0,DA 63 x 675 Cyl.(DE) Basic,,,,,,,,,
A11063700O,0,DA 63 x 700 Cyl.(DE) Basic,,,,,,,,,
A11063725O,0,DA 63 x 725 Cyl.(DE) Basic,,,,,,,,,
A11063750O,0,DA 63 x 750 Cyl.(DE) Basic,,,,,,,,,
A11063775O,0,DA 63 x 775 Cyl.(DE) Basic,,,,,,,,,
A11063800O,0,DA 63 x 800 Cyl.(DE) Basic,,,,,,,,,
A11063825O,0,DA 63 x 825 Cyl.(DE) Basic,,,,,,,,,
A11063850O,0,DA 63 x 850 Cyl.(DE) Basic,,,,,,,,,
A11063875O,0,DA 63 x 875 Cyl.(DE) Basic,,,,,,,,,
A11063900O,0,DA 63 x 900 Cyl.(DE) Basic,,,,,,,,,
A11063925O,0,DA 63 x 925 Cyl.(DE) Basic,,,,,,,,,
A11063950O,0,DA 63 x 950 Cyl.(DE) Basic,,,,,,,,,
A11063975O,0,DA 63 x 975 Cyl.(DE) Basic,,,,,,,,,
A11080025O,0,DA 80 x 25 Cyl.(DE) Basic,,,,,,,,,
A11080050O,0,DA 80 x 50 Cyl.(DE) Basic,,,,,,,,,
A11080060O,0,DA 80 x 60 Cyl.(DE) Basic,,,,,,,,,
A11080070O,0,DA 80 x 70 Cyl.(DE) Basic,,,,,,,,,
A11080080O,0,DA 80 x 80 Cyl.(DE) Basic,,,,,,,,,
A110801000O,0,DA 80 x 1000 Cyl.(DE) Basic,,,,,,,,,
A11080100F,0,DA 80 x 100 Cyl (DE) Front flange,,,,,,,,,
A11080100O,0,DA 80 x 100 Cyl.(DE) Basic,,,,,,,,,
A11080125O,0,DA 80 x 125 Cyl.(DE) Basic,,,,,,,,,
A11080150O,0,DA 80 x 150 Cyl.(DE) Basic,,,,,,,,,
A11080160O,0,DA 80 x 160 Cyl.(DE) Basic,,,,,,,,,
A11080175O,0,DA 80 x 175 Cyl. (DE) Basic,,,,,,,,,
A11080200O,0,DA 80 x 200 Cyl.(DE) Basic,,,,,,,,,
A11080250O,0,DA 80 x 250 Cyl.(DE) Basic,,,,,,,,,
A11080300O,0,DA 80 x 300 Cyl.(DE) Basic,,,,,,,,,
A11080320O,0,DA 80 x 320 Cyl.(DE) Basic,,,,,,,,,
A11080350O,0,DA 80 x 350 Cyl.(DE) Basic,,,,,,,,,
A11080375O,0,DA 80 x 375 Cyl.(DE) Basic,,,,,,,,,
A11080400O,0,DA 80 x 400 Cyl.(DE) Basic,,,,,,,,,
A11080425O,0,DA 80 x 425 Cyl.(DE) Basic,,,,,,,,,
A11080450O,0,DA 80 x 450 Cyl.(DE) Basic,,,,,,,,,
A11080475O,0,DA 80 x 475 Cyl.(DE) Basic,,,,,,,,,
A11080500O,0,DA 80 x 500 Cyl.(DE) Basic,,,,,,,,,
A11080525O,0,DA 80 x 525 Cyl.(DE) Basic,,,,,,,,,
A11080550O,0,DA 80 x 550 Cyl.(DE) Basic,,,,,,,,,
A11080575O,0,DA 80 x 575 Cyl.(DE) Basic,,,,,,,,,
A11080600O,0,DA 80 x 600 Cyl.(DE) Basic,,,,,,,,,
A11080625O,0,DA 80 x 625 Cyl.(DE) Basic,,,,,,,,,
A11080650O,0,DA 80 x 650 Cyl.(DE) Basic,,,,,,,,,
A11080675O,0,DA 80 x 675 Cyl.(DE) Basic,,,,,,,,,
A11080700O,0,DA 80 x 700 Cyl.(DE) Basic,,,,,,,,,
A11080725O,0,DA 80 x 725 Cyl.(DE) Basic,,,,,,,,,
A11080750O,0,DA 80 x 750 Cyl.(DE) Basic,,,,,,,,,
A11080775O,0,DA 80 x 775 Cyl.(DE) Basic,,,,,,,,,
A11080800O,0,DA 80 x 800 Cyl.(DE) Basic,,,,,,,,,
A11080825O,0,DA 80 x 825 Cyl.(DE) Basic,,,,,,,,,
A11080850O,0,DA 80 x 850 Cyl.(DE) Basic,,,,,,,,,
A11080875O,0,DA 80 x 875 Cyl.(DE) Basic,,,,,,,,,
A11080900O,0,DA 80 x 900 Cyl.(DE) Basic,,,,,,,,,
A11080925O,0,DA 80 x 925 Cyl.(DE) Basic,,,,,,,,,
A11080950O,0,DA 80 x 950 Cyl.(DE) Basic,,,,,,,,,
A11080975O,0,DA 80 x 975 Cyl.(DE) Basic,,,,,,,,,
A11100025O,0,DA 100 x 25 Cyl.(DE) Basic,,,,,,,,,
A11100050O,0,DA 100 x 50 Cyl.(DE) Basic,,,,,,,,,
A11100065O,0,DA 100 x 65 Cyl.(DE) Basic,,,,,,,,,
A11100075O,0,DA 100 x 75 Cyl.(DE) Basic,,,,,,,,,
A11100080O,0,DA 100 x 80 Cyl.(DE) Basic,,,,,,,,,
A11100080T,0,DA 100 x 80 Cyl.(DE) Centre Trunnion,,,,,,,,,
A11100090O,0,DA 100 x 90 Cyl.(DE) Basic,,,,,,,,,
A111001000O,0,DA 100 x 1000 Cyl.(DE) Basic,,,,,,,,,
A11100100O,0,DA 100 x 100 Cyl.(DE) Basic,,,,,,,,,
A11100120O,0,DA 100 x 120 Cyl.(DE) Basic,,,,,,,,,
A111001250O,0,DA 100 x 1250 Cyl.(DE) Basic,,,,,,,,,
A11100125O,0,DA 100 x 125 Cyl.(DE) Basic,,,,,,,,,
A11100150O,0,DA 100 x 150 Cyl.(DE) Basic,,,,,,,,,
A11100160F,0,DA 100 x 160 Cyl.(DE) Front Flange,,,,,,,,,
A11100160O,0,DA 100 x 160 Cyl.(DE) Basic,,,,,,,,,
A11100200F,0,DA 100 x 200 Cyl.(DE) Front Flange,,,,,,,,,
A11100200O,0,DA 100 x 200 Cyl.(DE) Basic,,,,,,,,,
A11100250O,0,DA 100 x 250 Cyl.(DE) Basic,,,,,,,,,
A11100300O,0,DA 100 x 300 Cyl.(DE) Basic,,,,,,,,,
A11100320O,0,DA 100 x 320 Cyl.(DE) Basic,,,,,,,,,
A11100350O,0,DA 100 x 350 Cyl.(DE) Basic,,,,,,,,,
A11100375O,0,DA 100 x 375 Cyl.(DE) Basic,,,,,,,,,
A11100400F,0,DA 100 x 400 Cyl.(DE) Front Flange,,,,,,,,,
A11100400O,0,DA 100 x 400 Cyl.(DE) Basic,,,,,,,,,
A11100425O,0,DA 100 x 425 Cyl.(DE) Basic,,,,,,,,,
A11100450O,0,DA 100 x 450 Cyl.(DE) Basic,,,,,,,,,
A11100475O,0,DA 100 x 475 Cyl.(DE) Basic,,,,,,,,,
A11100500O,0,DA 100 x 500 Cyl.(DE) Basic,,,,,,,,,
A11100525O,0,DA 100 x 525 Cyl.(DE) Basic,,,,,,,,,
A11100550O,0,DA 100 x 550 Cyl.(DE) Basic,,,,,,,,,
A11100575O,0,DA 100 x 575 Cyl.(DE) Basic,,,,,,,,,
A11100600O,0,DA 100 x 600 Cyl.(DE) Basic,,,,,,,,,
A11100625O,0,DA 100 x 625 Cyl.(DE) Basic,,,,,,,,,
A11100650O,0,DA 100 x 650 Cyl.(DE) Basic,,,,,,,,,
A11100675O,0,DA 100 x 675 Cyl.(DE) Basic,,,,,,,,,
A11100700O,0,DA 100 x 700 Cyl.(DE) Basic,,,,,,,,,
A11100725O,0,DA 100 x 725 Cyl.(DE) Basic,,,,,,,,,
A11100750O,0,DA 100 x 750 Cyl.(DE) Basic,,,,,,,,,
A11100775O,0,DA 100 x 775 Cyl.(DE) Basic,,,,,,,,,
A11100800O,0,DA 100 x 800 Cyl.(DE) Basic,,,,,,,,,
A11100825O,0,DA 100 x 825 Cyl.(DE) Basic,,,,,,,,,
A11100850O,0,DA 100 x 850 Cyl.(DE) Basic,,,,,,,,,
A11100875O,0,DA 100 x 875 Cyl.(DE) Basic,,,,,,,,,
A11100900O,0,DA 100 x 900 Cyl.(DE) Basic,,,,,,,,,
A11100925O,0,DA 100 x 925 Cyl.(DE) Basic,,,,,,,,,
A11100950O,0,DA 100 x 950 Cyl.(DE) Basic,,,,,,,,,
A11100975O,0,DA 100 x 975 Cyl.(DE) Basic,,,,,,,,,
A12032010O,0,DA 32 x 10 Cyl. Basic,,,,,,,,,
A12032012O,0,DA 32 x 12 Cyl. Basic,,,,,,,,,
A12032015O,0,DA 32 x 15 Cyl. Basic,,,,,,,,,
A12032020O,0,DA 32 x 20 Cyl.Basic,,,,,,,,,
A12032025D,0,DA 32 x 25 Cyl. Female Clevis,,,,,,,,,
A12032025F,0,DA 32 x 25 Cyl. Front Flange,,,,,,,,,
A12032025O,0,DA 32 x 25 Cyl. Basic,,,,,,,,,
A12032030O,0,DA 32 x 30 Cyl. Basic,,,,,,,,,
A12032032O,0,DA 32 x 32 Cyl. Basic,,,,,,,,,
A12032035O,0,DA 32 x 35 Cyl. Basic,,,,,,,,,
A12032040O,0,DA 32 x 40 Cyl. Basic,,,,,,,,,
A12032043O,0,DA 32 x 43 Cyl. Basic,,,,,,,,,
A12032050D,0,DA 32 x 50 Cyl. Female Clevis,,,,,,,,,
A12032050F,0,DA 32 x 50 Cyl. Front flange,,,,,,,,,
A12032050L,0,DA 32 x 50 Cyl. Foot mount,,,,,,,,,
A12032050O,0,DA 32 x 50 Cyl. Basic,,,,,,,,,
A12032050T,0,DA 32 x 50 Cyl. Centre Trunnion,,,,,,,,,
A12032052O,0,DA 32 x 52 Cyl. Basic,,,,,,,,,
A12032060O,0,DA 32 x 60 Cyl. Basic,,,,,,,,,
A12032060S,0,DA 32 x 60 Cyl. Male clevis,,,,,,,,,
A12032063O,0,DA 32 x 63 Cyl. Basic,,,,,,,,,
A12032065O,0,DA 32 x 65 Cyl. Basic,,,,,,,,,
A12032070L,0,DA 32 x 70 Cyl. Foot Mount,,,,,,,,,
A12032070O,0,DA 32 x 70 Cyl. Basic,,,,,,,,,
A12032075O,0,DA 32 x 75 Cyl. Basic,,,,,,,,,
A12032080D,0,DA 32 x 80 Cyl. Female Clevis,,,,,,,,,
A12032080F,0,DA 32 x 80 Cyl. Front flange,,,,,,,,,
A12032080L,0,DA 32 x 80 Cyl. Foot mount,,,,,,,,,
A12032080N,0,DA 32 x 80 Cyl. Front Trunnion,,,,,,,,,
A12032080O,0,DA 32 x 80 Cyl. Basic,,,,,,,,,
A12032080O-S,0,DA 32 x 80 Cyl. Basic,,,,,,,,,
A12032080S,0,DA 32 x 80 Cyl. Male clevis,,,,,,,,,
A12032085O,0,DA 32 x 85 Cyl. Basic,,,,,,,,,
A12032092O,0,DA 32 x 92 Cyl. Basic,,,,,,,,,
A120321000O,0,DA 32 x 1000 Cyl. Basic,,,,,,,,,
A12032100D,0,DA 32 x 100 Cyl. Female Clevis,,,,,,,,,
A12032100O,0,DA 32 x 100 Cyl. Basic,,,,,,,,,
A12032100O-S,0,DA 32 x 100 Cyl. Basic,,,,,,,,,
A12032100S,0,DA 32 x 100 Cyl. Male clevis,,,,,,,,,
A12032100T,0,DA 32 x 100 Cyl. Center trunnion,,,,,,,,,
A120321100N,0,DA 32 x 1100 Cyl. Front Trunnion,,,,,,,,,
A120321100O,0,DA 32 x 1100 Cyl. Basic,,,,,,,,,
A12032110O,0,DA 32 x 110 Cyl. Basic,,,,,,,,,
A120321160O,0,DA 32 x 1160 Cyl. Basic,,,,,,,,,
A120321200O,0,DA 32 x 1200 Cyl. Basic,,,,,,,,,
A12032120O,0,DA 32 x 120 Cyl. Basic,,,,,,,,,
A120321250O,0,DA 32 x 1250 Cyl. Basic,,,,,,,,,
A12032125O,0,DA 32 x 125 Cyl. Basic,,,,,,,,,
A12032125O-S,0,DA 32 x 125 Cyl. Basic,,,,,,,,,
A12032130O,0,DA 32 x 130 Cyl. Basic,,,,,,,,,
A12032140O,0,DA 32 x 140 Cyl. Basic,,,,,,,,,
A120321500O,0,DA 32 x 1500 Cyl. Basic,,,,,,,,,
A12032150O,0,DA 32 x 150 Cyl. Basic,,,,,,,,,
A120321550O,0,DA 32 x 1550 Cyl. Basic,,,,,,,,,
A12032155O,0,DA 32 x 155 Cyl. Basic,,,,,,,,,
A12032160O,0,DA 32 x 160 Cyl. Basic,,,,,,,,,
A12032160O-S,0,DA 32 x 160 Cyl. Basic,,,,,,,,,
A12032160T,0,DA 32 x 160 Cyl. Centre Trunnion,,,,,,,,,
A12032165O,0,DA 32 x 165 Cyl. Basic,,,,,,,,,
A12032170O,0,DA 32 x 170 Cyl. Basic,,,,,,,,,
A12032175O,0,DA 32 x 175 Cyl. Basic,,,,,,,,,
A12032180O,0,DA 32 x 180 Cyl. Basic,,,,,,,,,
A12032190O,0,DA 32 x 190 Cyl. Basic,,,,,,,,,
A120322000O,0,DA 32 x 2000 Cyl. Basic,,,,,,,,,
A12032200D,0,DA 32 x 200 Cyl. Female Clevis,,,,,,,,,
A12032200L,0,DA 32 x 200 Cyl. Foot mount,,,,,,,,,
A12032200O,0,DA 32 x 200 Cyl. Basic,,,,,,,,,
A12032200T,0,DA 32 x 200 Cyl. Centre Trunnion,,,,,,,,,
A12032220O,0,DA 32 x 220 Cyl. Basic,,,,,,,,,
A12032225O,0,DA 32 x 225 Cyl. Basic,,,,,,,,,
A12032250O,0,DA 32 x 250 Cyl. Basic,,,,,,,,,
A12032280O,0,DA 32 x 280 Cyl. Basic,,,,,,,,,
A12032290O,0,DA 32 x 290 Cyl. Basic,,,,,,,,,
A12032300O,0,DA 32 x 300 Cyl. Basic,,,,,,,,,
A12032300T,0,DA 32 x 300 Cyl. Centre Trunnion,,,,,,,,,
A12032311O,0,DA 32 x 311 Cyl. Basic,,,,,,,,,
A12032320O,0,DA 32 x 320 Cyl. Basic,,,,,,,,,
A12032325O,0,DA 32 x 325 Cyl. Basic,,,,,,,,,
A12032330O,0,DA 32 x 330 Cyl. Basic,,,,,,,,,
A12032350O,0,DA 32 x 350 Cyl. Basic,,,,,,,,,
A12032360O,0,DA 32 x 360 Cyl. Basic,,,,,,,,,
A12032370O,0,DA 32 x 370 Cyl. Basic,,,,,,,,,
A12032375O,0,DA 32 x 375 Cyl. Basic,,,,,,,,,
A12032385O,0,DA 32 x 385 Cyl. Basic,,,,,,,,,
A12032400O,0,DA 32 x 400 Cyl. Basic,,,,,,,,,
A12032410O,0,DA 32 x 410 Cyl. Basic,,,,,,,,,
A12032411O,0,DA 32 x 411 Cyl. Basic,,,,,,,,,
A12032425O,0,DA 32 x 425 Cyl. Basic,,,,,,,,,
A12032432O,0,DA 32 x 432 Cyl. Basic,,,,,,,,,
A12032450F,0,DA 32 x 450 Cyl. Front Flange,,,,,,,,,
A12032450O,0,DA 32 x 450 Cyl. Basic,,,,,,,,,
A12032460O,0,DA 32 x 460 Cyl. Basic,,,,,,,,,
A12032475O,0,DA 32 x 475 Cyl. Basic,,,,,,,,,
A12032500O,0,DA 32 x 500 Cyl. Basic,,,,,,,,,
A12032511O,0,DA 32 x 511 Cyl. Basic,,,,,,,,,
A12032525O,0,DA 32 x 525 Cyl. Basic,,,,,,,,,
A12032550O,0,DA 32 x 550 Cyl. Basic,,,,,,,,,
A12032575O,0,DA 32 x 575 Cyl. Basic,,,,,,,,,
A12032580O,0,DA 32 x 580 Cyl. Basic,,,,,,,,,
A12032600O,0,DA 32 x 600 Cyl. Basic,,,,,,,,,
A12032610O,0,DA 32 x 610 Cyl. Basic,,,,,,,,,
A12032620O,0,DA 32 x 620 Cyl. Basic,,,,,,,,,
A12032625O,0,DA 32 x 625 Cyl. Basic,,,,,,,,,
A12032650F,0,DA 32 x 650 Cyl. Front Flange,,,,,,,,,
A12032650O,0,DA 32 x 650 Cyl. Basic,,,,,,,,,
A12032650T,0,DA 32 x 650 Cyl. Centre Trunnion,,,,,,,,,
A12032660O,0,DA 32 x 660 Cyl. Basic,,,,,,,,,
A12032670O,0,DA 32 x 670 Cyl. Basic,,,,,,,,,
A12032675O,0,DA 32 x 675 Cyl. Basic,,,,,,,,,
A12032700O,0,DA 32 x 700 Cyl. Basic,,,,,,,,,
A12032750O,0,DA 32 x 750 Cyl. Basic,,,,,,,,,
A12032760O,0,DA 32 x 760 Cyl. Basic,,,,,,,,,
A12032775O,0,DA 32 x 775 Cyl. Basic,,,,,,,,,
A12032800L,0,DA 32 x 800 Cyl. Foot Mount,,,,,,,,,
A12032800O,0,DA 32 x 800 Cyl. Basic,,,,,,,,,
A12032850O,0,DA 32 x 850 Cyl. Basic,,,,,,,,,
A12032875O,0,DA 32 x 875 Cyl. Basic,,,,,,,,,
A12032900O,0,DA 32 x 900 Cyl. Basic,,,,,,,,,
A12032925O,0,DA 32 x 925 Cyl. Basic,,,,,,,,,
A12032950O,0,DA 32 x 950 Cyl. Basic,,,,,,,,,
A12032975O,0,DA 32 x 975 Cyl. Basic,,,,,,,,,
A12040010O,0,DA 40 x 10 Cyl. Basic,,,,,,,,,
A12040012O,0,DA 40 x 12 Cyl. Basic,,,,,,,,,
A12040015O,0,DA 40 x 15 Cyl. Basic,,,,,,,,,
A12040020O,0,DA 40 x 20 Cyl. Basic,,,,,,,,,
A12040025F,0,DA 40 x 25 Cyl. Front flange,,,,,,,,,
A12040025L,0,DA 40 x 25 Cyl. Foot Mount,,,,,,,,,
A12040025O,0,DA 40 x 25 Cyl. Basic,,,,,,,,,
A12040025T,0,DA 40 x 25 Cyl. Centre Trunnion,,,,,,,,,
A12040030F,0,DA 40 x 30 Cyl. Front flange,,,,,,,,,
A12040030O,0,DA 40 x 30 Cyl. Basic,,,,,,,,,
A12040035O,0,DA 40 x 35 Cyl. Basic,,,,,,,,,
A12040040O,0,DA 40 x 40 Cyl. Basic,,,,,,,,,
A12040045O,0,DA 40 x 45 Cyl. Basic,,,,,,,,,
A12040050D,0,DA 40 x 50 Cyl. Female Clevis,,,,,,,,,
A12040050F,0,DA 40 x 50 Cyl. Front flange,,,,,,,,,
A12040050L,0,DA 40 x 50 Cyl. Foot Mount,,,,,,,,,
A12040050O,0,DA 40 x 50 Cyl. Basic,,,,,,,,,
A12040050O-S,0,DA 40 x 50 Cyl. Basic,,,,,,,,,
A12040050R,0,DA 40 x 50 Cyl. Rear flange,,,,,,,,,
A12040050S,0,DA 40 x 50 Cyl. Male Clevis,,,,,,,,,
A12040050T,0,DA 40 x 50 Cyl. Centre trunnion,,,,,,,,,
A12040060D,0,DA 40 x 60 Cyl. Female Clevis,,,,,,,,,
A12040060O,0,DA 40 x 60 Cyl. Basic,,,,,,,,,
A12040060S,0,DA 40 x 60 Cyl. Male clevis,,,,,,,,,
A12040070O,0,DA 40 x 70 Cyl. Basic,,,,,,,,,
A12040075D,0,DA 40 x 75 Cyl. Female Clevis,,,,,,,,,
A12040075O,0,DA 40 x 75 Cyl. Basic,,,,,,,,,
A12040080D,0,DA 40 x 80 Cyl. Female Clevis,,,,,,,,,
A12040080F,0,DA 40 x 80 Cyl. Front Flange,,,,,,,,,
A12040080O,0,DA 40 x 80 Cyl. Basic,,,,,,,,,
A12040080O-B,0,DA 40 x 80 Cyl. Basic with Bellows,,,,,,,,,
A12040080O-S,0,DA 40 x 80 Cyl. Basic,,,,,,,,,
A12040080S,0,DA 40 x 80 Cyl. Male clevis,,,,,,,,,
A12040080T,0,DA 40 x 80 Cyl. Centre Trunnion,,,,,,,,,
A12040085O,0,DA 40 x 85 Cyl. Basic,,,,,,,,,
A12040090O,0,DA 40 x 90 Cyl. Basic,,,,,,,,,
A120401000L,0,DA 40 x 1000 Cyl. Basic,,,,,,,,,
A120401000O,0,DA 40 x 1000 Cyl. Basic,,,,,,,,,
A12040100D,0,DA 40 x 100 Cyl. Female clevis,,,,,,,,,
A12040100F,0,DA 40 x 100 Cyl. Front Flange,,,,,,,,,
A12040100O,0,DA 40 x 100 Cyl. Basic,,,,,,,,,
A12040100O-S,0,DA 40 x 100 Cyl. Basic,,,,,,,,,
A12040100S,0,DA 40 x100 Cyl. Male clevis,,,,,,,,,
A12040100T,0,DA 40 x 100 Cyl. Centre Trunnion,,,,,,,,,
A120401040O,0,DA 40 x 1040 Cyl. Basic,,,,,,,,,
A120401050O,0,DA 40 x 1050 Cyl. Basic,,,,,,,,,
A120401060O,0,DA 40 x 1060 Cyl. Basic,,,,,,,,,
A120401100O,0,DA 40 x 1100 Cyl. Basic,,,,,,,,,
A12040110O,0,DA 40 x 110 Cyl. Basic,,,,,,,,,
A12040115O,0,DA 40 x 115 Cyl. Basic,,,,,,,,,
A12040118O,0,DA 40 x 118 Cyl. Basic,,,,,,,,,
A120401200O,0,DA 40 x 1200 Cyl. Basic,,,,,,,,,
A12040120D,0,DA 40 x 120 Cyl. Female clevis,,,,,,,,,
A12040120O,0,DA 40 x 120 Cyl. Basic,,,,,,,,,
A120401250O,0,DA 40 x 1250 Cyl. Basic,,,,,,,,,
A12040125D,0,DA 40 x 125 Cyl. Female Clevis,,,,,,,,,
A12040125F,0,DA 40 x 125 Cyl. Front Flange,,,,,,,,,
A12040125L,0,DA 40 x 125 Cyl. Foot Mount,,,,,,,,,
A12040125O,0,DA 40 x 125 Cyl. Basic,,,,,,,,,
A12040125O-S,0,DA 40 x 125 Cyl. Basic,,,,,,,,,
A120401275O,0,DA 40 x 1275 Cyl. Basic,,,,,,,,,
A120401300O,0,DA 40 x 1300 Cyl. Basic,,,,,,,,,
A120401400O,0,DA 40 x 1400 Cyl. Basic,,,,,,,,,
A12040140O,0,DA 40 x 140 Cyl. Basic,,,,,,,,,
A12040150D,0,DA 40 x 150 Cyl. Female Clevis,,,,,,,,,
A12040150F,0,DA 40 x 150 Cyl. Front Flange,,,,,,,,,
A12040150L,0,DA 40 x 150 Cyl. Foot Mount,,,,,,,,,
A12040150O,0,DA 40 x 150 Cyl. Basic,,,,,,,,,
A12040150O-S,0,DA 40 x 150 Cyl. Basic,,,,,,,,,
A120401600O,0,DA 40 x 1600 Cyl. Basic,,,,,,,,,
A12040160D,0,DA 40 x 160 Cyl.Female clevis,,,,,,,,,
A12040160F,0,DA 40 x 160 Cyl. Front Flange,,,,,,,,,
A12040160O,0,DA 40 x 160 Cyl. Basic,,,,,,,,,
A12040160O-S,0,DA 40 x 160 Cyl. Basic,,,,,,,,,
A12040160S,0,DA 40 x 160 Cyl. Male clevis,,,,,,,,,
A12040160T,0,DA 40 x 160 Cyl. Centre Trunnion,,,,,,,,,
A12040165O,0,DA 40 x 165 Cyl. Basic,,,,,,,,,
A12040170O,0,DA 40 x 170 Cyl. Basic,,,,,,,,,
A12040172O,0,DA 40 x 172 Cyl. Basic,,,,,,,,,
A12040175O,0,DA 40 x 175 Cyl. Basic,,,,,,,,,
A12040180O,0,DA 40 x 180 Cyl. Basic,,,,,,,,,
A120402000O,0,DA 40 x 2000 Cyl. Basic,,,,,,,,,
A12040200D,0,DA 40 x 200 Cyl. Female Clevis,,,,,,,,,
A12040200F,0,DA 40 x 200 Cyl.Front Flange,,,,,,,,,
A12040200L,0,DA 40 x 200 Cyl. Foot Mount,,,,,,,,,
A12040200N,0,DA 40 x 200 Cyl. Front Trunnion,,,,,,,,,
A12040200O,0,DA 40 x 200 Cyl. Basic,,,,,,,,,
A12040200O-S,0,DA 40 x 200 Cyl. Basic,,,,,,,,,
A12040200S,0,DA 40 x 200 Cyl. Male clevis,,,,,,,,,
A12040217O,0,DA 40 x 217 Cyl. Basic,,,,,,,,,
A12040220O,0,DA 40 x 220 Cyl. Basic,,,,,,,,,
A12040225N,0,DA 40 x 225 Cyl. Front Trunnion,,,,,,,,,
A12040225O,0,DA 40 x 225 Cyl. Basic,,,,,,,,,
A12040230O,0,DA 40 x 230 Cyl. Basic,,,,,,,,,
A12040240O,0,DA 40 x 240 Cyl. Basic,,,,,,,,,
A12040250D,0,DA 40 x 250 Cyl. Female Clevis,,,,,,,,,
A12040250F,0,DA 40 x 250 Cyl. Front Flange,,,,,,,,,
A12040250L,0,DA 40 x 250 Cyl. Foot mount,,,,,,,,,
A12040250O,0,DA 40 x 250 Cyl. Basic,,,,,,,,,
A12040260O,0,DA 40 x 260 Cyl. Basic,,,,,,,,,
A120402700O,0,DA 40 x 2700 Cyl. Basic,,,,,,,,,
A12040280O,0,DA 40 x 280 Cyl. Basic,,,,,,,,,
A12040300O,0,DA 40 x 300 Cyl. Basic,,,,,,,,,
A12040300O-S,0,DA 40 x 300 Cyl. Basic,,,,,,,,,
A12040310O,0,DA 40 x 310 Cyl. Basic,,,,,,,,,
A12040320D,0,DA 40 x 320 Cyl. Female Clevis,,,,,,,,,
A12040320O,0,DA 40 x 320 Cyl. Basic,,,,,,,,,
A12040325O,0,DA 40 x 325 Cyl. Basic,,,,,,,,,
A12040330O,0,DA 40 x 330 Cyl. Basic,,,,,,,,,
A12040350O,0,DA 40 x 350 Cyl. Basic,,,,,,,,,
A12040375O,0,DA 40 x 375 Cyl. Basic,,,,,,,,,
A12040385O,0,DA 40 x 385 Cyl. Basic,,,,,,,,,
A12040390T,0,DA 40 x 390 Cyl. Centre Trunnion,,,,,,,,,
A12040400D,0,DA 40 x 400 Cyl. Female Clevis,,,,,,,,,
A12040400F,0,DA 40 x 400 Cyl. Front Flange,,,,,,,,,
A12040400O,0,DA 40 x 400 Cyl. Basic,,,,,,,,,
A12040400O-S,0,DA 40 x 400 Cyl. Basic,,,,,,,,,
A12040400T,0,DA 40 x 400 Cyl. Centre Trunnion,,,,,,,,,
A12040410O,0,DA 40 x 410 Cyl. Basic,,,,,,,,,
A12040410O-S,0,DA 40 x 410 Cyl. Basic,,,,,,,,,
A12040425O,0,DA 40 x 425 Cyl. Basic,,,,,,,,,
A12040432O,0,DA 40 x 432 Cyl. Basic,,,,,,,,,
A12040450O,0,DA 40 x 450 Cyl. Basic,,,,,,,,,
A12040450O-S,0,DA 40 x 450 Cyl. Basic,,,,,,,,,
A12040460O,0,DA 40 x 460 Cyl. Basic,,,,,,,,,
A12040475O,0,DA 40 x 475 Cyl. Basic,,,,,,,,,
A12040500O,0,DA 40 x 500 Cyl. Basic,,,,,,,,,
A12040500O-S,0,DA 40 x 500 Cyl. Basic,,,,,,,,,
A12040540O,0,DA 40 x 540 Cyl. Basic,,,,,,,,,
A12040550O,0,DA 40 x 550 Cyl. Basic,,,,,,,,,
A12040580O,0,DA 40 x 580 Cyl. Basic,,,,,,,,,
A12040600O,0,DA 40 x 600 Cyl. Basic,,,,,,,,,
A12040600O-S,0,DA 40 x 600 Cyl. Basic,,,,,,,,,
A12040615O,0,DA 40 x 615 Cyl. Basic,,,,,,,,,
A12040615O-S,0,DA 40 x 615 Cyl. Basic,,,,,,,,,
A12040625O,0,DA 40 x 625 Cyl. Basic,,,,,,,,,
A12040650L,0,DA 40 x 650 Cyl. Foot Mount,,,,,,,,,
A12040650O,0,DA 40 x 650 Cyl. Basic,,,,,,,,,
A12040675O,0,DA 40 x 675 Cyl. Basic,,,,,,,,,
A12040700O,0,DA 40 x 700 Cyl. Basic,,,,,,,,,
A12040725O,0,DA 40 x 725 Cyl. Basic,,,,,,,,,
A12040750O,0,DA 40 x 750 Cyl. Basic,,,,,,,,,
A12040775O,0,DA 40 x 775 Cyl. Basic,,,,,,,,,
A12040800L,0,DA 40 x 800 Cyl. Foot Mount,,,,,,,,,
A12040800O,0,DA 40 x 800 Cyl. Basic,,,,,,,,,
A12040810O,0,DA 40 x 810 Cyl. Basic,,,,,,,,,
A12040825O,0,DA 40 x 825 Cyl. Basic,,,,,,,,,
A12040850O,0,DA 40 x 850 Cyl. Basic,,,,,,,,,
A12040850T,0,DA 40 x 850 Cyl. Centre Trunnion,,,,,,,,,
A12040875O,0,DA 40 x 875 Cyl. Basic,,,,,,,,,
A12040900O,0,DA 40 x 900 Cyl. Basic,,,,,,,,,
A12040925O,0,DA 40 x 925 Cyl. Basic,,,,,,,,,
A12040950O,0,DA 40 x 950 Cyl. Basic,,,,,,,,,
A12050010O,0,DA 50 x 10 Cyl. Basic,,,,,,,,,
A12050020D,0,DA 50 x 20 Cyl. Female Clevis,,,,,,,,,
A12050020O,0,DA 50 x 20 Cyl. Basic,,,,,,,,,
A12050020T,0,DA 50 x 20 Cyl. Centre Trunnion,,,,,,,,,
A12050025D,0,DA 50 x 25 Cyl. Female Clevis,,,,,,,,,
A12050025F,0,DA 50 x 25 Cyl. Front Flange,,,,,,,,,
A12050025O,0,DA 50 x 25 Cyl. Basic,,,,,,,,,
A12050025T,0,DA 50 x 25 Cyl. Centre Trunnion,,,,,,,,,
A12050030D,0,DA 50 x 30 Cyl. Female Clevis,,,,,,,,,
A12050030O,0,DA 50 x 30 Cyl. Basic,,,,,,,,,
A12050032O,0,DA 50 x 32 Cyl. Basic,,,,,,,,,
A12050035D,0,DA 50 x 35 Cyl. Female clevis,,,,,,,,,
A12050035O,0,DA 50 x 35 Cyl. Basic,,,,,,,,,
A12050040D,0,DA 50 x 40 Cyl. Female Clevis,,,,,,,,,
A12050040O,0,DA 50 x 40 Cyl. Basic,,,,,,,,,
A12050040S,0,DA 50 x 40 Cyl. Male clevis,,,,,,,,,
A12050041O,0,DA 50 x 41 Cyl. Basic,,,,,,,,,
A12050043O,0,DA 50 x 43 Cyl. Basic,,,,,,,,,
A12050047O,0,DA 50 x 47 Cyl. Basic,,,,,,,,,
A12050050D,0,DA 50 x 50 Cyl. Female Clevis,,,,,,,,,
A12050050F,0,DA 50 x 50 Cyl. Front flange,,,,,,,,,
A12050050L,0,DA 50 x 50 Cyl. Foot Mount,,,,,,,,,
A12050050O,0,DA 50 x 50 Cyl. Basic,,,,,,,,,
A12050050O-N,0,DA 50 x 50 Cyl. Basic,,,,,,,,,
A12050050S,0,DA 50 x 50 Cyl. Male clevis,,,,,,,,,
A12050050T,0,DA 50 x 50 Cyl. Center Trunnion,,,,,,,,,
A12050060L,0,DA 50 x 60 Cyl. Foot mount,,,,,,,,,
A12050060O,0,DA 50 x 60 Cyl. Basic,,,,,,,,,
A12050063L,0,DA 50 x 63 Cyl. Foot Mount,,,,,,,,,
A12050063O,0,DA 50 x 63 Cyl. Basic,,,,,,,,,
A12050065F,0,DA 50 x 65 Cyl. Front Flange,,,,,,,,,
A12050065O,0,DA 50 x 65 Cyl. Basic,,,,,,,,,
A12050070O,0,DA 50 x 70 Cyl. Basic,,,,,,,,,
A12050075O,0,DA 50 x 75 Cyl. Basic,,,,,,,,,
A12050080D,0,DA 50 x 80 Cyl. Female clevis,,,,,,,,,
A12050080F,0,DA 50 x 80 Cyl. Front Flange,,,,,,,,,
A12050080L,0,DA 50x80 Cyl.  Foot mount,,,,,,,,,
A12050080O,0,DA 50 x 80 Cyl. Basic,,,,,,,,,
A12050080O-N,0,DA 50 x 80 Cyl. Basic,,,,,,,,,
A12050080O-S,0,DA 50 x 80 Cyl. Basic,,,,,,,,,
A12050080S,0,DA 50 x 80 Cyl. Male clevis,,,,,,,,,
A12050080T,0,DA 50 x 80 Cyl. Centre Trunnion,,,,,,,,,
A12050085O,0,DA 50 x 85 Cyl. Basic,,,,,,,,,
A12050090O,0,DA 50 x 90 Cyl. Basic,,,,,,,,,
A120501000O,0,DA 50 x 1000 Cyl. Basic,,,,,,,,,
A12050100D,0,DA 50 x 100 Cyl. Female clevis,,,,,,,,,
A12050100F,0,DA 50 x 100 Cyl. Front flange,,,,,,,,,
A12050100L,0,DA 50 x 100 Cyl. Foot mount,,,,,,,,,
A12050100N,0,DA 50 x 100 Cyl. Front Trunnion,,,,,,,,,
A12050100O,0,DA 50 x 100 Cyl. Basic,,,,,,,,,
A12050100O-S,0,DA 50 x 100 Cyl. Basic,,,,,,,,,
A12050100S,0,DA 50 x 100 Cyl. Male clevis,,,,,,,,,
A12050100T,0,DA 50 x 100 Cyl. Centre Trunnion,,,,,,,,,
A120501040O,0,DA 50 x 1040 Cyl. Basic,,,,,,,,,
A120501050O,0,DA 50 x 1050 Cyl. Basic,,,,,,,,,
A12050105O,0,DA 50 x 105 Cyl. Basic,,,,,,,,,
A120501100O,0,DA 50 x 1100 Cyl. Basic,,,,,,,,,
A12050110O,0,DA 50 x 110 Cyl. Basic,,,,,,,,,
A12050115F,0,DA 50 x 115 Cyl. Front Flange,,,,,,,,,
A12050115O,0,DA 50 x 115 Cyl. Basic,,,,,,,,,
A120501200L,0,DA 50 x 1200 Cyl. Foot mount,,,,,,,,,
A120501200O,0,DA 50 x 1200 Cyl. Basic,,,,,,,,,
A12050120O,0,DA 50 x 120 Cyl. Basic,,,,,,,,,
A120501250O,0,DA 50 x 1250 Cyl. Basic,,,,,,,,,
A120501255O,0,DA 50 x 1255 Cyl. Basic,,,,,,,,,
A12050125D,0,DA 50 x 125 Cyl. Female clevis,,,,,,,,,
A12050125F,0,DA 50 x 125 Cyl. Front Flange,,,,,,,,,
A12050125O,0,DA 50 x 125 Cyl. Basic,,,,,,,,,
A12050125O-S,0,DA 50 x 125 Cyl. Basic,,,,,,,,,
A12050125O-S-B,0,DA 50 x 125 Cyl. Basic with Bellows,,,,,,,,,
A12050125T,0,DA 50 x 125 Cyl. Centre Trunnion,,,,,,,,,
A120501275O,0,DA 50 x 1275 Cyl. Basic,,,,,,,,,
A120501300O,0,DA 50 x 1300 Cyl. Basic,,,,,,,,,
A12050130O,0,DA 50 x 130 Cyl. Basic,,,,,,,,,
A120501350O,0,DA 50 x 1350 Cyl. Basic,,,,,,,,,
A12050135O,0,DA 50 x 135 Cyl. Basic,,,,,,,,,
A120501400O,0,DA 50 x 1400 Cyl. Basic,,,,,,,,,
A12050140O,0,DA 50 x 140 Cyl. Basic,,,,,,,,,
A120501500L,0,DA 50 x 1500 Cyl. Foot mount,,,,,,,,,
A120501500O,0,DA 50 x 1500 Cyl. Basic,,,,,,,,,
A12050150O,0,DA 50 x 150 Cyl. Basic,,,,,,,,,
A12050155O,0,DA 50 x 155 Cyl. Basic,,,,,,,,,
A12050160D,0,DA 50 x 160 Cyl. Female Clevis,,,,,,,,,
A12050160F,0,DA 50 x 160 Cyl. Front Flange,,,,,,,,,
A12050160N,0,DA 50 x 160 Cyl. Front Trunnion,,,,,,,,,
A12050160O,0,DA 50 x 160 Cyl. Basic,,,,,,,,,
A12050160O-S,0,DA 50 x 160 Cyl. Basic,,,,,,,,,
A12050160S,0,DA 50 x 160 Cyl. Male clevis,,,,,,,,,
A120501640O,0,DA 50 x 1640 Cyl. Basic,,,,,,,,,
A120501700O,0,DA 50 x 1700 Cyl. Basic,,,,,,,,,
A12050170O,0,DA 50 x 170 Cyl. Basic,,,,,,,,,
A12050170S,0,DA 50 x 170 Cyl. Male clevis,,,,,,,,,
A120501725O,0,DA 50 x 1725 Cyl. Basic,,,,,,,,,
A120501750O,0,DA 50 x 1750 Cyl. Basic,,,,,,,,,
A12050175L,0,DA 50 x 175 Cyl. Foot Mount,,,,,,,,,
A12050175O,0,DA 50 x 175 Cyl. Basic,,,,,,,,,
A120501800F,0,DA 50 x 1800 Cyl. Front Flange,,,,,,,,,
A12050180O,0,DA 50 x 180 Cyl. Basic,,,,,,,,,
A120501840O,0,DA 50 x 1840 Cyl. basic,,,,,,,,,
A120501888O,0,DA 50 x 1888 Cyl. Basic,,,,,,,,,
A12050190O,0,DA 50 x 190 Cyl. Basic,,,,,,,,,
A120502000O,0,DA 50 x 2000 Cyl. Basic,,,,,,,,,
A12050200D,0,DA 50 x 200 Cyl. Female clevis,,,,,,,,,
A12050200F,0,DA 50 x 200 Cyl. Front Flange,,,,,,,,,
A12050200L,0,DA 50 x 200 Cyl. Foot Mount,,,,,,,,,
A12050200O,0,DA 50 x 200 Cyl. Basic,,,,,,,,,
A12050200O-S,0,DA 50 x 200 Cyl. Basic,,,,,,,,,
A12050200T,0,DA 50 x 200 Cyl. Centre Trunnion,,,,,,,,,
A120502200O,0,DA 50 x 2200 Cyl. Basic,,,,,,,,,
A12050225O,0,DA 50 x 225 Cyl. Basic,,,,,,,,,
A12050227O,0,DA 50 x 227 Cyl. Basic,,,,,,,,,
A12050230F,0,DA 50 x 230 Cyl. Front Flange,,,,,,,,,
A12050230O,0,DA 50 x 230 Cyl. Basic,,,,,,,,,
A12050245O,0,DA 50 x 245 Cyl. Basic,,,,,,,,,
A12050250D,0,DA 50 x 250 Cyl. Female Clevis,,,,,,,,,
A12050250F,0,DA 50 x 250 Cyl. Front Flange,,,,,,,,,
A12050250O,0,DA 50 x 250 Cyl. Basic,,,,,,,,,
A12050250O-S,0,DA 50 x 250 Cyl. Basic,,,,,,,,,
A12050250T,0,DA 50 x 250 Cyl. Centre Trunnion,,,,,,,,,
A12050260O,0,DA 50 x 260 Cyl. Basic,,,,,,,,,
A12050270O,0,DA 50 x 270 Cyl. Basic,,,,,,,,,
A12050275F,0,DA 50 x 275 Cyl. Front Flange,,,,,,,,,
A12050275O,0,DA 50 x 275 Cyl. Basic,,,,,,,,,
A12050280O,0,DA 50 x 280 Cyl. Basic,,,,,,,,,
A12050300D,0,DA 50x300 Cyl. Female Clevis,,,,,,,,,
A12050300F,0,DA 50 x 300 Cyl. Front flange,,,,,,,,,
A12050300O,0,DA 50 x 300 Cyl. Basic,,,,,,,,,
A12050320F,0,DA 50 x 320 Cyl. Front Flange,,,,,,,,,
A12050320O,0,DA 50 x 320 Cyl. Basic,,,,,,,,,
A12050325O,0,DA 50 x 325 Cyl. Basic,,,,,,,,,
A12050325O-S,0,DA 50 x 325 Cyl. Basic,,,,,,,,,
A12050350O,0,DA 50 x 350 Cyl. Basic,,,,,,,,,
A12050350T,0,DA 50 x 350 Cyl. Centre Trunnion,,,,,,,,,
A12050355O,0,DA 50 x 355 Cyl. Basic,,,,,,,,,
A12050365O,0,DA 50 x 365 Cyl. Basic,,,,,,,,,
A12050375O,0,DA 50 x 375 Cyl. Basic,,,,,,,,,
A12050375T,0,DA 50 x 375 Cyl. Centre Trunnion,,,,,,,,,
A12050375T-S,0,DA 50 x 375 Cyl. Centre Trunnion,,,,,,,,,
A12050400D,0,DA 50 x 400 Cyl. Female Clevis,,,,,,,,,
A12050400F,0,DA 50 x 400 Cyl. Front Flange,,,,,,,,,
A12050400O,0,DA 50 x 400 Cyl. Basic,,,,,,,,,
A12050400T,0,DA 50 x 400 Cyl. Centre Trunnion,,,,,,,,,
A12050410O,0,DA 50 x 410 Cyl. Basic,,,,,,,,,
A12050420O,0,DA 50 x 420 Cyl. Basic,,,,,,,,,
A12050425O,0,DA 50 x 425 Cyl. Basic,,,,,,,,,
A12050450F,0,DA 50 x 450 Cyl. Front Flange,,,,,,,,,
A12050450O,0,DA 50 x 450 Cyl. Basic,,,,,,,,,
A12050470D,0,DA 50 x 470 Cyl. Female Clevis,,,,,,,,,
A12050475O,0,DA 50 x 475 Cyl. Basic,,,,,,,,,
A12050480O,0,DA 50 x 480 Cyl. Basic,,,,,,,,,
A12050500D,0,DA 50 x 500 Cyl. Female Clevis,,,,,,,,,
A12050500F,0,DA 50 x 500 Cyl. Front flange,,,,,,,,,
A12050500L-S,0,DA 50 x 500 Cyl. Foot mount,,,,,,,,,
A12050500N,0,DA 50 x 500 Cyl. Front trunnion,,,,,,,,,
A12050500O,0,DA 50 x 500 Cyl. Basic,,,,,,,,,
A12050500O-S,0,DA 50 x 500 Cyl. Basic,,,,,,,,,
A12050510O,0,DA 50 x 510 Cyl. Basic,,,,,,,,,
A12050520O,0,DA 50 x 520 Cyl. Basic,,,,,,,,,
A12050525O,0,DA 50 x 525 Cyl. Basic,,,,,,,,,
A12050550O,0,DA 50 x 550 Cyl. Basic,,,,,,,,,
A12050565O,0,DA 50 x 565 Cyl. Basic,,,,,,,,,
A12050575O,0,DA 50 x 575 Cyl. Basic,,,,,,,,,
A12050585O,0,DA 50 x 585 Cyl. Basic,,,,,,,,,
A12050600O,0,DA 50 x 600 Cyl. Basic,,,,,,,,,
A12050600T,0,DA 50 x 600 Cyl. Centre Trunnion,,,,,,,,,
A12050615O,0,DA 50 x 615 Cyl. Basic,,,,,,,,,
A12050625L,0,DA 50 x 625 Cyl. Foot mount,,,,,,,,,
A12050625O,0,DA 50 x 625 Cyl. Basic,,,,,,,,,
A12050625T,0,DA 50 x 625 Cyl. Centre Trunnion,,,,,,,,,
A12050650L,0,DA 50 x 650 Cyl. Foot Mount,,,,,,,,,
A12050650O,0,DA 50 x 650 Cyl. Basic,,,,,,,,,
A12050650T,0,DA 50 x 650 Cyl. Centre Trunnion,,,,,,,,,
A12050660O,0,DA 50 x 660 Cyl. Basic,,,,,,,,,
A12050675O,0,DA 50 x 675 Cyl. Basic,,,,,,,,,
A12050700L-S,0,DA 50 x 700 Cyl. Foot mount,,,,,,,,,
A12050700O,0,DA 50 x 700 Cyl. Basic,,,,,,,,,
A12050700T,0,DA 50 x 700 Cyl. Centre Trunnion,,,,,,,,,
A12050720O,0,DA 50 x 720 Cyl. Basic,,,,,,,,,
A12050725L-S,0,DA 50 x 725 Cyl. Foot mount,,,,,,,,,
A12050725O,0,DA 50 x 725 Cyl. Basic,,,,,,,,,
A12050750L-S,0,DA 50 x 750 Cyl. Foot Mount,,,,,,,,,
A12050750O,0,DA 50 x 750 Cyl. Basic,,,,,,,,,
A12050775L,0,DA 50 x 775 Cyl. Foot mount,,,,,,,,,
A12050800F,0,DA 50 x 800 Cyl. Front flange,,,,,,,,,
A12050800O,0,DA 50 x 800 Cyl. Basic,,,,,,,,,
A12050815O,0,DA 50 x 815 Cyl. Basic,,,,,,,,,
A12050825O,0,DA 50 x 825 Cyl. Basic,,,,,,,,,
A12050830O,0,DA 50 x 830 Cyl. Basic,,,,,,,,,
A12050850O,0,DA 50 x 850 Cyl. Basic,,,,,,,,,
A12050875O,0,DA 50 x 875 Cyl. Basic,,,,,,,,,
A12050900L,0,DA 50 x 900 Cyl. Foot Mount,,,,,,,,,
A12050900O,0,DA 50 x 900 Cyl. Basic,,,,,,,,,
A12050900T,0,DA 50 x 900 Cyl. Centre Trunnion,,,,,,,,,
A12050925O,0,DA 50 x 925 Cyl. Basic,,,,,,,,,
A12050950O,0,DA 50 x 950 Cyl. Basic,,,,,,,,,
A12050965O,0,DA 50 x 965 Cyl. Basic,,,,,,,,,
A12063010O,0,DA 63 x 10 Cyl. Basic,,,,,,,,,
A12063015O,0,DA 63 x 15 Cyl. Basic,,,,,,,,,
A12063020O,0,DA 63 x 20 Cyl. Basic,,,,,,,,,
A12063025O,0,DA 63 x 25 Cyl. Basic,,,,,,,,,
A12063025O-S,0,DA 63 x 25 Cyl. Basic,,,,,,,,,
A12063030O,0,DA 63 x 30 Cyl. Basic,,,,,,,,,
A12063030T,0,DA 63 x 30 Cyl. Centre Trunnion,,,,,,,,,
A12063032O,0,DA 63 x 32 Cyl. Basic,,,,,,,,,
A12063035O,0,DA 63 x 35 Cyl. Basic,,,,,,,,,
A12063040O,0,DA 63 x 40 Cyl. Basic,,,,,,,,,
A12063044O,0,DA 63 x 44 Cyl. Basic,,,,,,,,,
A12063045S,0,DA 63 x 45 Cyl. Male clevis,,,,,,,,,
A12063050D,0,DA 63 x 50 Cyl. Female Clevis,,,,,,,,,
A12063050F,0,DA 63 x 50 Cyl. Front Flange,,,,,,,,,
A12063050L,0,DA 63 x 50 Cyl. Foot mount,,,,,,,,,
A12063050O,0,DA 63 x 50 Cyl. Basic,,,,,,,,,
A12063050O-S,0,DA 63 x 50 Cyl. Basic,,,,,,,,,
A12063050S,0,DA 63 x 50 Cyl. Male clevis,,,,,,,,,
A12063050T,0,DA 63 x 50 Cyl. Centre Trunnion,,,,,,,,,
A12063058O,0,DA 63 x 58 Cyl. Basic,,,,,,,,,
A12063060O,0,DA 63 x 60 Cyl. Basic,,,,,,,,,
A12063062O,0,DA 63 x 62 Cyl. Basic,,,,,,,,,
A12063063O,0,DA 63 x 63 Cyl. Basic,,,,,,,,,
A12063065O,0,DA 63 x 65 Cyl. Basic,,,,,,,,,
A12063067O,0,DA 63 x 67 Cyl. Basic,,,,,,,,,
A12063070O,0,DA 63 x 70 Cyl. Basic,,,,,,,,,
A12063075O,0,DA 63 x 75 Cyl. Basic,,,,,,,,,
A12063080D,0,DA 63 x 80 Cyl. Female Clevis,,,,,,,,,
A12063080F,0,DA 63 x 80 Cyl. Front flange,,,,,,,,,
A12063080L,0,DA 63 x 80 Cyl. Foot Mount,,,,,,,,,
A12063080N,0,DA 63 x 80 Cyl. Front Trunnion,,,,,,,,,
A12063080O,0,DA 63 x 80 Cyl. Basic,,,,,,,,,
A12063080O-S,0,DA 63 x 80 Cyl. Basic,,,,,,,,,
A12063080S,0,DA 63 x 80 Cyl. Male clevis,,,,,,,,,
A12063080T,0,DA 63 x 80 Cyl. Centre Trunnion,,,,,,,,,
A12063085O,0,DA 63 x 85 Cyl. Basic,,,,,,,,,
A12063085S,0,DA 63 x 85 Cyl. Male clevis,,,,,,,,,
A12063090O,0,DA 63 x 90 Cyl. Basic,,,,,,,,,
A120631000O,0,DA 63 x 1000 Cyl. Basic,,,,,,,,,
A120631000T,0,DA 63 x 1000 Cyl. Center trunnion,,,,,,,,,
A12063100D,0,DA 63 x 100 Cyl. Female clevis,,,,,,,,,
A12063100F,0,DA 63 x 100 Cyl. Front Flange,,,,,,,,,
A12063100L,0,DA 63 x 100 Cyl. Foot Mount,,,,,,,,,
A12063100O,0,DA 63 x 100 Cyl. Basic,,,,,,,,,
A12063100O-B,0,DA 63 x 100 Cyl. Basic with Bellows,,,,,,,,,
A12063100O-N,0,DA 63 x 100 Cyl. Basic,,,,,,,,,
A12063100O-S,0,DA 63 x 100 Cyl. Basic,,,,,,,,,
A12063100S,0,DA 63 x 100 Cyl. Male clevis,,,,,,,,,
A12063100T,0,DA 63 x 100 Cyl. Centre trunnion,,,,,,,,,
A120631050O,0,DA 63 x 1050 Cyl. Basic,,,,,,,,,
A120631050T,0,DA 63 x 1050 Cyl. Centre Trunnion,,,,,,,,,
A120631100O,0,DA 63 x 1100 Cyl. Basic,,,,,,,,,
A120631100T,0,DA 63 x 1100 Cyl. Centre Trunnion,,,,,,,,,
A12063110O,0,DA 63 x 110 Cyl. Basic,,,,,,,,,
A120631165O,0,DA 63 x1165 Cyl. Basic,,,,,,,,,
A120631200O,0,DA 63 x 1200 Cyl. Basic,,,,,,,,,
A12063120O,0,DA 63 x 120 Cyl. Basic,,,,,,,,,
A120631250O,0,DA 63 x 1250 Cyl. Basic,,,,,,,,,
A12063125D,0,DA 63 x 125 Cyl. Female Clevis,,,,,,,,,
A12063125L,0,DA 63 x 125 Cyl. Foot mount,,,,,,,,,
A12063125M,0,DA 63 x 125 Cyl. Rear Trunnion,,,,,,,,,
A12063125N,0,DA 63 x 125 Cyl. Front Trunnion,,,,,,,,,
A12063125O,0,DA 63 x 125 Cyl. Basic,,,,,,,,,
A12063125O-S,0,DA 63 x 125 Cyl. Basic,,,,,,,,,
A12063125S,0,DA 63 x 125 Cyl. Male Clevis,,,,,,,,,
A12063125T,0,DA 63 x 125 Cyl. Centre Trunnion,,,,,,,,,
A120631295O,0,DA 63 x 1295 Cyl. Basic,,,,,,,,,
A120631300O,0,DA 63 x 1300 Cyl. Basic,,,,,,,,,
A12063130O,0,DA 63 x 130 Cyl. Basic,,,,,,,,,
A120631325O,0,DA 63 x 1325 Cyl. Basic,,,,,,,,,
A120631350O,0,DA 63 x 1350 Cyl. Basic,,,,,,,,,
A120631400O,0,DA 63 x 1400 Cyl. Basic,,,,,,,,,
A12063140O,0,DA 63 x 140 Cyl. Basic,,,,,,,,,
A120631425O,0,DA 63 x 1425 Cyl. Basic,,,,,,,,,
A12063145O,0,DA 63 x 145 Cyl. Basic,,,,,,,,,
A120631475O,0,DA 63 x 1475 Cyl. Basic,,,,,,,,,
A120631500L,0,DA 63 x 1500 Cyl. Foot Mount,,,,,,,,,
A120631500O,0,DA 63 x 1500 Cyl. Basic,,,,,,,,,
A12063150D,0,DA 63 x 150 Cyl. Female Clevis,,,,,,,,,
A12063150O,0,DA 63 x 150 Cyl. Basic,,,,,,,,,
A120631600O,0,DA 63 x 1600 Cyl. Basic,,,,,,,,,
A12063160D,0,DA 63 x 160 Cyl. Female clevis,,,,,,,,,
A12063160F,0,DA 63 x 160 Cyl. Front flange,,,,,,,,,
A12063160L,0,DA 63 x 160 Cyl. Foot Mount,,,,,,,,,
A12063160O,0,DA 63 x 160 Cyl. Basic,,,,,,,,,
A12063160O-S,0,DA 63 x 160 Cyl. Basic,,,,,,,,,
A12063160R,0,DA 63 x 160 Cyl. Rear flange,,,,,,,,,
A12063160T,0,DA 63 x 160 Cyl. Center trunnion,,,,,,,,,
A12063170O,0,DA 63 x 170 Cyl. Basic,,,,,,,,,
A120631750O,0,DA 63 x 1750 Cyl. Basic,,,,,,,,,
A12063175O,0,DA 63 x 175 Cyl. Basic,,,,,,,,,
A120631800O,0,DA 63 x 1800 Cyl. Basic,,,,,,,,,
A12063180O,0,DA 63 x 180 Cyl. Basic,,,,,,,,,
A120631840O,0,DA 63 X 1840 Cyl. basic,,,,,,,,,
A120631850L,0,DA 63 x 1850 Cyl. Foot Mount,,,,,,,,,
A120631875O,0,DA 63 x 1875 Cyl. Basic,,,,,,,,,
A120631900O,0,DA 63 x 1900 Cyl. Basic,,,,,,,,,
A120631950O,0,DA 63 x 1950 Cyl. Basic,,,,,,,,,
A120632000O,0,DA 63 x 2000 Cyl. Basic,,,,,,,,,
A120632000T,0,DA 63 x 2000 Cyl. Centre Trunnion,,,,,,,,,
A12063200D,0,DA 63 x 200 Cyl. Female Clevis,,,,,,,,,
A12063200F,0,DA 63 x 200 Cyl. Front Flange,,,,,,,,,
A12063200L,0,DA 63 x 200 Cyl. Foot Mount,,,,,,,,,
A12063200O,0,DA 63 x 200 Cyl. Basic,,,,,,,,,
A12063200O-S,0,DA 63 x 200 Cyl. Basic,,,,,,,,,
A12063200S,0,DA 63 x 200 Cyl. Male clevis,,,,,,,,,
A12063200T,0,DA 63 x 200 Cyl. Centre Trunnion,,,,,,,,,
A12063210O,0,DA 63 x 210 Cyl. Basic,,,,,,,,,
A12063220O,0,DA 63 x 220 Cyl. Basic,,,,,,,,,
A12063225O,0,DA 63 x 225 Cyl. Basic,,,,,,,,,
A12063230O,0,DA 63 x 230 Cyl. Basic,,,,,,,,,
A120632400O,0,DA 63 x 2400 Cyl. Basic,,,,,,,,,
A120632400T,0,DA 63 x 2400 Cyl. Centre Trunnion,,,,,,,,,
A12063240O,0,DA 63 x 240 Cyl. Basic,,,,,,,,,
A12063250D,0,DA 63 x 250 Cyl. Female Clevis,,,,,,,,,
A12063250O,0,DA 63 x 250 Cyl. Basic,,,,,,,,,
A12063250O-S,0,DA 63 x 250 Cyl. Basic,,,,,,,,,
A12063250T,0,DA 63 x 250 Cyl. Centre Trunnion,,,,,,,,,
A12063260O,0,DA 63 x 260 Cyl. Basic,,,,,,,,,
A12063270O,0,DA 63 x 270 Cyl. Basic,,,,,,,,,
A12063275O,0,DA 63 x 275 Cyl. Basic,,,,,,,,,
A12063275T,0,DA 63 x 275 Cyl. Centre Trunnion,,,,,,,,,
A12063280O,0,DA 63 x 280 Cyl. Basic,,,,,,,,,
A12063300D,0,DA 63 x 300 Cyl. Female clevis,,,,,,,,,
A12063300F,0,DA 63 x 300 Cyl. Front Flange,,,,,,,,,
A12063300N,0,DA 63 x 300 Cyl. Front Trunnion,,,,,,,,,
A12063300O,0,DA 63 x 300 Cyl. Basic,,,,,,,,,
A12063300O-B,0,DA 63 x 300 Cyl. Basic with Bellows,,,,,,,,,
A12063300S,0,DA 63 x 300 Cyl. Male clevis,,,,,,,,,
A12063300T,0,DA 63 x 300 Cyl. Centre Trunnion,,,,,,,,,
A12063320O,0,DA 63 x 320 Cyl. Basic,,,,,,,,,
A12063325O,0,DA 63 x 325 Cyl. Basic,,,,,,,,,
A12063325T,0,DA 63 x 325 Cyl. Centre Trunnion,,,,,,,,,
A12063330O,0,DA 63 x 330 Cyl. Basic,,,,,,,,,
A12063350D,0,DA 63 x 350 Cyl. Female Clevis,,,,,,,,,
A12063350F,0,DA 63 x 350 Cyl. Front Flange,,,,,,,,,
A12063350L,0,DA 63 x 350 Cyl. Foot Mount,,,,,,,,,
A12063350O,0,DA 63 x 350 Cyl. Basic,,,,,,,,,
A12063350S,0,DA 63 x 350 Cyl. Male clevis,,,,,,,,,
A12063350T,0,DA 63 x 350 Cyl. Centre Trunnion,,,,,,,,,
A12063365O,0,DA 63 x 365 Cyl. Basic,,,,,,,,,
A12063375F,0,DA 63 x 375 Cyl. Front Flange,,,,,,,,,
A12063375O,0,DA 63 x 375 Cyl. Basic,,,,,,,,,
A12063380O,0,DA 63 x 380 Cyl. Basic,,,,,,,,,
A12063400D,0,DA 63 x 400 Cyl. Female Clevis,,,,,,,,,
A12063400N,0,DA 63 x 400 Cyl. Front Trunnion,,,,,,,,,
A12063400O,0,DA 63 x 400 Cyl. Basic,,,,,,,,,
A12063400T,0,DA 63 x 400 Cyl. Centre Trunnion,,,,,,,,,
A12063420O,0,DA 63 x 420 Cyl. Basic,,,,,,,,,
A12063425O,0,DA 63 x 425 Cyl. Basic,,,,,,,,,
A12063450O,0,DA 63 x 450 Cyl. Basic,,,,,,,,,
A12063475O,0,DA 63 x 475 Cyl. Basic,,,,,,,,,
A12063500D,0,DA 63 x 500 Cyl. Female Clevis,,,,,,,,,
A12063500F,0,DA 63 x 500 Cyl. Front Flange,,,,,,,,,
A12063500L,0,DA 63 x 500 Cyl. Foot Mount,,,,,,,,,
A12063500O,0,DA 63 x 500 Cyl. Basic,,,,,,,,,
A12063500O-S,0,DA 63 x 500 Cyl. Basic,,,,,,,,,
A12063525O,0,DA 63 x 525 Cyl. Basic,,,,,,,,,
A12063550O,0,DA 63 x 550 Cyl. Basic,,,,,,,,,
A12063550T,0,DA 63 x 550 Cyl. Centre Trunnion,,,,,,,,,
A12063560O,0,DA 63 x 560 Cyl. Basic,,,,,,,,,
A12063575O,0,DA 63 x 575 Cyl. Basic,,,,,,,,,
A12063600L,0,DA 63 x 600 Cyl. Foot Mount,,,,,,,,,
A12063600O,0,DA 63 x 600 Cyl. Basic,,,,,,,,,
A12063600T,0,DA 63 x 600 Cyl. Centre Trunnion,,,,,,,,,
A12063615O,0,DA 63 x 615 Cyl. Basic,,,,,,,,,
A12063620O,0,DA 63 x 620 Cyl. Basic,,,,,,,,,
A12063625O,0,DA 63 x 625 Cyl. Basic,,,,,,,,,
A12063650F,0,DA 63 x 650 Cyl. Front Flange,,,,,,,,,
A12063650L,0,DA 63 x 650 Cyl. Foot Mount,,,,,,,,,
A12063650O,0,DA 63 x 650 Cyl. Basic,,,,,,,,,
A12063675O,0,DA 63 x 675 Cyl. Basic,,,,,,,,,
A12063695O,0,DA 63 x 695 Cyl. Basic,,,,,,,,,
A12063700D,0,DA 63 x 700 SQ Cyl. Female Clevis,,,,,,,,,
A12063700L,0,DA 63 x 700 Cyl. Foot Mount,,,,,,,,,
A12063700O,0,DA 63 x 700 Cyl. Basic,,,,,,,,,
A12063710O,0,DA 63 x 710 Cyl. Basic,,,,,,,,,
A12063725L,0,DA 63 x 725 Cyl. Foot Mount,,,,,,,,,
A12063725O,0,DA 63 x 725 Cyl. Basic,,,,,,,,,
A12063750F,0,DA 63 x 750 Cyl. Front Flange,,,,,,,,,
A12063750O,0,DA 63 x 750 Cyl. Basic,,,,,,,,,
A12063750T,0,DA 63 x 750 Cyl. Centre Trunnion,,,,,,,,,
A12063760O,0,DA 63 x 760 Cyl. Basic,,,,,,,,,
A12063770O,0,DA 63 x 770 Cyl. Basic,,,,,,,,,
A12063780O,0,DA 63 x 780 Cyl. Basic,,,,,,,,,
A12063795O,0,DA 63 x 795 Cyl. Basic,,,,,,,,,
A12063800F,0,DA 63 x 800 Cyl. Front Flange,,,,,,,,,
A12063800L,0,DA 63 x 800 Cyl. Foot Mount,,,,,,,,,
A12063800O,0,DA 63 x 800 Cyl. Basic,,,,,,,,,
A12063825O,0,DA 63 x 825 Cyl. Basic,,,,,,,,,
A12063850L,0,DA 63 x 850 Cyl. Foot Mount,,,,,,,,,
A12063850O,0,DA 63 x 850 Cyl. Basic,,,,,,,,,
A12063850T,0,DA 63 x 850 Cyl. Centre Trunnion,,,,,,,,,
A12063855D,0,DA 63 x 855 Cyl. Female Clevis,,,,,,,,,
A12063875O,0,DA 63 x 875 Cyl. Basic,,,,,,,,,
A12063900D,0,DA 63 x 900 Cyl. Female Clevis,,,,,,,,,
A12063900L,0,DA 63 x 900 Cyl. Foot Mount,,,,,,,,,
A12063900O,0,DA 63 x 900 Cyl. Basic,,,,,,,,,
A12063925L,0,DA 63 x 925 Cyl. Foot Mount,,,,,,,,,
A12063950F,0,DA 63 x 950 Cyl. Front flange,,,,,,,,,
A12063950O,0,DA 63 x 950 Cyl. Basic,,,,,,,,,
A12063990O,0,DA 63 x 990 Cyl. Basic,,,,,,,,,
A12080020O,0,DA 80 x 20 Cyl. Basic,,,,,,,,,
A12080025F,0,DA 80 x 25 Cyl. Front Flange,,,,,,,,,
A12080025O,0,DA 80 x 25 Cyl. Basic,,,,,,,,,
A12080030O,0,DA 80 x 30 Cyl. Basic,,,,,,,,,
A12080035O,0,DA 80 x 35 Cyl. Basic,,,,,,,,,
A12080040O,0,DA 80 x 40 Cyl. Basic,,,,,,,,,
A12080050D,0,DA 80 x 50 Cyl. Female clevis,,,,,,,,,
A12080050F,0,DA 80 x 50 Cyl. Front flange,,,,,,,,,
A12080050O,0,DA 80 x 50 Cyl. Basic,,,,,,,,,
A12080050T,0,DA 80 x 50 Cyl. Centre Trunnion,,,,,,,,,
A12080060D,0,DA 80 x 60 Cyl. Female clevis,,,,,,,,,
A12080060O,0,DA 80 x 60 Cyl. Basic,,,,,,,,,
A12080063O,0,DA 80 x 63 Cyl. Basic,,,,,,,,,
A12080065O,0,DA 80 x 65 Cyl. Basic,,,,,,,,,
A12080075O,0,DA 80 x 75 Cyl. Basic,,,,,,,,,
A12080080D,0,DA 80 x 80 Cyl. Female Clevis,,,,,,,,,
A12080080O,0,DA 80 x 80 Cyl. Basic,,,,,,,,,
A12080080S,0,DA 80 x 80 Cyl. Male clevis,,,,,,,,,
A12080080T,0,DA 80 x 80 Cyl. Center Trunnion,,,,,,,,,
A12080085O,0,DA 80 x 85 Cyl. Basic,,,,,,,,,
A12080090F,0,DA 80 x 90 Cyl. Front flange,,,,,,,,,
A12080090O,0,DA 80 x 90 Cyl. Basic,,,,,,,,,
A120801000O,0,DA 80 x 1000 Cyl. Basic,,,,,,,,,
A12080100D,0,DA 80 x 100 Cyl. Female Clevis,,,,,,,,,
A12080100F,0,DA 80 x 100 Cyl. Front flange,,,,,,,,,
A12080100L,0,DA 80 x 100 Cyl. Foot Mount,,,,,,,,,
A12080100O,0,DA 80 x 100 Cyl. Basic,,,,,,,,,
A12080100T,0,DA 80 x 100 Cyl. Centre Trunnion,,,,,,,,,
A120801100O,0,DA 80 x 1100 Cyl. Basic,,,,,,,,,
A12080110O,0,DA 80 x 110 Cyl. Basic,,,,,,,,,
A120801114O,0,DA 80 x 1114 Cyl. Basic,,,,,,,,,
A12080115F,0,DA 80 x 115 Cyl. Front Flange,,,,,,,,,
A120801160O,0,DA 80 x 1160 Cyl. Basic,,,,,,,,,
A120801200O,0,DA 80 x 1200 Cyl. Basic,,,,,,,,,
A12080120N,0,DA 80 x 120 CYL. FRONT TRUNNION,,,,,,,,,
A12080120T,0,DA 80 x 120 Cyl. Centre Trunnion,,,,,,,,,
A120801215O,0,DA 80 x 1215 Cyl. Basic,,,,,,,,,
A120801250O,0,DA 80 x 1250 Cyl. Basic,,,,,,,,,
A12080125O,0,DA 80 x 125 Cyl. Basic,,,,,,,,,
A120801300O,0,DA 80 x 1300 Cyl. Basic,,,,,,,,,
A12080130O,0,DA 80 x 130 Cyl.Basic,,,,,,,,,
A120801350O,0,DA 80 x 1350 Cyl. Basic,,,,,,,,,
A120801400O,0,DA 80 x 1400 Cyl. Basic,,,,,,,,,
A12080140O,0,DA 80 x 140 Cyl. Basic,,,,,,,,,
A12080145O,0,DA 80 x 145 Cyl. Basic,,,,,,,,,
A120801500O,0,DA 80 x 1500 Cyl. Basic,,,,,,,,,
A12080150O,0,DA 80 x 150 Cyl. Basic,,,,,,,,,
A120801600O,0,DA 80 x 1600 Cyl. Basic,,,,,,,,,
A12080160D,0,DA 80 x 160 Cyl. Female clevis,,,,,,,,,
A12080160O,0,DA 80 x 160 Cyl. Basic,,,,,,,,,
A12080160T,0,DA 80 x 160 Cyl. Center trunnion,,,,,,,,,
A120801700O,0,DA 80 x 1700 Cyl. Basic,,,,,,,,,
A12080170O,0,DA 80 x 170 Cyl. Basic,,,,,,,,,
A120801750O,0,DA 80 x 1750 Cyl. Basic,,,,,,,,,
A12080175D,0,DA 80 x 175 Cyl. Female clevis,,,,,,,,,
A12080175O,0,DA 80 x 175 Cyl. Basic,,,,,,,,,
A120801800O,0,DA 80 x 1800 Cyl. Basic,,,,,,,,,
A12080180O,0,DA 80 x 180 Cyl. Basic,,,,,,,,,
A12080196O,0,DA 80 x 196 Cyl. Basic,,,,,,,,,
A120802000N,0,DA 80 x 2000 Cyl. Front Trunnion,,,,,,,,,
A120802000O,0,DA 80 x 2000 Cyl. Basic,,,,,,,,,
A12080200D,0,DA 80 x 200 Cyl. Female Clevis,,,,,,,,,
A12080200O,0,DA 80 x 200 Cyl. Basic,,,,,,,,,
A12080200O-S,0,DA 80 x 200 Cyl. Basic,,,,,,,,,
A12080200T,0,DA 80 x 200 Cyl. Centre Trunnion,,,,,,,,,
A12080210O,0,DA 80 x 210 Cyl. Basic,,,,,,,,,
A12080220O,0,DA 80 x 220 Cyl. Basic,,,,,,,,,
A12080230D,0,DA 80 x 230 Cyl. Female Clevis,,,,,,,,,
A12080230O,0,DA 80 x 230 Cyl. Basic,,,,,,,,,
A12080238O,0,DA 80 x 238 Cyl. Basic,,,,,,,,,
A120802500O,0,DA 80 x 2500 Cyl. Basic,,,,,,,,,
A12080250D,0,DA 80 x 250 Cyl. Female Clevis,,,,,,,,,
A12080250O,0,DA 80 x 250 Cyl. Basic,,,,,,,,,
A12080250T,0,DA 80 x 250 Cyl. Centre Trunnion,,,,,,,,,
A12080270O,0,DA 80 x 270 Cyl. Basic,,,,,,,,,
A12080275N,0,DA 80 x 275 Cyl. Front Trunnion,,,,,,,,,
A12080275O,0,DA 80 x 275 Cyl. Basic,,,,,,,,,
A120802800O,0,DA 80 x 2800 Cyl. Basic,,,,,,,,,
A12080300D,0,DA 80 x 300 Cyl. Female clevis,,,,,,,,,
A12080300F,0,DA 80 x 300 Cyl. Front flange,,,,,,,,,
A12080300O,0,DA 80 x 300 Cyl. Basic,,,,,,,,,
A12080310O,0,DA 80 x 310 Cyl. Basic,,,,,,,,,
A12080320O,0,DA 80 x 320 Cyl. Basic,,,,,,,,,
A12080320T,0,DA 80 x 320 Cyl. Center Trunnion,,,,,,,,,
A12080325O,0,DA 80 x 325 Cyl. Basic,,,,,,,,,
A12080330O,0,DA 80 x 330 Cyl. Basic,,,,,,,,,
A12080335O,0,DA 80 x 335 Cyl. Basic,,,,,,,,,
A12080350D,0,DA 80 x 350 Cyl. Female Clevis,,,,,,,,,
A12080350O,0,DA 80 x 350 Cyl. Basic,,,,,,,,,
A12080370O,0,DA 80 x 370 Cyl. Basic,,,,,,,,,
A12080375O,0,DA 80 x 375 Cyl. Basic,,,,,,,,,
A12080400D,0,DA 80 x 400 Cyl. Female Clevis,,,,,,,,,
A12080400F,0,DA 80 x 400 Cyl. Front flange,,,,,,,,,
A12080400O,0,DA 80 x 400 Cyl. Basic,,,,,,,,,
A12080400T,0,DA 80 x 400 Cyl. Centre Trunnion,,,,,,,,,
A12080420O,0,DA 80 x 420 Cyl. Basic,,,,,,,,,
A12080425O,0,DA 80 x 425 Cyl. Basic,,,,,,,,,
A12080450O,0,DA 80 x 450 Cyl. Basic,,,,,,,,,
A12080475O,0,DA 80 x 475 Cyl. Basic,,,,,,,,,
A12080480D,0,DA 80 x 480 Cyl. Female Clevis,,,,,,,,,
A12080500O,0,DA 80 x 500 Cyl. Basic,,,,,,,,,
A12080525O,0,DA 80 x 525 Cyl. Basic,,,,,,,,,
A12080550O,0,DA 80 x 550 Cyl. Basic,,,,,,,,,
A12080575O,0,DA 80 x 575 Cyl. Basic,,,,,,,,,
A12080600O,0,DA 80 x 600 Cyl. Basic,,,,,,,,,
A12080600T,0,DA 80 x 600 Cyl. Centre trunnion,,,,,,,,,
A12080625O,0,DA 80 X 625 Cyl. Basic,,,,,,,,,
A12080650O,0,DA 80 x 650 Cyl. Basic,,,,,,,,,
A12080675O,0,DA 80 x 675 Cyl. Basic,,,,,,,,,
A12080700O,0,DA 80 x 700 Cyl. Basic,,,,,,,,,
A12080750O,0,DA 80 x 750 Cyl. Basic,,,,,,,,,
A12080775O,0,DA 80 x 775 Cyl. Basic,,,,,,,,,
A12080780O,0,DA 80 x 780 Cyl. Basic,,,,,,,,,
A12080800O,0,DA 80 x 800 Cyl. Basic,,,,,,,,,
A12080800T,0,DA 80 x 800 Cyl. Centre trunnion,,,,,,,,,
A12080810O,0,DA 80 x 810 Cyl. Basic,,,,,,,,,
A12080825O,0,DA 80 x 825 Cyl. Basic,,,,,,,,,
A12080840O,0,DA 80 x 840 Cyl. Basic,,,,,,,,,
A12080850O,0,DA 80 x 850 Cyl. Basic,,,,,,,,,
A12080860O,0,DA 80 x 860 Cyl. Basic,,,,,,,,,
A12080900O,0,DA 80 x 900 Cyl. Basic,,,,,,,,,
A12080950O,0,DA 80 x 950 Cyl. Basic,,,,,,,,,
A12080950T,0,DA 80 x 950 Cyl. Centre Trunnion,,,,,,,,,
A12080960O,0,DA 80 x 960 Cyl. Basic,,,,,,,,,
A12100015O,0,DA 100 x 15 Cyl. Basic,,,,,,,,,
A12100020O,0,DA 100 x 20 Cyl. Basic,,,,,,,,,
A12100025O,0,DA 100 x 25 Cyl. Basic,,,,,,,,,
A12100030O,0,DA 100 x 30 Cyl. Basic,,,,,,,,,
A12100035O,0,DA 100 x 35 Cyl. Basic,,,,,,,,,
A12100040O,0,DA 100 x 40 Cyl. Basic,,,,,,,,,
A12100050D,0,DA 100 x 50 Cyl. Female clevis,,,,,,,,,
A12100050F,0,DA 100 x 50 Cyl. Front flange,,,,,,,,,
A12100050O,0,DA 100 x 50 Cyl. Basic,,,,,,,,,
A12100050S,0,DA 100 x 50 Cyl. Male clevis,,,,,,,,,
A12100060D,0,DA 100 x 60 Cyl. Female clevis,,,,,,,,,
A12100060O,0,DA 100 x 60 Cyl. Basic,,,,,,,,,
A12100061O,0,DA 100 x 61 Cyl. Basic,,,,,,,,,
A12100063O,0,DA 100 x 63 Cyl. Basic,,,,,,,,,
A12100065O,0,DA 100 x 65 Cyl. Basic,,,,,,,,,
A12100070O,0,DA 100 x 70 Cyl. Basic,,,,,,,,,
A12100075F,0,DA 100 x 75 Cyl. Front Flange,,,,,,,,,
A12100075O,0,DA 100 x 75 Cyl. Basic,,,,,,,,,
A12100080D,0,DA 100 x 80 Cyl. Female Clevis,,,,,,,,,
A12100080F,0,DA 100 x 80 Cyl. Front Flange,,,,,,,,,
A12100080O,0,DA 100 x 80 Cyl. Basic,,,,,,,,,
A12100080T,0,DA 100 x 80 Cyl. Centre Trunnion,,,,,,,,,
A121001000O,0,DA 100 x 1000 Cyl. Basic,,,,,,,,,
A12100100D,0,DA 100 x 100 Cyl. Female Clevis,,,,,,,,,
A12100100F,0,DA 100 x 100 Cyl. Front flange,,,,,,,,,
A12100100L,0,DA 100 x 100 Cyl. Foot mount,,,,,,,,,
A12100100M,0,DA 100 x 100 Cyl. Rear Trunnion,,,,,,,,,
A12100100O,0,DA 100 x 100 Cyl. Basic,,,,,,,,,
A12100100S,0,DA 100 x 100 Cyl. male clevis,,,,,,,,,
A12100100T,0,DA 100x 100 Cyl. Centre trunnion,,,,,,,,,
A121001050O,0,DA 100 x 1050 Cyl. Basic,,,,,,,,,
A121001100O,0,DA 100 x 1100 Cyl. Basic,,,,,,,,,
A12100110O,0,DA 100 x 110 Cyl. Basic,,,,,,,,,
A121001165O,0,DA 100 x 1165 Cyl. Basic,,,,,,,,,
A121001200O,0,DA 100 x 1200 Cyl. Basic,,,,,,,,,
A12100120O,0,DA 100 x 120 Cyl. Basic,,,,,,,,,
A121001250O,0,DA 100 x 1250 Cyl. Basic,,,,,,,,,
A12100125D,0,DA 100 x 125 Cyl. Female Clevis,,,,,,,,,
A12100125F,0,DA 100 x 125 Cyl. Front Flange,,,,,,,,,
A12100125O,0,DA 100 x 125 Cyl. Basic,,,,,,,,,
A121001300O,0,DA 100 x 1300 Cyl. Basic,,,,,,,,,
A121001325O,0,DA 100 x 1325 Cyl. Basic,,,,,,,,,
A12100135O,0,DA 100 x 135 Cyl. Basic,,,,,,,,,
A121001400O,0,DA 100 x 1400 Cyl. Basic,,,,,,,,,
A12100140O,0,DA 100 x 140 Cyl. Basic,,,,,,,,,
A121001450O,0,DA 100 x 1450 Cyl. Basic,,,,,,,,,
A12100145O,0,DA 100 x 145 Cyl. Basic,,,,,,,,,
A121001500O,0,DA 100 x 1500 Cyl. Basic,,,,,,,,,
A12100150O,0,DA 100 x 150 Cyl. Basic,,,,,,,,,
A121001600O,0,DA 100 x 1600 Cyl. Basic,,,,,,,,,
A12100160D,0,DA 100 x 160 Cyl. Female clevis,,,,,,,,,
A12100160F,0,DA 100 x 160 cyl. front flange,,,,,,,,,
A12100160O,0,DA 100 x 160 Cyl. Basic,,,,,,,,,
A12100160T,0,DA 100 x 160 Cyl. Centre Trunnion,,,,,,,,,
A121001700O,0,DA 100 x 1700 Cyl. Basic,,,,,,,,,
A12100170O,0,DA 100 x 170 Cyl. Basic,,,,,,,,,
A12100175O,0,DA 100 x 175 Cyl. Basic,,,,,,,,,
A12100180O,0,DA 100 x 180 Cyl. Basic,,,,,,,,,
A121001936O,0,DA 100 x 1936 Cyl. Basic,,,,,,,,,
A121002000O,0,DA 100 x 2000 Cyl. Basic,,,,,,,,,
A12100200D,0,DA 100 x 200 Cyl. Female Clevis,,,,,,,,,
A12100200F,0,DA 100 200 Cyl. Front flange,,,,,,,,,
A12100200O,0,DA 100 x 200 Cyl. Basic,,,,,,,,,
A121002100O,0,DA 100 x 2100 Cyl. Basic,,,,,,,,,
A12100210O,0,DA 100 x 210 Cyl. Basic,,,,,,,,,
A12100215O,0,DA 100 x 215 Cyl. Basic,,,,,,,,,
A12100220O,0,DA 100 x 220 Cyl. Basic,,,,,,,,,
A12100225O,0,DA 100 x 225 Cyl. Basic,,,,,,,,,
A12100230O,0,DA 100 x 230 Cyl. Basic,,,,,,,,,
A12100243O,0,DA 100 x 243 Cyl. Basic,,,,,,,,,
A12100250F,0,DA 100 x 250 Cyl. Front Flange,,,,,,,,,
A12100250O,0,DA 100 x 250 Cyl. Basic,,,,,,,,,
A12100250T,0,DA 100 x 250 Cyl. Centre Trunnion,,,,,,,,,
A12100260O,0,DA 100 x 260 Cyl. Basic,,,,,,,,,
A12100265O,0,DA 100 x 265 Cyl. Basic,,,,,,,,,
A12100275O,0,DA 100 x 275 Cyl. Basic,,,,,,,,,
A121002800O,0,DA 100 x 2800 Cyl. Basic,,,,,,,,,
A12100280O,0,DA 100 x 280 Cyl. Basic,,,,,,,,,
A12100300D,0,DA 100 x 300 Cyl. Female Clevis,,,,,,,,,
A12100300F,0,DA 100 x 300 Cyl. Front flange,,,,,,,,,
A12100300O,0,DA 100 x 300 Cyl. Basic,,,,,,,,,
A12100300T,0,DA 100 x 300 Cyl. Centre Trunnion,,,,,,,,,
A12100320O,0,DA 100 x 320 Cyl. Basic,,,,,,,,,
A12100320T,0,DA 100 x 320 Cyl. Centre trunnion,,,,,,,,,
A12100325O,0,DA 100 x 325 Cyl. Basic,,,,,,,,,
A12100330T,0,DA 100 x 330 Cyl. Centre Trunnion,,,,,,,,,
A12100350F,0,DA 100 x 350 Cyl. Front flange,,,,,,,,,
A12100350O,0,DA 100 x 350 Cyl. Basic,,,,,,,,,
A12100360O,0,DA 100 x 360 Cyl. Basic,,,,,,,,,
A12100370O,0,DA 100 x 370 Cyl. Basic,,,,,,,,,
A12100375O,0,DA 100 x 375 Cyl. Basic,,,,,,,,,
A12100380O,0,DA 100 x 380 Cyl. Basic,,,,,,,,,
A12100400O,0,DA 100 x 400 Cyl. Basic,,,,,,,,,
A12100400S,0,DA 100 x 400 Cyl. Male Clevis,,,,,,,,,
A12100400T,0,DA 100 x 400 Cyl. Centre Trunnion,,,,,,,,,
A12100420O,0,DA 100 x 420 Cyl. Basic,,,,,,,,,
A12100425O,0,DA 100 x 425 Cyl. Basic,,,,,,,,,
A12100450O,0,DA 100 x 450 Cyl. Basic,,,,,,,,,
A12100450T,0,DA 100 x 450 Cyl. Center trunnion,,,,,,,,,
A12100460O,0,DA 100 x 460 Cyl. Basic,,,,,,,,,
A12100470T,0,DA 100 x 470 Cyl. Centre Trunnion,,,,,,,,,
A12100475O,0,DA 100 x 475 Cyl. Basic,,,,,,,,,
A12100500O,0,DA 100 x 500 Cyl. Basic,,,,,,,,,
A12100500T,0,DA 100 x 500 Cyl. Centre Trunnion,,,,,,,,,
A12100525O,0,DA 100 x 525 Cyl. Basic,,,,,,,,,
A12100550O,0,DA 100 x 550 Cyl. Basic,,,,,,,,,
A12100600O,0,DA 100 x 600 Cyl. Basic,,,,,,,,,
A12100620O,0,DA 100 x 620 Cyl. Basic,,,,,,,,,
A12100625O,0,DA 100 x 625 Cyl. Basic,,,,,,,,,
A12100650O,0,DA 100 x 650 Cyl. Basic,,,,,,,,,
A12100650T,0,DA 100 x 650 Cyl. Centre Trunnion,,,,,,,,,
A12100700O,0,DA 100 x 700 Cyl. Basic,,,,,,,,,
A12100710O,0,DA 100 x 710 Cyl. Basic,,,,,,,,,
A12100725O,0,DA 100 x 725 Cyl. Basic,,,,,,,,,
A12100750F,0,DA 100 x 750 Cyl. Front Flange,,,,,,,,,
A12100750O,0,DA 100 x 750 Cyl. Basic,,,,,,,,,
A12100775O,0,DA 100 x 775 Cyl. Basic,,,,,,,,,
A12100800O,0,DA 100 x 800 Cyl. Basic,,,,,,,,,
A12100850O,0,DA 100 x 850 Cyl. Basic,,,,,,,,,
A12100875O,0,DA 100 x 875 Cyl. Basic,,,,,,,,,
A12100880O,0,DA 100 x 880 Cyl. Basic,,,,,,,,,
A12100900O,0,DA 100 x 900 Cyl. Basic,,,,,,,,,
A12100900S,0,DA 100 x 900 Cyl. Male clevis,,,,,,,,,
A12100900T,0,DA 100 x 900 Cyl. Centre Trunnion,,,,,,,,,
A12100925O,0,DA 100 x 925 Cyl. Basic,,,,,,,,,
A12100950O,0,DA 100 x 950 Cyl. Basic,,,,,,,,,
A12100990O,0,DA 100 x 990 Cyl. Basic,,,,,,,,,
A12160830O,0,DA 160 x 830 Cyl. Basic,,,,,,,,,
A13032010O,0,DA 32 x 10 Cyl.(Mag) Basic,,,,,,,,,
A13032020O,0,DA 32 x 20 Cyl.(Mag) Basic,,,,,,,,,
A13032025F,0,DA 32 x 25 Cyl.(Mag) Front Flange,,,,,,,,,
A13032025O,0,DA 32 x 25 Cyl.(Mag) Basic,,,,,,,,,
A13032025R,0,DA 32 x 25 Cyl.(Mag) Rear Flange,,,,,,,,,
A13032025T,0,DA 32 x 25 Cyl. (Mag) Centre Trunnion,,,,,,,,,
A13032030O,0,DA 32 x 30 Cyl.(Mag) Basic,,,,,,,,,
A13032035O,0,DA 32 x 35 Cyl.(Mag) Basic,,,,,,,,,
A13032040O,0,DA 32 x 40 Cyl.(Mag) Basic,,,,,,,,,
A13032045O,0,DA 32 x 45 Cyl.(Mag) Basic,,,,,,,,,
A13032050F,0,DA 32 x 50 Cyl.(Mag) Front Flange,,,,,,,,,
A13032050L,0,DA 32 x 50 Cyl. (Mag) Foot mount,,,,,,,,,
A13032050O,0,DA 32 x 50 Cyl.(Mag) Basic,,,,,,,,,
A13032050T,0,DA 32 x 50 Cyl. (Mag) Centre Trunnion,,,,,,,,,
A13032060O,0,DA 32 x 60 Cyl.(Mag) Basic,,,,,,,,,
A13032065S,0,DA 32 x 65 Cyl.(Mag) Male Clevis,,,,,,,,,
A13032070O,0,DA 32 x 70 Cyl.(Mag) Basic,,,,,,,,,
A13032073O,0,DA 32 x 73 Cyl.(Mag) Basic,,,,,,,,,
A13032075O,0,DA 32 x 75 Cyl.(Mag) Basic,,,,,,,,,
A13032080D,0,DA 32 x 80 Cyl. (Mag) Female Clevis,,,,,,,,,
A13032080F,0,DA 32 x 80 Cyl. (Mag) Front flange,,,,,,,,,
A13032085O,0,DA 32 x 85 Cyl.(Mag) Basic,,,,,,,,,
A13032090O,0,DA 32 x 90 Cyl.(Mag) Basic,,,,,,,,,
A130321000L,0,DA 32 x 1000 Cyl.(Mag) Foot Mount,,,,,,,,,
A130321000O,0,DA 32 x 1000 Cyl.(Mag) Basic,,,,,,,,,
A13032100D,0,DA 32 x 100 Cyl.(Mag) Female Clevis,,,,,,,,,
A13032100L,0,DA 32 x 100 Cyl.(Mag) Foot Mount,,,,,,,,,
A13032100N,0,DA 32 x 100 Cyl. (Mag) Front Trunnion,,,,,,,,,
A13032100S,0,DA 32 x 100 Cyl. Male Clevis,,,,,,,,,
A13032100T,0,DA 32 x 100 Cyl.(Mag) Centre Trunnion,,,,,,,,,
A13032105O,0,DA 32 x 105 Cyl.(Mag) Basic,,,,,,,,,
A130321100O,0,DA 32 x 1100 Cyl.(Mag) Basic,,,,,,,,,
A13032110O,0,DA 32 x 110 Cyl.(Mag) Basic,,,,,,,,,
A130321120O,0,DA 32 x 1120 Cyl. (Mag) Basic,,,,,,,,,
A130321200O,0,DA 32 x 1200 Cyl.(Mag) Basic,,,,,,,,,
A13032120O,0,DA 32 x 120 Cyl.(Mag) Basic,,,,,,,,,
A13032125O,0,DA 32 x 125 Cyl.(Mag) Basic,,,,,,,,,
A13032125T,0,DA 32 x 125 Cyl. (Mag) Centre Trunnion,,,,,,,,,
A13032135O,0,DA 32 x 135 Cyl.(Mag) Basic,,,,,,,,,
A13032140O,0,DA 32 x 140 Cyl.(Mag) Basic,,,,,,,,,
A13032150O,0,DA 32 x 150 Cyl.(Mag) Basic,,,,,,,,,
A13032160O,0,DA 32 x 160 Cyl.(Mag) Basic,,,,,,,,,
A13032160T,0,DA 32 x 160 Cyl. (Mag) Centre Trunnion,,,,,,,,,
A13032170O,0,DA 32 x 170 Cyl.(Mag) Basic,,,,,,,,,
A13032180O,0,DA 32 x 180 Cyl.(Mag) Basic,,,,,,,,,
A13032185O,0,DA 32 x 185 Cyl.(Mag) Basic,,,,,,,,,
A13032200L,0,DA 32 x 200 Cyl.(Mag) Foot Mount,,,,,,,,,
A13032200O,0,DA 32 x 200 Cyl.(Mag) Basic,,,,,,,,,
A13032200O-S,0,DA 32 x 200 Cyl.(Mag) Basic,,,,,,,,,
A13032225O,0,DA 32 x 225 Cyl.(Mag) Basic,,,,,,,,,
A13032240O,0,DA 32 x 240 Cyl.(Mag) Basic,,,,,,,,,
A13032250L,0,DA 32 x 250 Cyl.(Mag) Foot Mount,,,,,,,,,
A13032250O,0,DA 32 x 250 Cyl.(Mag) Basic,,,,,,,,,
A13032250T,0,DA 32 x 250 Cyl. (Mag) Centre Trunnion,,,,,,,,,
A13032260O,0,DA 32 x 260 Cyl.(Mag) Basic,,,,,,,,,
A13032280O,0,DA 32 x 280 Cyl.(Mag) Basic,,,,,,,,,
A13032300O,0,DA 32 x 300 Cyl.(Mag) Basic,,,,,,,,,
A13032320O,0,DA 32 x 320 Cyl.(Mag) Basic,,,,,,,,,
A13032350D,0,DA 32 x 350 Cyl.(Mag) Female Clevis,,,,,,,,,
A13032350O,0,DA 32 x 350 Cyl. (Mag) Basic,,,,,,,,,
A13032360O,0,DA 32 x 360 Cyl.(Mag) Basic,,,,,,,,,
A13032375O,0,DA 32 x 375 Cyl.(Mag) Basic,,,,,,,,,
A13032400O,0,DA 32 x 400 Cyl.(Mag) Basic,,,,,,,,,
A13032402O,0,DA 32 x 402 Cyl.(Mag) Basic,,,,,,,,,
A13032425O,0,DA 32 x 425 Cyl.(Mag) Basic,,,,,,,,,
A13032435O,0,DA 32 x 435 Cyl.(Mag) Basic,,,,,,,,,
A13032450O,0,DA 32 x 450 Cyl. (Mag) Basic,,,,,,,,,
A13032480O,0,DA 32 x 480 Cyl.(Mag) Basic,,,,,,,,,
A13032500D,0,DA 32 x 500 Cyl. (Mag) Female Clevis,,,,,,,,,
A13032500O,0,DA 32 x 500 Cyl.(Mag) Basic,,,,,,,,,
A13032550O,0,DA 32 x 550 Cyl.(Mag) Basic,,,,,,,,,
A13032600O,0,DA 32 x 600 Cyl.(Mag) Basic,,,,,,,,,
A13032650O,0,DA 32 x 650 Cyl. (Mag) Basic,,,,,,,,,
A13032700F,0,DA 32 x 700 Cyl.(Mag) Front Flange,,,,,,,,,
A13032700O,0,DA 32 x 700 Cyl.(Mag) Basic,,,,,,,,,
A13032725O,0,DA 32 x 725 Cyl.(Mag) Basic,,,,,,,,,
A13032750O,0,DA 32 x 750 Cyl.(Mag) Basic,,,,,,,,,
A13032800O,0,DA 32 x 800 Cyl.(Mag) Basic,,,,,,,,,
A13032850O,0,DA 32 x 850 Cyl.(Mag) Basic,,,,,,,,,
A13032950O,0,DA 32 x 950 Cyl. (Mag) Basic,,,,,,,,,
A13040025O,0,DA 40 x 25 Cyl.(Mag) Basic,,,,,,,,,
A13040030O,0,DA 40 x 30 Cyl.(Mag) Basic,,,,,,,,,
A13040040O,0,DA 40 x 40 Cyl.(Mag) Basic,,,,,,,,,
A13040045O,0,DA 40 x 45 Cyl.(Mag) Basic,,,,,,,,,
A13040050L,0,DA 40 x 50 Cyl. (Mag) Foot mount,,,,,,,,,
A13040050O,0,DA 40 x 50 Cyl.(Mag) Basic,,,,,,,,,
A13040050O-S,0,DA 40 x 50 Cyl.(Mag) Basic,,,,,,,,,
A13040050T,0,DA 40 x 50 Cyl.(Mag) Centre Trunnion,,,,,,,,,
A13040060D,0,DA 40 x 60 Cyl.(Mag) Female Clevis,,,,,,,,,
A13040060O,0,DA 40 x 60 Cyl.(Mag) Basic,,,,,,,,,
A13040060T,0,DA 40 x 60 Cyl.(Mag) Centre Trunnion,,,,,,,,,
A13040065O,0,DA 40 x 65 Cyl.(Mag) Basic,,,,,,,,,
A13040070O,0,DA 40 x 70 Cyl.(Mag) Basic,,,,,,,,,
A13040075O,0,DA 40 x 75 Cyl.(Mag) Basic,,,,,,,,,
A13040080F,0,DA 40 x 80 Cyl. (Mag) Front flange,,,,,,,,,
A13040080L,0,DA 40 x 80 Cyl. (Mag) Foot mount,,,,,,,,,
A13040080O,0,DA 40 x 80 Cyl.(Mag) Basic,,,,,,,,,
A130401000O,0,DA 40 x 1000 Cyl.(Mag) Basic,,,,,,,,,
A13040100D,0,DA 40 x 100 Cyl. (Mag) Female clevis,,,,,,,,,
A13040100F,0,DA 40 x 100 Cyl.(Mag) Front Flange,,,,,,,,,
A13040100L,0,DA 40 x 100 Cyl.(Mag) Foot Mount,,,,,,,,,
A13040100O,0,DA 40 x 100 Cyl.(Mag) Basic,,,,,,,,,
A13040100O-S,0,DA 40 x 100 Cyl.(Mag) Basic,,,,,,,,,
A13040100S,0,DA 40 x 100 Cyl.(Mag) Male Clevis,,,,,,,,,
A13040100T,0,DA 40 x 100 Cyl.(Mag) Centre Trunnion,,,,,,,,,
A130401100O,0,DA 40 x 1100 Cyl.(Mag) Basic,,,,,,,,,
A13040120O,0,DA 40 x 120 Cyl.(Mag) Basic,,,,,,,,,
A13040125O,0,DA 40 x 125 Cyl.(Mag) Basic,,,,,,,,,
A13040125O-N,0,DA 40 x 125 Cyl. (Mag) Basic,,,,,,,,,
A130401400O,0,DA 40 x 1400 Cyl.(Mag) Basic,,,,,,,,,
A130401400T,0,DA 40 x 1400 Cyl.(Mag) Centre Trunnion,,,,,,,,,
A13040140O,0,DA 40 x 140 Cyl. (Mag) Basic,,,,,,,,,
A13040150O,0,DA 40 x 150 Cyl.(Mag) Basic,,,,,,,,,
A13040153O,0,DA 40 x 153 Cyl.(Mag) Basic,,,,,,,,,
A13040160L,0,DA 40 x 160 Cyl. (Mag) Foot mount,,,,,,,,,
A13040160O,0,DA 40 x 160 Cyl.(Mag) Basic,,,,,,,,,
A13040160O-S,0,DA 40 x 160 Cyl.(Mag) Basic,,,,,,,,,
A130401650O,0,DA 40 x 1650 Cyl.(Mag) Basic,,,,,,,,,
A130401665O,0,DA 40 x 1665 Cyl.(Mag) Basic,,,,,,,,,
A13040170O,0,DA 40 x 170 Cyl.(Mag) Basic,,,,,,,,,
A13040172O,0,DA 40 x 172 Cyl.(Mag) Basic,,,,,,,,,
A13040175O,0,DA 40 x 175 Cyl.(Mag) Basic,,,,,,,,,
A130401800O,0,DA 40 x 1800 Cyl.(Mag) Basic,,,,,,,,,
A13040180O,0,DA 40 x 180 Cyl.(Mag) Basic,,,,,,,,,
A13040200F,0,DA 40 x 200 Cyl.(Mag) Front Flange,,,,,,,,,
A13040200O,0,DA 40 x 200 Cyl.(Mag) Basic,,,,,,,,,
A13040200O-S,0,DA 40 x 200 Cyl.(Mag) Basic,,,,,,,,,
A13040210O,0,DA 40 x 210 Cyl.(Mag) Basic,,,,,,,,,
A13040215O,0,DA 40 x 215 Cyl.(Mag) Basic,,,,,,,,,
A13040225O,0,DA 40 x 225 Cyl.(Mag) Basic,,,,,,,,,
A13040240O,0,DA 40 x 240 Cyl.(Mag) Basic,,,,,,,,,
A13040250O,0,DA 40 x 250 Cyl.(Mag) Basic,,,,,,,,,
A13040250T,0,DA 40 x 250 Cyl. (Mag) Centre Trunnion,,,,,,,,,
A13040300L,0,DA 40 x 300 Cyl.(Mag) Foot Mount,,,,,,,,,
A13040300O,0,DA 40 x 300 Cyl.(Mag) Basic,,,,,,,,,
A13040300O-S,0,DA 40 x 300 Cyl.(Mag) Basic,,,,,,,,,
A13040320O,0,DA 40 x 320 Cyl.(Mag) Basic,,,,,,,,,
A13040325O,0,DA 40 x 325 Cyl.(Mag) Basic,,,,,,,,,
A13040330O,0,DA 40 x 330 Cyl.(Mag) Basic,,,,,,,,,
A13040350O,0,DA 40 x 350 Cyl.(Mag) Basic,,,,,,,,,
A13040360O,0,DA 40 x 360 Cyl.(Mag) Basic,,,,,,,,,
A13040375O,0,DA 40 x 375 Cyl. (Mag) Basic,,,,,,,,,
A13040400F,0,DA 40 x 400 Cyl.(Mag) Front Flange,,,,,,,,,
A13040400O,0,DA 40 x 400 Cyl.(Mag) Basic,,,,,,,,,
A13040400T,0,DA 40 x 400 Cyl.(Mag) Centre Trunnion,,,,,,,,,
A13040425O,0,DA 40 x 425 Cyl.(Mag) Basic,,,,,,,,,
A13040450O,0,DA 40 x 450 Cyl.(Mag) Basic,,,,,,,,,
A13040475O,0,DA 40 x 475 Cyl.(Mag) Basic,,,,,,,,,
A13040500L,0,DA 40 x 500 Cyl. (Mag) Foot mount,,,,,,,,,
A13040500O,0,DA 40 x 500 Cyl.(Mag) Basic,,,,,,,,,
A13040500O-S,0,DA 40 x 500 Cyl.(Mag) Basic,,,,,,,,,
A13040500T,0,DA 40 x 500 Cyl.(Mag) Centre Trunnion,,,,,,,,,
A13040520O,0,DA 40 x 520 Cyl.(Mag) Basic,,,,,,,,,
A13040525O,0,DA 40 x 525 Cyl.(Mag) Basic,,,,,,,,,
A13040540O,0,DA 40 x 540 Cyl.(Mag) Basic,,,,,,,,,
A13040550O,0,DA 40 x 550 Cyl.(Mag) Basic,,,,,,,,,
A13040575O,0,DA 40 x 575 Cyl.(Mag) Basic,,,,,,,,,
A13040600O,0,DA 40 x 600 Cyl.(Mag) Basic,,,,,,,,,
A13040615O,0,DA 40 x 615 Cyl.(Mag) Basic,,,,,,,,,
A13040625O,0,DA 40 x 625 Cyl.(Mag) Basic,,,,,,,,,
A13040645O,0,DA 40 x 645 Cyl.(Mag) Basic,,,,,,,,,
A13040650O,0,DA 40 x 650 Cyl.(Mag) Basic,,,,,,,,,
A13040700O,0,DA 40 x 700 Cyl.(Mag) Basic,,,,,,,,,
A13040710O,0,DA 40 x 710 Cyl.(Mag) Basic,,,,,,,,,
A13040725O,0,DA 40 x 725 Cyl.(Mag) Basic,,,,,,,,,
A13040750O,0,DA 40 x 750 Cyl.(Mag) Basic,,,,,,,,,
A13040800O,0,DA 40 x 800 Cyl.(Mag) Basic,,,,,,,,,
A13040810O,0,DA 40 x 810 Cyl.(Mag) Basic,,,,,,,,,
A13040900O,0,DA 40 x 900 Cyl.(Mag) Basic,,,,,,,,,
A13040950O,0,DA 40 x 950 Cyl.(Mag) Basic,,,,,,,,,
A13050015O,0,DA 50 x 15 Cyl. (Mag) Basic,,,,,,,,,
A13050020O,0,DA 50 x 20 Cyl.(Mag) Basic,,,,,,,,,
A13050025F,0,DA 50 x 25 Cyl.(Mag) Front Flange,,,,,,,,,
A13050025O,0,DA 50 x 25 Cyl.(Mag) Basic,,,,,,,,,
A13050030L,0,DA 50 x 30 Cyl.(Mag) Foot Mount,,,,,,,,,
A13050030O,0,DA 50 x 30 Cyl.(Mag) Basic,,,,,,,,,
A13050035O,0,DA 50 x 35 Cyl.(Mag) Basic,,,,,,,,,
A13050040O,0,DA 50 x 40 Cyl.(Mag) Basic,,,,,,,,,
A13050050D,0,DA 50 x 50 Cyl. (Mag) Female Clevis,,,,,,,,,
A13050050O,0,DA 50 x 50 Cyl.(Mag) Basic,,,,,,,,,
A13050050T,0,DA 50 x 50 Cyl.(Mag) Centre Trunnion,,,,,,,,,
A13050060O,0,DA 50 x 60 Cyl.(Mag) Basic,,,,,,,,,
A13050065O,0,DA 50 x 65 Cyl.(Mag) Basic,,,,,,,,,
A13050070D,0,DA 50 x 70 Cyl.(Mag) Female Clevis,,,,,,,,,
A13050075O,0,DA 50 x 75 Cyl.(Mag) Basic,,,,,,,,,
A13050080O,0,DA 50 x 80 Cyl.(Mag) Basic,,,,,,,,,
A13050080O-S,0,DA 50 x 80 Cyl.(Mag) Basic,,,,,,,,,
A13050080T,0,DA 50 x 80 Cyl.(Mag) Centre Trunnion,,,,,,,,,
A13050090O,0,DA 50 x 90 Cyl.(Mag) Basic,,,,,,,,,
A130501000O,0,DA 50 x 1000 Cyl.(Mag) Basic,,,,,,,,,
A13050100F,0,DA 50 x 100 Cyl. (Mag) Front flange,,,,,,,,,
A13050100O,0,DA 50 x 100 Cyl.(Mag) Basic,,,,,,,,,
A13050100O-S,0,DA 50 x 100 Cyl.(Mag) Basic,,,,,,,,,
A130501075O,0,DA 50 x 1075 Cyl.(Mag) Basic,,,,,,,,,
A130501100O,0,DA 50 x 1100 Cyl.(Mag) Basic,,,,,,,,,
A13050110O,0,DA 50 x 110 Cyl. (Mag) Basic,,,,,,,,,
A13050115O,0,DA 50 x 115 Cyl.(Mag) Basic,,,,,,,,,
A130501200O,0,DA 50 x 1200 Cyl.(Mag) Basic,,,,,,,,,
A13050120O,0,DA 50 x 120 Cyl.(Mag) Basic,,,,,,,,,
A130501250O,0,DA 50 x 1250 Cyl.(Mag) Basic,,,,,,,,,
A13050125D,0,DA 50 x 125 Cyl.(Mag) Female Clevis,,,,,,,,,
A13050125O,0,DA 50 x 125 Cyl.(Mag) Basic,,,,,,,,,
A13050125S,0,DA 50 x 125 Cyl.(Mag) Male Clevis,,,,,,,,,
A13050130O,0,DA 50 x 130 Cyl.(Mag) Basic,,,,,,,,,
A130501350O,0,DA 50 x 1350 Cyl.(Mag) Basic,,,,,,,,,
A13050140O,0,DA 50 x 140 Cyl.(Mag) Basic,,,,,,,,,
A130501500O,0,DA 50 x 1500 Cyl.(Mag) Basic,,,,,,,,,
A13050150O,0,DA 50 x 150 Cyl.(Mag) Basic,,,,,,,,,
A13050155O,0,DA 50 x 155 Cyl.(Mag) Basic,,,,,,,,,
A13050160F,0,DA 50 x 160 Cyl.(Mag) Front Flange,,,,,,,,,
A13050160L,0,DA 50 x 160 Cyl. (Mag) Foot mount,,,,,,,,,
A13050160O,0,DA 50 x 160 Cyl.(Mag) Basic,,,,,,,,,
A13050160S,0,DA 50 x 160 Cyl.(Mag) Male Clevis,,,,,,,,,
A13050160T,0,DA 50 x 160 Cyl.(Mag) Centre Trunnion,,,,,,,,,
A13050180O,0,DA 50 x 180 Cyl.(Mag) Basic,,,,,,,,,
A13050185O,0,DA 50 x 185 Cyl.(Mag) Basic,,,,,,,,,
A130502000O,0,DA 50 x 2000 Cyl.(Mag) Basic,,,,,,,,,
A13050200D,0,DA 50 x 200 Cyl. (Mag) Female Clevis,,,,,,,,,
A13050200O,0,DA 50 x 200 Cyl.(Mag) Basic,,,,,,,,,
A13050200S,0,DA 50 x 200 Cyl.(Mag) Male Clevis,,,,,,,,,
A13050210O,0,DA 50 x 210 Cyl.(Mag) Basic,,,,,,,,,
A13050220O,0,DA 50 x 220 Cyl.(Mag) Basic,,,,,,,,,
A13050225O,0,DA 50 x 225 Cyl.(Mag) Basic,,,,,,,,,
A130502500O,0,DA 50 x 2500 Cyl.(Mag) Basic,,,,,,,,,
A13050250F,0,DA 50 x 250  Cyl. (Mag) Front flange,,,,,,,,,
A13050250O,0,DA 50 x 250 Cyl.(Mag) Basic,,,,,,,,,
A13050250T,0,DA 50 x 250 Cyl. (Mag) Centre Trunnion,,,,,,,,,
A13050260O,0,DA 50 x 260 Cyl.(Mag) Basic,,,,,,,,,
A13050270O,0,DA 50 x 270 Cyl.(Mag) Basic,,,,,,,,,
A13050300O,0,DA 50 x 300 Cyl.(Mag) Basic,,,,,,,,,
A13050310O,0,DA 50 x 310 Cyl.(Mag) Basic,,,,,,,,,
A13050320O,0,DA 50 x 320 Cyl.(Mag) Basic,,,,,,,,,
A13050325O,0,DA 50 x 325 Cyl.(Mag) Basic,,,,,,,,,
A13050330O,0,DA 50 x 330 Cyl.(Mag) Basic,,,,,,,,,
A13050350O,0,DA 50 x 350 Cyl.(Mag) Basic,,,,,,,,,
A13050375O,0,DA 50 x 375 Cyl.(Mag) Basic,,,,,,,,,
A13050400F,0,DA 50 x 400 Cyl.(Mag) Front Flange,,,,,,,,,
A13050400L,0,DA 50 x 400 Cyl.(Mag) Foot Mount,,,,,,,,,
A13050400O,0,DA 50 x 400 Cyl.(Mag) Basic,,,,,,,,,
A13050410O,0,DA 50 x 410 Cyl.(Mag) Basic,,,,,,,,,
A13050420O,0,DA 50 x 420 Cyl.(Mag) Basic,,,,,,,,,
A13050450O,0,DA 50 x 450 Cyl.(Mag) Basic,,,,,,,,,
A13050470O-S,0,DA 50 x 470 Cyl. (Mag) Basic,,,,,,,,,
A13050475O,0,DA 50 x 475 Cyl.(Mag) Basic,,,,,,,,,
A13050500F,0,DA 50 x 500 Cyl.(Mag) Front Flange,,,,,,,,,
A13050500O,0,DA 50 x 500 Cyl.(Mag) Basic,,,,,,,,,
A13050510O,0,DA 50 x 510 Cyl.(Mag) Basic,,,,,,,,,
A13050525O,0,DA 50 x 525 Cyl.(Mag) Basic,,,,,,,,,
A13050550O,0,DA 50 x 550 Cyl.(Mag) Basic,,,,,,,,,
A13050575O,0,DA 50 x 575 Cyl.(Mag) Basic,,,,,,,,,
A13050600O,0,DA 50 x 600 Cyl.(Mag) Basic,,,,,,,,,
A13050650O,0,DA 50 x 650 Cyl.(Mag) Basic,,,,,,,,,
A13050700O,0,DA 50 x 700 Cyl.(Mag) Basic,,,,,,,,,
A13050750O,0,DA 50 x 750 Cyl.(Mag) Basic,,,,,,,,,
A13050800O,0,DA 50 x 800 Cyl.(Mag) Basic,,,,,,,,,
A13050825O,0,DA 50 x 825 Cyl.(Mag) Basic,,,,,,,,,
A13050830O,0,DA 50 x 830 Cyl.(Mag) Basic,,,,,,,,,
A13050850O,0,DA 50 x 850 Cyl.(Mag) Basic,,,,,,,,,
A13050852O,0,DA 50 x 852 Cyl.(Mag) Basic,,,,,,,,,
A13050900O,0,DA 50 x 900 Cyl.(Mag) Basic,,,,,,,,,
A13063012O,0,DA 63 x 12 Cyl.(Mag) Basic,,,,,,,,,
A13063015O,0,DA 63 x 15 Cyl.(Mag) Basic,,,,,,,,,
A13063020O,0,DA 63 x 20 Cyl.(Mag) Basic,,,,,,,,,
A13063025F,0,DA 63 x 25 Cyl.(Mag) Front Flange,,,,,,,,,
A13063025O,0,DA 63 x 25 Cyl.(Mag) Basic,,,,,,,,,
A13063025T,0,DA 63 x 25 Cyl.(Mag) Centre Trunnion,,,,,,,,,
A13063030O,0,DA 63 x 30 Cyl.(Mag) Basic,,,,,,,,,
A13063032O,0,DA 63 x 32 Cyl.(Mag) Basic,,,,,,,,,
A13063040O,0,DA 63 x 40 Cyl.(Mag) Basic,,,,,,,,,
A13063050F,0,DA 63 x 50 Cyl.(Mag) Front Flange,,,,,,,,,
A13063050O,0,DA 63 x 50 Cyl.(Mag) Basic,,,,,,,,,
A13063060O,0,DA 63 x 60 Cyl.(Mag) Basic,,,,,,,,,
A13063065O,0,DA 63 x 65 Cyl.(Mag) Basic,,,,,,,,,
A13063070O,0,DA 63 x 70 Cyl.(Mag) Basic,,,,,,,,,
A13063075O,0,DA 63 X 75 Cyl. (Mag) Basic,,,,,,,,,
A13063080O,0,DA 63 x 80 Cyl.(Mag) Basic,,,,,,,,,
A13063080T,0,DA 63 x 80 Cyl. (Mag) Centre Trunnion,,,,,,,,,
A130631000O,0,DA 63 x 1000 Cyl.(Mag) Basic,,,,,,,,,
A130631000T,0,DA 63 x 1000 Cyl.(Mag) Centre Trunnion,,,,,,,,,
A13063100D,0,DA 63 x 100 Cyl.(Mag) Female Clevis,,,,,,,,,
A13063100F,0,DA 63 x 100 Cyl.(Mag) Front Flange,,,,,,,,,
A13063100O,0,DA 63 x 100 Cyl.(Mag) Basic,,,,,,,,,
A13063100T,0,DA 63 x 100 Cyl.(Mag) Centre Trunnion,,,,,,,,,
A130631100O,0,DA 63 x 1100 Cyl.(Mag) Basic,,,,,,,,,
A130631100T,0,DA 63 x 1100 Cyl.(Mag) Centre Trunnion,,,,,,,,,
A13063110O,0,DA 63 x 110 Cyl.(Mag) Basic,,,,,,,,,
A13063120O,0,DA 63 x 120 Cyl.(Mag) Basic,,,,,,,,,
A13063125O,0,DA 63 x 125 Cyl.(Mag) Basic,,,,,,,,,
A13063125T,0,DA 63 x 125 Cyl.(Mag) Centre Trunnion,,,,,,,,,
A130631300O,0,DA 63 x 1300 Cyl.(Mag) Basic,,,,,,,,,
A13063130O,0,DA 63 x 130 Cyl.(Mag) Basic,,,,,,,,,
A130631400O,0,DA 63 x 1400 Cyl.(Mag) Basic,,,,,,,,,
A130631500O,0,DA 63 x 1500 Cyl.(Mag) Basic,,,,,,,,,
A13063150O,0,DA 63 x 150 Cyl.(Mag) Basic,,,,,,,,,
A130631520O,0,DA 63 x 1520 Cyl.(Mag) Basic,,,,,,,,,
A13063152O,0,DA 63 x 152 Cyl.(Mag) Basic,,,,,,,,,
A13063152S,0,DA 63 x 152 Cyl. (Mag) Male clevis,,,,,,,,,
A13063160D,0,DA 63 x 160 Cyl. (Mag) Female clevis,,,,,,,,,
A13063160F,0,DA 63 x 160 Cyl.(Mag) Front Flange,,,,,,,,,
A13063160O,0,DA 63 x 160 Cyl.(Mag) Basic,,,,,,,,,
A13063160T,0,DA 63 x 160 Cyl.(Mag) Centre Trunnion,,,,,,,,,
A130631750O,0,DA 63 x 1750 Cyl.(Mag) Basic,,,,,,,,,
A13063175D,0,DA 63 x 175 Cyl.(Mag) Female Clevis,,,,,,,,,
A13063175O,0,DA 63 x 175 Cyl.(Mag) Basic,,,,,,,,,
A13063180O,0,DA 63 x 180 Cyl.(Mag) Basic,,,,,,,,,
A13063190O,0,DA 63 x 190 Cyl.(Mag) Basic,,,,,,,,,
A13063200D,0,DA 63 x 200 Cyl.(Mag) Female Clevis,,,,,,,,,
A13063200O,0,DA 63 x 200 Cyl.(Mag) Basic,,,,,,,,,
A13063200R,0,DA 63 x 200 Cyl. (Mag) Rear Flange,,,,,,,,,
A13063200T,0,DA 63 x 200 Cyl.(Mag) Centre Trunnion,,,,,,,,,
A13063210O,0,DA 63 X 210 Cyl. (Mag) Basic,,,,,,,,,
A13063225O,0,DA 63 x 225 Cyl.(Mag) Basic,,,,,,,,,
A130632500O,0,DA 63 x 2500 Cyl.(Mag) Basic,,,,,,,,,
A13063250O,0,DA 63 x 250 Cyl.(Mag) Basic,,,,,,,,,
A13063260O,0,DA 63 x 260 Cyl. (Mag) Basic,,,,,,,,,
A130632950O,0,DA 63 x 2950 Cyl.(Mag) Basic,,,,,,,,,
A13063300O,0,DA 63 x 300 Cyl.(Mag) Basic,,,,,,,,,
A13063300R,0,DA 63 x 300 Cyl. (Mag) Rear Flange,,,,,,,,,
A13063300T,0,DA 63 x 300 Cyl. (Mag) Centre Trunnion,,,,,,,,,
A13063320O,0,DA 63 x 320 Cyl.(Mag) Basic,,,,,,,,,
A13063335O,0,DA 63 x 335 Cyl.(Mag) Basic,,,,,,,,,
A13063350F,0,DA 63 x 350 Cyl.(Mag) Front Flange,,,,,,,,,
A13063350O,0,DA 63 x 350 Cyl.(Mag) Basic,,,,,,,,,
A13063360O,0,DA 63 x 360 Cyl. (Mag) Basic,,,,,,,,,
A13063375O,0,DA 63 x 375 Cyl.(Mag) Basic,,,,,,,,,
A13063380O,0,DA 63 x 380 Cyl.(Mag) Basic,,,,,,,,,
A13063400O,0,DA 63 x 400 Cyl.(Mag) Basic,,,,,,,,,
A13063450O,0,DA 63 x 450 Cyl.(Mag) Basic,,,,,,,,,
A13063500D,0,DA 63 x 500 Cyl.(Mag) Female Clevis,,,,,,,,,
A13063500O,0,DA 63 x 500 Cyl.(Mag) Basic,,,,,,,,,
A13063525O,0,DA 63 x 525 Cyl.(Mag) Basic,,,,,,,,,
A13063550O,0,DA 63 x 550 Cyl.(Mag) Basic,,,,,,,,,
A13063575O,0,DA 63 x 575 Cyl.(Mag) Basic,,,,,,,,,
A13063600F,0,DA 63 x 600 Cyl.(Mag) Front Flange,,,,,,,,,
A13063600O,0,DA 63 x 600 Cyl.(Mag) Basic,,,,,,,,,
A13063600T,0,DA 63 x 600 Cyl. (Mag) Centre trunnion,,,,,,,,,
A13063625O,0,DA 63 x 625 Cyl.(Mag) Basic,,,,,,,,,
A13063650O,0,DA 63 x 650 Cyl.(Mag) Basic,,,,,,,,,
A13063660O,0,DA 63 x 660 Cyl.(Mag) Basic,,,,,,,,,
A13063675O,0,DA 63 x 675 Cyl.(Mag) Basic,,,,,,,,,
A13063700O,0,DA 63 x 700 Cyl.(Mag) Basic,,,,,,,,,
A13063710O,0,DA 63 x 710 Cyl.(Mag) Basic,,,,,,,,,
A13063750O,0,DA 63 x 750 Cyl.(Mag) Basic,,,,,,,,,
A13063795O,0,DA 63 x 795 Cyl.(Mag) Basic,,,,,,,,,
A13063800L,0,DA 63 x 800 CYL.(MAG) FOOT MOUNT,,,,,,,,,
A13063800O,0,DA 63 x 800 Cyl.(Mag) Basic,,,,,,,,,
A13063850O,0,DA 63 x 850 Cyl.(Mag) Basic,,,,,,,,,
A13063900O,0,DA 63 x 900 Cyl.(Mag) Basic,,,,,,,,,
A13063950O,0,DA 63 x 950 Cyl.(Mag) Basic,,,,,,,,,
A13063975O,0,DA 63 x 975 Cyl.(Mag) Basic,,,,,,,,,
A13080025O,0,DA 80 x 25 Cyl.(Mag) Basic,,,,,,,,,
A13080028O,0,DA 80 x 28 Cyl.(Mag) Basic,,,,,,,,,
A13080030O,0,DA 80 x 30 Cyl.(Mag) Basic,,,,,,,,,
A13080040O,0,DA 80 x 40 Cyl.(Mag) Basic,,,,,,,,,
A13080050O,0,DA 80 x 50 Cyl. (Mag) Basic,,,,,,,,,
A13080060O,0,DA 80 x 60 Cyl.(Mag) Basic,,,,,,,,,
A13080065O,0,DA 80 x 65 Cyl. (Mag) Basic,,,,,,,,,
A13080065T,0,DA 80 x 65 Cyl.(Mag) Centre Trunnion,,,,,,,,,
A13080075O,0,DA 80 x 75 Cyl.(Mag) Basic,,,,,,,,,
A13080080O,0,DA 80 x 80 Cyl.(Mag) Basic,,,,,,,,,
A13080080O-N,0,DA 80 x 80 Cyl. (Mag) Basic,,,,,,,,,
A130801000L,0,DA 80 x 1000 Cyl. (Mag) Foot mount,,,,,,,,,
A130801000O,0,DA 80 x 1000 Cyl.(Mag) Basic,,,,,,,,,
A13080100O,0,DA 80 x 100 Cyl.(Mag) Basic,,,,,,,,,
A130801100O,0,DA 80 x 1100 Cyl.(Mag) Basic,,,,,,,,,
A13080110O,0,DA 80 x 110 Cyl.(Mag) Basic,,,,,,,,,
A130801200O,0,DA 80 x 1200 Cyl.(Mag) Basic,,,,,,,,,
A13080120O,0,DA 80 x 120 Cyl.(Mag) Basic,,,,,,,,,
A13080125O,0,DA 80 x 125 Cyl.(Mag) Basic,,,,,,,,,
A13080125T,0,DA 80 x 125 Cyl. (Mag) Centre trunnion,,,,,,,,,
A130801300O,0,DA 80 x 1300 Cyl.(Mag) Basic,,,,,,,,,
A13080130O,0,DA 80 x 130 Cyl.(Mag) Basic,,,,,,,,,
A130801400O,0,DA 80 x 1400 Cyl.(Mag) Basic,,,,,,,,,
A13080140O,0,DA 80 x 140 Cyl.(Mag) Basic,,,,,,,,,
A130801450O,0,DA 80 x 1450 Cyl.(Mag) Basic,,,,,,,,,
A13080150O,0,DA 80 x 150 Cyl.(Mag) Basic,,,,,,,,,
A130801600O,0,DA 80 x 1600 Cyl.(Mag) Basic,,,,,,,,,
A13080160F,0,DA 80 x 160 Cyl.(Mag) Front Flange,,,,,,,,,
A13080160O,0,DA 80 x 160 Cyl.(Mag) Basic,,,,,,,,,
A130801700O,0,DA 80 x 1700 Cyl.(Mag) Basic,,,,,,,,,
A13080175O,0,DA 80 x 175 Cyl.(Mag) Basic,,,,,,,,,
A13080180O,0,DA 80 x 180 Cyl.(Mag) Basic,,,,,,,,,
A13080200D,0,DA 80 x 200 Cyl. (Mag) Female Clevis,,,,,,,,,
A13080200F,0,DA 80 x 200 Cyl.(Mag) Front Flange,,,,,,,,,
A13080200O,0,DA 80 x 200 Cyl.(Mag) Basic,,,,,,,,,
A13080225O,0,DA 80 x 225 Cyl.(Mag) Basic,,,,,,,,,
A13080230O,0,DA 80 x 230 Cyl.(Mag) Basic,,,,,,,,,
A13080250O,0,DA 80 x 250 Cyl.(Mag) Basic,,,,,,,,,
A13080275O,0,DA 80 x 275 Cyl.(Mag) Basic,,,,,,,,,
A13080275T,0,DA 80 x 275 Cyl.(Mag) Centre Trunnion,,,,,,,,,
A13080300O,0,DA 80 x 300 Cyl.(Mag) Basic,,,,,,,,,
A13080300O-N,0,DA 80 x 300 Cyl. (Mag) Basic,,,,,,,,,
A13080320O,0,DA 80 x 320 Cyl.(Mag) Basic,,,,,,,,,
A13080320O-N,0,DA 80 x 320 Cyl. (Mag) Basic,,,,,,,,,
A13080325O,0,DA 80 x 325 Cyl.(Mag) Basic,,,,,,,,,
A13080350O,0,DA 80 x 350 Cyl.(Mag) Basic,,,,,,,,,
A13080375O,0,DA 80 x 375 Cyl.(Mag) Basic,,,,,,,,,
A13080390O,0,DA 80 x 390 Cyl.(Mag) Basic,,,,,,,,,
A13080400O,0,DA 80 x 400 Cyl.(Mag) Basic,,,,,,,,,
A13080425O,0,DA 80 x 425 Cyl.(Mag) Basic,,,,,,,,,
A13080450O,0,DA 80 x 450 Cyl.(Mag) Basic,,,,,,,,,
A13080500O,0,DA 80 x 500 Cyl.(Mag) Basic,,,,,,,,,
A13080500T,0,DA 80 x 500 Cyl.(Mag) Centre Trunnion,,,,,,,,,
A13080550O,0,DA 80 x 550 Cyl.(Mag) Basic,,,,,,,,,
A13080600O,0,DA 80 x 600 Cyl.(Mag) Basic,,,,,,,,,
A13080650O,0,DA 80 x 650 Cyl.(Mag) Basic,,,,,,,,,
A13080675O,0,DA 80 x 675 Cyl.(Mag) Basic,,,,,,,,,
A13080680O,0,DA 80 x 680 Cyl.(Mag) Basic,,,,,,,,,
A13080700L,0,DA 80 x 700 Cyl. (Mag) Foot mount,,,,,,,,,
A13080700O,0,DA 80 x 700 Cyl.(Mag) Basic,,,,,,,,,
A13080750O,0,DA 80 x 750 Cyl.(Mag) Basic,,,,,,,,,
A13080775O,0,DA 80 x 775 Cyl.(Mag) Basic,,,,,,,,,
A13080800F,0,DA 80 x 800 Cyl.(Mag) Front Flange,,,,,,,,,
A13080800O,0,DA 80 x 800 Cyl.(Mag) Basic,,,,,,,,,
A13080800T,0,DA 80 x 800 Cyl. (Mag) Centre trunnion,,,,,,,,,
A13080900F,0,DA 80 x 900 Cyl. (Mag) Front Flange,,,,,,,,,
A13080900O,0,DA 80 x 900 Cyl.(Mag) Basic,,,,,,,,,
A13080950O,0,DA 80 x 950 Cyl.(Mag) Basic,,,,,,,,,
A13080950T,0,DA 80 x 950 Cyl.(Mag) Centre Trunnion,,,,,,,,,
A13080975O,0,DA 80 x 975 Cyl.(Mag) Basic,,,,,,,,,
A13080985O,0,DA 80 x 985 Cyl.(Mag) Basic,,,,,,,,,
A13100025O,0,DA 100 x 25 Cyl.(Mag) Basic,,,,,,,,,
A13100030O,0,DA 100 x 30 Cyl.(Mag) Basic,,,,,,,,,
A13100050O,0,DA 100 x 50 Cyl.(Mag) Basic,,,,,,,,,
A13100050S,0,DA 100 x 50 Cyl. (Mag) Male clevis,,,,,,,,,
A13100060O,0,DA 100 x 60 Cyl.(Mag) Basic,,,,,,,,,
A13100065O,0,DA 100 x 65 Cyl.(Mag) Basic,,,,,,,,,
A13100065O-N,0,DA 100 x 65 Cyl. (Mag) Basic,,,,,,,,,
A13100070T,0,DA 100 x 70 Cyl.(Mag) Centre Trunnion,,,,,,,,,
A13100075O,0,DA 100 x 75 Cyl.(Mag) Basic,,,,,,,,,
A13100080O,0,DA 100 x 80 Cyl.(Mag) Basic,,,,,,,,,
A131001000O,0,DA 100 x 1000 Cyl.(Mag) Basic,,,,,,,,,
A13100100F,0,DA 100 x 100 Cyl. (Mag) Front flange,,,,,,,,,
A13100100O,0,DA 100 x 100 Cyl.(Mag) Basic,,,,,,,,,
A131001050O,0,DA 100 x 1050 Cyl.(Mag) Basic,,,,,,,,,
A13100110O,0,DA 100 x 110 Cyl. (Mag) Basic,,,,,,,,,
A131001150O,0,DA 100 x 1150 Cyl.(Mag) Basic,,,,,,,,,
A131001200T,0,DA 100 x 1200 Cyl. (Mag) Centre trunnion,,,,,,,,,
A13100125F,0,DA 100 x 125 Cyl. (Mag) Front Flange,,,,,,,,,
A13100125L,0,DA 100 x 125 Cyl.(Mag) Foot Mount,,,,,,,,,
A13100125O,0,DA 100 x 125 Cyl.(Mag) Basic,,,,,,,,,
A131001300O,0,DA 100 x 1300 Cyl.(Mag) Basic,,,,,,,,,
A131001400O,0,DA 100 x 1400 Cyl.(Mag) Basic,,,,,,,,,
A131001500O,0,DA 100 x 1500 Cyl.(Mag) Basic,,,,,,,,,
A13100150O,0,DA 100 x 150 Cyl.(Mag) Basic,,,,,,,,,
A131001600O,0,DA 100 x 1600 Cyl.(Mag) Basic,,,,,,,,,
A13100160F,0,DA 100 x 160 Cyl. (Mag) Front Flange,,,,,,,,,
A13100160O,0,DA 100 x 160 Cyl.(Mag) Basic,,,,,,,,,
A13100165O,0,DA 100 x 165 Cyl.(Mag) Basic,,,,,,,,,
A131002000O,0,DA 100 x 2000 Cyl.(Mag) Basic,,,,,,,,,
A13100200D,0,DA 100 x 200 Cyl.(Mag) Female Clevis,,,,,,,,,
A13100200F,0,DA 100 x 200 Cyl.(Mag) Front Flange,,,,,,,,,
A13100200O,0,DA 100 x 200 Cyl.(Mag) Basic,,,,,,,,,
A13100200S,0,DA 100 x 200 Cyl. (Mag) Male clevis,,,,,,,,,
A13100210O,0,DA 100 x 210 Cyl.(Mag) Basic,,,,,,,,,
A13100213O,0,DA 100 x 213 Cyl.(Mag) Basic,,,,,,,,,
A13100225O,0,DA 100 x 225 Cyl.(Mag) Basic,,,,,,,,,
A13100230O,0,DA 100 x 230 Cyl.(Mag) Basic,,,,,,,,,
A131002500O,0,DA 100 x 2500 Cyl.(Mag) Basic,,,,,,,,,
A13100250O,0,DA 100 x 250 Cyl.(Mag) Basic,,,,,,,,,
A13100250T,0,DA 100 x 250 Cyl.(Mag) Centre Trunnion,,,,,,,,,
A13100280O,0,DA 100 x 280 Cyl.(Mag) Basic,,,,,,,,,
A13100300O,0,DA 100 x 300 Cyl.(Mag) Basic,,,,,,,,,
A13100305O,0,DA 100 x 305 Cyl.(Mag) Basic,,,,,,,,,
A13100320O,0,DA 100 x 320 Cyl.(Mag) Basic,,,,,,,,,
A13100320T,0,DA 100 x 320 Cyl.(Mag) Centre Trunnion,,,,,,,,,
A13100350O,0,DA 100 x 350 Cyl.(Mag) Basic,,,,,,,,,
A13100400O,0,DA 100 x 400 Cyl.(Mag) Basic,,,,,,,,,
A13100425O,0,DA 100 x 425 Cyl. (Mag) Basic,,,,,,,,,
A13100450O,0,DA 100 x 450 Cyl.(Mag) Basic,,,,,,,,,
A13100500O,0,DA 100 x 500 Cyl.(Mag) Basic,,,,,,,,,
A13100550O,0,DA 100 x 550 Cyl.(Mag) Basic,,,,,,,,,
A13100600O,0,DA 100 x 600 Cyl.(Mag) Basic,,,,,,,,,
A13100650O,0,DA 100 x 650 Cyl.(Mag) Basic,,,,,,,,,
A13100652O,0,DA 100 x 652 Cyl.(Mag) Basic,,,,,,,,,
A13100675O,0,DA 100 x 675 Cyl.(Mag) Basic,,,,,,,,,
A13100800O,0,DA 100 x 800 Cyl.(Mag) Basic,,,,,,,,,
A13100850O,0,DA 100 x 850 Cyl. Basic,,,,,,,,,
A13100900O,0,DA 100 x 900 Cyl.(Mag) Basic,,,,,,,,,
A14040200O,0,DA 40 x 200 Cyl. Basic,,,,,,,,,
A16125015O,0,DA 125 x 15 Cyl. Basic,,,,,,,,,
A16125020S,0,DA 125 x 20 Cyl. Male clevis,,,,,,,,,
A16125025O,0,DA 125 x 25 Cyl. Basic,,,,,,,,,
A16125025S,0,DA 125 x 25 Cyl. Male clevis,,,,,,,,,
A16125030O,0,DA 125 x 30 Cyl. Basic,,,,,,,,,
A16125040O,0,DA 125 x 40 Cyl. Basic,,,,,,,,,
A16125050F,0,DA 125 x 50 Cyl. Front flange,,,,,,,,,
A16125050O,0,DA 125 x 50 Cyl. Basic,,,,,,,,,
A16125050O-H,0,DA 125 x 50 Cyl. High temp Basic,,,,,,,,,
A16125050O-N,0,DA 125 x 50 Cyl. Basic,,,,,,,,,
A16125050R,0,DA 125 x 50 Cyl. Rear flange,,,,,,,,,
A16125060O,0,DA 125 x 60 Cyl. Basic,,,,,,,,,
A16125065O,0,DA 125 x 65 Cyl. Basic,,,,,,,,,
A16125070O,0,DA 125 x 70 Cyl. Basic,,,,,,,,,
A16125075F,0,DA 125 x 75 Cyl. Front flange,,,,,,,,,
A16125075O,0,DA 125 x 75 Cyl. Basic,,,,,,,,,
A16125080F,0,DA 125 x 80 Cyl. Front flange,,,,,,,,,
A16125080O,0,DA 125 x 80 Cyl. Basic,,,,,,,,,
A16125090O,0,DA 125 x 90 Cyl. Basic,,,,,,,,,
A161251000F,0,DA 125 x 1000 Cyl. Front flange,,,,,,,,,
A161251000O,0,DA 125 x 1000 Cyl. Basic,,,,,,,,,
A161251000O-H,0,DA 125 x 1000 Cyl. High temp Basic,,,,,,,,,
A161251000T,0,DA 125 x 1000 Cyl. Centre trunnion,,,,,,,,,
A16125100D,0,DA 125 x 100 Cyl. Female clevis,,,,,,,,,
A16125100F,0,DA 125 x 100 Cyl. Front flange,,,,,,,,,
A16125100L,0,DA 125 x 100 Cyl. Foot mount,,,,,,,,,
A16125100O,0,DA 125 x 100 Cyl. Basic,,,,,,,,,
A16125100O-H,0,DA 125 x 100 Cyl. High temp Basic,,,,,,,,,
A16125100S,0,DA 125 x 100 Cyl. Male clevis,,,,,,,,,
A16125100S-S,0,DA 125 x 100 Cyl. Male clevis,,,,,,,,,
A16125100T,0,DA 125 x 100 Cyl. Centre trunnion,,,,,,,,,
A161251050O,0,DA 125 x 1050 Cyl. Basic,,,,,,,,,
A161251100O-H,0,DA 125 x 1100 Cyl. High temp Basic,,,,,,,,,
A161251150O,0,DA 125 x 1150 Cyl. Basic,,,,,,,,,
A161251200O,0,DA 125 x 1200 Cyl. Basic,,,,,,,,,
A161251200T,0,DA 125 x 1200 Cyl. Centre trunnion,,,,,,,,,
A16125120F,0,DA 125 x 120 Cyl. Front flange,,,,,,,,,
A16125125D,0,DA 125 x 125 Cyl. Female clevis,,,,,,,,,
A16125125F,0,DA 125 x 125 Cyl. Front flange,,,,,,,,,
A16125125O,0,DA 125 x 125 Cyl. Basic,,,,,,,,,
A16125125O-H,0,DA 125 x 125 Cyl. High temp Basic,,,,,,,,,
A16125125S,0,DA 125 x 125 Cyl. Male clevis,,,,,,,,,
A16125125T,0,DA 125 x 125 Cyl. Centre trunnion,,,,,,,,,
A16125130D,0,DA 125 x 130 Cyl. Double clevis,,,,,,,,,
A161251350O,0,DA 125 x 1350 Cyl. Basic,,,,,,,,,
A16125135O,0,DA 125 x 135 Cyl. Basic,,,,,,,,,
A161251400O,0,DA 125 x 1400 Cyl. Basic,,,,,,,,,
A16125140O,0,DA 125 x 140 Cyl. Basic,,,,,,,,,
A161251500O,0,DA 125 x 1500 Cyl. Basic,,,,,,,,,
A16125150F,0,DA 125 x 150 Cyl. Front flange,,,,,,,,,
A16125150O,0,DA 125 x 150 Cyl. Basic,,,,,,,,,
A161251555L,0,DA 125 x 1555 Cyl. Foot mount,,,,,,,,,
A16125155O,0,DA 125 x 155 Cyl. Basic,,,,,,,,,
A161251600F,0,DA 125 x 1600 Cyl. Front flange,,,,,,,,,
A161251600O,0,DA 125 x 1600 Cyl. Basic,,,,,,,,,
A16125160N,0,DA 125 x 160 Cyl. Front trunnion,,,,,,,,,
A16125160O,0,DA 125 x 160 Cyl. Basic,,,,,,,,,
A16125160R,0,DA 125 x 160 Cyl. Rear flange,,,,,,,,,
A16125160T,0,DA 125 x 160 Cyl. Centre trunnion,,,,,,,,,
A16125175O,0,DA 125 x 175 Cyl. Basic,,,,,,,,,
A16125175T,0,DA 125 x 175 Cyl. Centre trunnion,,,,,,,,,
A161251800O,0,DA 125 x 1800 Cyl. Basic,,,,,,,,,
A161251800T,0,DA 125 x 1800 Cyl. Centre trunnion,,,,,,,,,
A16125180O,0,DA 125 x 180 Cyl. Basic,,,,,,,,,
A16125185O,0,DA 125 x 185 Cyl. Basic,,,,,,,,,
A161251900O,0,DA 125 x 1900 Cyl. Basic,,,,,,,,,
A161252000O,0,DA 125 x 2000 Cyl. Basic,,,,,,,,,
A16125200D,0,DA 125 x 200 Cyl. Female clevis,,,,,,,,,
A16125200F,0,DA 125 x 200 Cyl. Front flange,,,,,,,,,
A16125200L,0,DA 125 x 200 Cyl. Foot mount,,,,,,,,,
A16125200O,0,DA 125 x 200 Cyl. Basic,,,,,,,,,
A16125200O-H,0,DA 125 x 200 Cyl. High temp Basic,,,,,,,,,
A16125200S,0,DA 125 x 200 Cyl. Male clevis,,,,,,,,,
A16125200T,0,DA 125 x 200 Cyl. Centre trunnion,,,,,,,,,
A16125210O,0,DA 125 x 210 Cyl. Basic,,,,,,,,,
A16125220F,0,DA 125 x 220 Cyl. Front flange,,,,,,,,,
A16125220O,0,DA 125 x 220 Cyl. Basic,,,,,,,,,
A16125225F,0,DA 125 x 225 Cyl. Front flange,,,,,,,,,
A16125225O,0,DA 125 x 225 Cyl. Basic,,,,,,,,,
A16125225O-H,0,DA 125 x 225 Cyl. High temp Basic,,,,,,,,,
A161252400O,0,DA 125 x 2400 Cyl. Basic,,,,,,,,,
A16125240D,0,DA 125 x 240 Cyl. Female clevis,,,,,,,,,
A16125245O,0,DA 125 x 245 Cyl. Basic,,,,,,,,,
A16125250D,0,DA 125 x 250 Cyl. Female clevis,,,,,,,,,
A16125250F,0,DA 125 x 250 Cyl. Front flange,,,,,,,,,
A16125250O,0,DA 125 x 250 Cyl. Basic,,,,,,,,,
A16125250O-H,0,DA 125 x 250 Cyl. High temp Basic,,,,,,,,,
A16125250O-S-B,0,DA 125 x 250 Cyl. Basic with Bellows,,,,,,,,,
A16125250S,0,DA 125 x 250 Cyl. Male clevis,,,,,,,,,
A16125250T,0,DA 125 x 250 Cyl. Centre trunnion,,,,,,,,,
A16125265O,0,DA 125 x 265 Cyl. Basic,,,,,,,,,
A16125270O,0,DA 125 x 270 Cyl. Basic,,,,,,,,,
A16125275O,0,DA 125 x 275 Cyl. Basic,,,,,,,,,
A16125275T,0,DA 125 x 275 Cyl. Centre trunnion,,,,,,,,,
A16125300D,0,DA 125 x 300 Cyl. Female clevis,,,,,,,,,
A16125300F,0,DA 125 x 300 Cyl. Front flange,,,,,,,,,
A16125300O,0,DA 125 x 300 Cyl. Basic,,,,,,,,,
A16125300O-H,0,DA 125 x 300 Cyl. High temp Basic,,,,,,,,,
A16125300S,0,DA 125 x 300 Cyl. Male clevis,,,,,,,,,
A16125300T,0,DA 125 x 300 Cyl. Centre trunnion,,,,,,,,,
A16125320D,0,DA 125 x 320 Cyl. Female clevis,,,,,,,,,
A16125320O,0,DA 125 x 320 Cyl. Basic,,,,,,,,,
A16125325O,0,DA 125 x 325 Cyl. Basic,,,,,,,,,
A16125335O,0,DA 125 x 335 Cyl. Basic,,,,,,,,,
A16125340O,0,DA 125 x 340 Cyl. Basic,,,,,,,,,
A16125350D,0,DA 125 x 350 Cyl. Female clevis,,,,,,,,,
A16125350O,0,DA 125 x 350 Cyl. Basic,,,,,,,,,
A16125350T,0,DA 125 x 350 Cyl. Centre trunnion,,,,,,,,,
A16125360O,0,DA 125 x 360 Cyl. Basic,,,,,,,,,
A16125370O,0,DA 125 x 370 Cyl. Basic,,,,,,,,,
A16125400D,0,DA 125 x 400 Cyl. Female clevis,,,,,,,,,
A16125400F,0,DA 125 x 400 Cyl. Front flange,,,,,,,,,
A16125400O,0,DA 125 x 400 Cyl. Basic,,,,,,,,,
A16125400O-H,0,DA 125 x 400 Cyl. High temp Basic,,,,,,,,,
A16125400T,0,DA 125 x 400 Cyl. Centre trunnion,,,,,,,,,
A16125410T,0,DA 125 x 410 Cyl. Centre trunnion,,,,,,,,,
A16125425O,0,DA 125 x 425 Cyl. Basic,,,,,,,,,
A16125450O,0,DA 125 x 450 Cyl. Basic,,,,,,,,,
A16125500D,0,DA 125 x 500 Cyl. Female clevis,,,,,,,,,
A16125500F,0,DA 125 x 500 Cyl. Front flange,,,,,,,,,
A16125500O,0,DA 125x 500 Cyl. Basic,,,,,,,,,
A16125500T,0,DA 125 x 500 Cyl. Centre trunnion,,,,,,,,,
A16125540O,0,DA 125 x 540 Cyl. Basic,,,,,,,,,
A16125550O,0,DA 125 x 550 Cyl. Basic,,,,,,,,,
A16125550O-H,0,DA 125 x 550 Cyl. High temp Basic,,,,,,,,,
A16125570O,0,DA 125 x 570 Cyl. Basic,,,,,,,,,
A16125595O,0,DA 125 x 595 Cyl. Basic,,,,,,,,,
A16125600F,0,DA 125 x 600 Cyl. Front flange,,,,,,,,,
A16125600O,0,DA 125 x 600 Cyl. Basic,,,,,,,,,
A16125600O-S,0,DA 125 x 600 Cyl. Basic,,,,,,,,,
A16125600T,0,DA 125 x 600 Cyl. Centre trunnion,,,,,,,,,
A16125620O,0,DA 125 x 620 Cyl. Basic,,,,,,,,,
A16125625O,0,DA 125 x 625 Cyl. Basic,,,,,,,,,
A16125630O,0,DA 125 x 630 Cyl. Basic,,,,,,,,,
A16125650O,0,DA 125 x 650 Cyl. Basic,,,,,,,,,
A16125650O-H,0,DA 125 x 650 Cyl. High temp Basic,,,,,,,,,
A16125700O,0,DA 125 x 700 Cyl. Basic,,,,,,,,,
A16125750O,0,DA 125 x 750 Cyl. Basic,,,,,,,,,
A16125775O-H,0,DA 125 x 775 Cyl. High temp Basic,,,,,,,,,
A16125800F,0,DA 125 x 800 Cyl. Front flange,,,,,,,,,
A16125800O,0,DA 125 x 800 Cyl. Basic,,,,,,,,,
A16125800O-H,0,DA 125 x 800 Cyl. High temp Basic,,,,,,,,,
A16125850O,0,DA 125 x 850 Cyl. Basic,,,,,,,,,
A16125900F,0,DA 125 x 900 Cyl. Front flange,,,,,,,,,
A16125900O,0,DA 125 x 900 Cyl. Basic,,,,,,,,,
A16125940F,0,DA 125 x 940 Cyl. Front flange,,,,,,,,,
A16125950O,0,DA 125 x 950 Cyl. Basic,,,,,,,,,
A16160008O,0,DA 160 x 8 Cyl. Basic,,,,,,,,,
A16160025O,0,DA 160 x 25 Cyl. Basic,,,,,,,,,
A16160030O,0,DA 160 x 30 Cyl. Basic,,,,,,,,,
A16160040O,0,DA 160 x 40 Cyl. Basic,,,,,,,,,
A16160040T,0,DA 160 x 40 Cyl. Centre trunnion,,,,,,,,,
A16160050F,0,DA 160 x 50 Cyl. Front flange,,,,,,,,,
A16160050O,0,DA 160 x 50 Cyl. Basic,,,,,,,,,
A16160050R,0,DA 160 x 50 Cyl. Rear flange,,,,,,,,,
A16160060O,0,DA 160 x 60 Cyl. Basic,,,,,,,,,
A16160063O,0,DA 160 x 63 Cyl. Basic,,,,,,,,,
A16160065O,0,DA 160 x 65 Cyl. Basic,,,,,,,,,
A16160070O,0,DA 160 x 70 Cyl. Basic,,,,,,,,,
A16160075O,0,DA 160 x 75 Cyl. Basic,,,,,,,,,
A16160080D,0,DA 160 x 80 Cyl. Female clevis,,,,,,,,,
A16160080F,0,DA 160 x 80 Cyl. Front flange,,,,,,,,,
A16160080O,0,DA 160 x 80 Cyl. Basic,,,,,,,,,
A16160080O-S,0,DA 160 x 80 Cyl. Basic,,,,,,,,,
A16160090O,0,DA 160 x 90 Cyl. Basic,,,,,,,,,
A161601000D,0,DA 160 x 1000 Cyl. Female clevis,,,,,,,,,
A161601000O,0,DA 160 x 1000 Cyl. Basic,,,,,,,,,
A161601000O-H,0,DA 160 x 1000 Cyl. High temp Basic,,,,,,,,,
A16160100F,0,DA 160 x 100 Cyl. Front flange,,,,,,,,,
A16160100O,0,DA 160 x 100 Cyl. Basic,,,,,,,,,
A16160100O-H,0,DA 160 x 100 Cyl. High temp Basic,,,,,,,,,
A16160100R,0,DA 160 x 100 Cyl. Rear flange,,,,,,,,,
A16160100S,0,DA 160 x 100 Cyl. Male clevis,,,,,,,,,
A16160110O,0,DA 160 x 110 Cyl. Basic,,,,,,,,,
A161601150O,0,DA 160 x 1150 Cyl. Basic,,,,,,,,,
A161601200O,0,DA 160 x 1200 Cyl. Basic,,,,,,,,,
A16160120O,0,DA 160 x 120 Cyl. Basic,,,,,,,,,
A161601220O,0,DA 160 x 1220 Cyl. Basic,,,,,,,,,
A161601250O,0,DA 160 x 1250 Cyl. Basic,,,,,,,,,
A16160125F,0,DA 160 x 125 Cyl. Front flange,,,,,,,,,
A16160125O,0,DA 160 x 125 cyl. Basic,,,,,,,,,
A16160125O-H,0,DA 160 x 125 Cyl. High temp Basic,,,,,,,,,
A161601300O,0,DA 160 x 1300 Cyl. Basic,,,,,,,,,
A161601325O-H,0,DA 160 x 1325 Cyl. High temp Basic,,,,,,,,,
A161601400O,0,DA 160 x 1400 Cyl. Basic,,,,,,,,,
A161601500O,0,DA 160 x 1500 Cyl. Basic,,,,,,,,,
A16160150F,0,DA 160 x 150 Cyl. Front flange,,,,,,,,,
A16160150M,0,DA 160 x 150 Cyl. Rear trunnion,,,,,,,,,
A16160150O,0,DA 160 x 150 Cyl. Basic,,,,,,,,,
A161601525O,0,DA 160 x 1525 Cyl. Basic,,,,,,,,,
A161601600F,0,DA 160 x 1600 Cyl. Front flange,,,,,,,,,
A161601600O,0,DA 160 x 1600 Cyl. Basic,,,,,,,,,
A16160160D,0,DA 160 x 160 Cyl. Female clevis,,,,,,,,,
A16160160F,0,DA 160 x 160 Cyl. Front flange,,,,,,,,,
A16160160O,0,DA 160 x 160 Cyl. Basic,,,,,,,,,
A161601700O,0,DA 160 x 1700 Cyl. Basic,,,,,,,,,
A161601735O,0,DA 160 x 1735 Cyl. Basic,,,,,,,,,
A161601750O,0,DA 160 x 1750 Cyl. Basic,,,,,,,,,
A16160175O,0,DA 160 x 175 Cyl. Basic,,,,,,,,,
A16160185O,0,DA 160 x 185 Cyl. Basic,,,,,,,,,
A16160200D,0,DA 160 x 200 Cyl. Female clevis,,,,,,,,,
A16160200K,0,DA 160 x 200 Cyl. Female clevis (King pin),,,,,,,,,
A16160200N,0,DA 160 x 200 Cyl. Front trunnion,,,,,,,,,
A16160200O,0,DA 160 x 200 Cyl. Basic,,,,,,,,,
A16160200O-H,0,DA 160 x 200 Cyl. High temp Basic,,,,,,,,,
A16160200O-S,0,DA 160 x 200 Cyl. Basic,,,,,,,,,
A16160200S,0,DA 160 x 200 Cyl. Male clevis,,,,,,,,,
A16160220O,0,DA 160 x 220 Cyl. Basic,,,,,,,,,
A161602250O,0,DA 160 x 2250 Cyl. Basic,,,,,,,,,
A16160225O,0,DA 160 x 225 Cyl. Basic,,,,,,,,,
A16160225O-H,0,DA 160 x 225 Cyl. High temp Basic,,,,,,,,,
A16160230S,0,DA 160 x 230 Cyl. Male clevis,,,,,,,,,
A16160250F,0,DA 160 x 250 Cyl. Front flange,,,,,,,,,
A16160250L,0,DA 160 x 250 Cyl. Foot mount,,,,,,,,,
A16160250O,0,DA 160 x 250 Cyl. Basic,,,,,,,,,
A16160250O-N,0,DA 160 x 250 Cyl. Basic,,,,,,,,,
A16160250S,0,DA 160 x 250 Cyl. Male clevis,,,,,,,,,
A16160250T,0,DA 160 x 250 Cyl. Centre trunnion,,,,,,,,,
A16160270O,0,DA 160 x 270 Cyl. Basic,,,,,,,,,
A16160275O,0,DA 160 x 275 Cyl. Basic,,,,,,,,,
A161602850O,0,DA 160 x 2850 Cyl. Basic,,,,,,,,,
A161602850T,0,DA 160 x 2850 Cyl. Centre trunnion,,,,,,,,,
A16160290S,0,DA 160 x 290 Cyl. Male clevis,,,,,,,,,
A16160300D,0,DA 160 x 300 Cyl. Female clevis,,,,,,,,,
A16160300F,0,DA 160 x 300 Cyl. Front flange,,,,,,,,,
A16160300O,0,DA 160 x 300 Cyl. Basic,,,,,,,,,
A16160300T,0,DA 160 x 300 Cyl. Centre trunnion,,,,,,,,,
A16160310L,0,DA 160 x 310 Cyl. Foot mount,,,,,,,,,
A16160315O,0,DA 160 x 315 Cyl. Basic,,,,,,,,,
A16160320F,0,DA 160 x 320 Cyl. Front flange,,,,,,,,,
A16160320L,0,DA 160 x 320 Cyl. Foot mount,,,,,,,,,
A16160320O,0,DA 160 x 320 Cyl. Basic,,,,,,,,,
A16160320S,0,DA 160 x 320 Cyl. Male clevis,,,,,,,,,
A16160325O,0,DA 160 x 325 Cyl. Basic,,,,,,,,,
A16160340O,0,DA 160 x 340 Cyl. Basic,,,,,,,,,
A16160340O-S,0,DA 160 x 340 Cyl. Basic,,,,,,,,,
A16160345O,0,DA 160 x 345 Cyl. Basic,,,,,,,,,
A16160350D,0,DA 160 x 350 Cyl. Female clevis,,,,,,,,,
A16160350F,0,DA 160 x 350 Cyl. Front flange,,,,,,,,,
A16160350O,0,DA 160 x 350 Cyl. Basic,,,,,,,,,
A16160375N,0,DA 160 x 375 Cyl. Front trunnion,,,,,,,,,
A16160375O,0,DA 160 x 375 Cyl. Basic,,,,,,,,,
A16160400F,0,DA 160 x 400 Cyl. Front flange,,,,,,,,,
A16160400F-H,0,DA 160 x 400 Cyl. High temp Front flange,,,,,,,,,
A16160400O,0,DA 160 x 400 Cyl. Basic,,,,,,,,,
A16160400R,0,DA 160 x 400 Cyl. Rear flange,,,,,,,,,
A16160400T,0,DA 160 x 400 Cyl. Centre trunnion,,,,,,,,,
A16160425O,0,DA 160 x 425 Cyl. Basic,,,,,,,,,
A16160450O,0,DA 160 x 450 Cyl. Basic,,,,,,,,,
A16160460O,0,DA 160 x 460 Cyl. Basic,,,,,,,,,
A16160500F,0,DA 160 x 500 Cyl. Front flange,,,,,,,,,
A16160500O,0,DA 160 x 500 Cyl. Basic,,,,,,,,,
A16160500T,0,DA 160 x 500 Cyl. Centre trunnion,,,,,,,,,
A16160530T,0,DA 160 x 530 Cyl. Centre trunnion,,,,,,,,,
A16160540O,0,DA 160 x 540 Cyl. Basic,,,,,,,,,
A16160540S,0,DA 160 x 540 Cyl. Male clevis,,,,,,,,,
A16160550O,0,DA 160 x 550 Cyl. Basic,,,,,,,,,
A16160600F,0,DA 160 x 600 Cyl. Front flange,,,,,,,,,
A16160600O,0,DA 160 x 600 Cyl. Basic,,,,,,,,,
A16160625O,0,DA 160 x 625 Cyl. Basic,,,,,,,,,
A16160650D,0,DA 160 x 650 Cyl. Female clevis,,,,,,,,,
A16160650O,0,DA 160 x 650 Cyl. Basic,,,,,,,,,
A16160650T,0,DA 160 x 650 Cyl. Centre trunnion,,,,,,,,,
A16160675O,0,DA 160 x 675 Cyl. Basic,,,,,,,,,
A16160700O,0,DA 160 x 700 Cyl. Basic,,,,,,,,,
A16160750O,0,DA 160 x 750 Cyl. Basic,,,,,,,,,
A16160750O-H,0,DA 160 x 750 Cyl. High temp Basic,,,,,,,,,
A16160800O,0,DA 160 x 800 Cyl. Basic,,,,,,,,,
A16160850O,0,DA 160 x 850 Cyl. Basic,,,,,,,,,
A16160900O,0,DA 160 x 900 Cyl. Basic,,,,,,,,,
A16160950O,0,DA 160 x 950 Cyl. Basic,,,,,,,,,
A16200025L,0,DA 200 x 25 Cyl. Foot mount,,,,,,,,,
A16200025O,0,DA 200 x 25 Cyl. Basic,,,,,,,,,
A16200030O,0,DA 200 x 30 Cyl. Basic,,,,,,,,,
A16200040O,0,DA 200 x 40 Cyl. Basic,,,,,,,,,
A16200040O-H,0,DA 200 x 40 Cyl. High temp Basic,,,,,,,,,
A16200040T,0,DA 200 x 40 Cyl. Centre trunnion,,,,,,,,,
A16200050F,0,DA 200 x 50 Cyl. Front flange,,,,,,,,,
A16200050L,0,DA 200 x 50 Cyl. Foot mount,,,,,,,,,
A16200050L-H,0,DA 200 x 50 Cyl. High temp Foot mount,,,,,,,,,
A16200050O,0,DA 200 x 50 Cyl. Basic,,,,,,,,,
A16200050O-H,0,DA 200 x 50 Cyl. High temp Basic,,,,,,,,,
A16200060O,0,DA 200 x 60 Cyl. Basic,,,,,,,,,
A16200075T,0,DA 200 x 75 Cyl. centre trunnion,,,,,,,,,
A16200080F,0,DA 200 x 80 Cyl. Front flange,,,,,,,,,
A16200080O,0,DA 200 x 80 Cyl. Basic,,,,,,,,,
A16200080T,0,DA 200 x 80 cyl. centre trunnion,,,,,,,,,
A162001000O,0,DA 200 x 1000 Cyl. Basic,,,,,,,,,
A16200100D,0,DA 200 x 100 Cyl. Female clevis,,,,,,,,,
A16200100F,0,DA 200 x 100 Cyl. Front flange,,,,,,,,,
A16200100O,0,DA 200 x 100 Cyl. Basic,,,,,,,,,
A16200100O-H,0,DA 200 x 100 Cyl. High temp Basic,,,,,,,,,
A16200100R-S,0,DA 200 x 100 Cyl. Rear flange,,,,,,,,,
A16200100T,0,DA 200 x 100 Cyl. Centre trunnion,,,,,,,,,
A162001050O,0,DA 200 x 1050 Cyl. Basic,,,,,,,,,
A162001120O,0,DA 200 x 1120 Cyl. Basic,,,,,,,,,
A162001200O,0,DA 200 x 1200 Cyl. Basic,,,,,,,,,
A162001200O-H,0,DA 200 x 1200 Cyl. High temp Basic,,,,,,,,,
A16200120O,0,DA 200 x 120 Cyl. Basic,,,,,,,,,
A16200125O,0,DA 200 x 125 Cyl. Basic,,,,,,,,,
A16200125S,0,DA 200 x 125 Cyl. Male clevis,,,,,,,,,
A162001260O,0,DA 200 x 1260 Cyl. Basic,,,,,,,,,
A16200135O,0,DA 200 x 135 Cyl. Basic,,,,,,,,,
A162001400O,0,DA 200 x 1400 Cyl. Basic,,,,,,,,,
A16200140O,0,DA 200 x 140 Cyl. Basic,,,,,,,,,
A16200150O,0,DA 200 x 150 Cyl. Basic,,,,,,,,,
A16200155O,0,DA 200 x 155 Cyl. Basic,,,,,,,,,
A16200160F,0,DA 200 x 160 Cyl. Front flange,,,,,,,,,
A16200160O,0,DA 200 x 160 Cyl. Basic,,,,,,,,,
A16200160R,0,DA 200 x 160 Cyl. Rear flange,,,,,,,,,
A162001610O,0,DA 200 x 1610 Cyl. Basic,,,,,,,,,
A16200175O,0,DA 200 x 175 Cyl. Basic,,,,,,,,,
A162001800O,0,DA 200 x 1800 Cyl. Basic,,,,,,,,,
A162001850O,0,DA 200 x 1850 Cyl. Basic,,,,,,,,,
A16200200F,0,DA 200 x 200 Cyl. Front flange,,,,,,,,,
A16200200O,0,DA 200 x 200 Cyl. Basic,,,,,,,,,
A16200200T,0,DA 200 x 200 Cyl. Centre trunnion,,,,,,,,,
A16200210O,0,DA 200 x 210 Cyl. Basic,,,,,,,,,
A162002150O,0,DA 200 x 2150 Cyl. Basic,,,,,,,,,
A16200215N,0,DA 200 x 215 Cyl. Front trunnion,,,,,,,,,
A16200225O,0,DA 200 x 225 Cyl. Basic,,,,,,,,,
A162002500O,0,DA 200 x 2500 Cyl.  Basic,,,,,,,,,1.25
A162002500O-S,0,DA 200 x 2500 Cyl.  Basic  SS piston rod SS304,,,,,,,,,1.25
A16200250F,0,DA 200 x 250 Cyl. Front flange,,,,,,,,,
A16200250L,0,DA 200 x 250 Cyl. Foot mount,,,,,,,,,
A16200250O,0,DA 200 x 250 Cyl. Basic,,,,,,,,,
A16200250T,0,DA 200 x 250 Cyl. Centre trunnion,,,,,,,,,
A16200270O,0,DA 200 x 270 Cyl. Basic,,,,,,,,,
A16200270O-S,0,DA 200 x 270 Cyl. Basic,,,,,,,,,
A16200290S,0,DA 200 x 290 Cyl. Male clevis,,,,,,,,,
A16200300O,0,DA 200 x 300 Cyl. Basic,,,,,,,,,
A16200300T,0,DA 200 x 300 Cyl. Centre trunnion,,,,,,,,,
A16200312O,0,DA 200 x 312 Cyl. Basic,,,,,,,,,
A16200315O,0,DA 200 x 315 Cyl. Basic,,,,,,,,,
A16200320O,0,DA 200 x 320 Cyl. Basic,,,,,,,,,
A16200325O,0,DA 200 x 325 Cyl. Basic,,,,,,,,,
A16200330O,0,DA 200 x 330 Cyl. Basic,,,,,,,,,
A16200350O,0,DA 200 x 350 Cyl. Basic,,,,,,,,,
A16200375O,0,DA 200 x 375 Cyl. Basic,,,,,,,,,
A16200380O,0,DA 200 x 380 Cyl. Basic,,,,,,,,,
A16200380T,0,DA 200 x 380 Cyl. centre trunnion,,,,,,,,,
A16200400F,0,DA 200 x 400 Cyl. Front flange,,,,,,,,,
A16200400O,0,DA 200 x 400 Cyl. Basic,,,,,,,,,
A16200400T,0,DA 200 x 400 Cyl. Centre trunnion,,,,,,,,,
A16200425O,0,DA 200 x 425 Cyl. Basic,,,,,,,,,
A16200450O,0,DA 200 x 450 Cyl. Basic,,,,,,,,,
A16200455O,0,DA 200 x 455 Cyl. Basic,,,,,,,,,
A16200500O,0,DA 200 x 500 Cyl. Basic,,,,,,,,,
A16200500T-H,0,DA 200 x 500 Cyl. High temp Basic,,,,,,,,,
A16200525O,0,DA 200 x 525 Cyl. Basic,,,,,,,,,
A16200540O,0,DA 200 x 540 Cyl. Basic,,,,,,,,,
A16200550O,0,DA 200 x 550 Cyl. Basic,,,,,,,,,
A16200560O,0,DA 200 x 560 Cyl. Basic,,,,,,,,,
A16200600F,0,DA 200 x 600 Cyl. Front flange,,,,,,,,,
A16200600O,0,DA 200 x 600 Cyl. Basic,,,,,,,,,
A16200600T,0,DA 200 x 600 Cyl. centre trunnion,,,,,,,,,
A16200610O,0,DA 200 x 610 Cyl. Basic,,,,,,,,,
A16200625O,0,DA 200 x 625 Cyl. Basic,,,,,,,,,
A16200650O,0,DA 200 x 650 Cyl. Basic,,,,,,,,,
A16200700O,0,DA 200 x 700 Cyl. Basic,,,,,,,,,
A16200700O-S,0,DA 200 x 700 Cyl. Basic,,,,,,,,,
A16200750O,0,DA 200 x 750 Cyl. Basic,,,,,,,,,
A16200800O,0,DA 200 x 800 Cyl. Basic,,,,,,,,,
A16200850L,0,DA 200 x 850 Cyl. Foot mount,,,,,,,,,
A16200850O,0,DA 200 x 850 Cyl. BAsic,,,,,,,,,
A16200950O,0,DA 200 x 950 Cyl. Basic,,,,,,,,,
A162501000O,0,DA 250 x 1000 Cyl. Basic,,,,,,,,,
A16250100O,0,DA 250 x 100 Cyl. Basic,,,,,,,,,
A16250125O,0,DA 250 x 125 Cyl. Basic,,,,,,,,,
A16250160O,0,DA 250 x 160 Cyl. Basic,,,,,,,,,
A162501650O,0,DA 250 x 1650 Cyl. Basic,,,,,,,,,1.25
A162501650O-S,0,DA 250 x 1650 Cyl. Basic SS piston rod SS304,,,,,,,,,1.25
A16250250O,0,DA 250 x 250 Cyl. Basic,,,,,,,,,
A16250260O,0,DA 250 x 260 Cyl. Basic,,,,,,,,,
A16250300O,0,DA 250 x 300 Cyl. Basic,,,,,,,,,
A16250400O,0,DA 250 x 400 Cyl. Basic,,,,,,,,,
A16250475O,0,DA 250 x 475 Cyl. Basic,,,,,,,,,
A16250525O,0,DA 250 x 525 Cyl. Basic,,,,,,,,,
A16250625O,0,DA 250 x 625 Cyl. Basic,,,,,,,,,
A16250750O,0,DA 250 x 750 Cyl. Basic,,,,,,,,,
A16250875O,0,DA 250 x 875 Cyl. Basic,,,,,,,,,
A163201180O,0,DA 320 x 1180 Cyl. Basic,,,,,,,,,
A17125025O,0,DA 125 x 25 Cyl.(Mag) Basic,,,,,,,,,
A17125050O,0,DA 125 x 50 Cyl. (Mag)  Basic,,,,,,,,,
A17125060O,0,DA 125 x 60 Cyl. (Mag) Basic,,,,,,,,,
A17125075O,0,DA 125 x 75 Cyl. (Mag) Basic,,,,,,,,,
A17125080O,0,DA 125 x 80 Cyl. (Mag)  Basic,,,,,,,,,
A171251000O,0,DA 125 x 1000 Cyl. (Mag) Basic,,,,,,,,,
A17125100D,0,DA 125 x 100 Cyl. (Mag) Female clevis,,,,,,,,,
A17125100F,0,DA 125 x 100 Cyl. (Mag) Front flange,,,,,,,,,
A17125100O,0,DA 125 x 100 Cyl. (Mag)  Basic,,,,,,,,,
A17125100R,0,DA 125 x 100 Cyl. (Mag)  Rear flange,,,,,,,,,
A17125100S,0,DA 125 x 100 Cyl. (Mag)  Male clevis,,,,,,,,,
A17125100T,0,DA 125 x 100 Cyl. (Mag) Centre trunnion,,,,,,,,,
A171251100T,0,DA 125 x 1100 Cyl. (Mag) Centre trunnion,,,,,,,,,
A17125120O,0,DA 125 x 120 Cyl. (Mag) Basic,,,,,,,,,
A171251250O-H,0,DA 125 x 1250 Cyl. (Mag) High temp Basic,,,,,,,,,
A17125125D,0,DA 125 x 125 Cyl. (Mag) Female clevis,,,,,,,,,
A17125125F,0,DA 125 x 125 Cyl. (Mag) Front flange,,,,,,,,,
A17125125O,0,DA 125 x 125 Cyl. (Mag) Basic,,,,,,,,,
A17125125O-H,0,DA 125 x 125 Cyl. (Mag) High temp Basic,,,,,,,,,
A171251300O,0,DA 125 x 1300 Cyl. (Mag) Basic,,,,,,,,,
A17125140O,0,DA 125 x 140 Cyl. (Mag)  Basic,,,,,,,,,
A171251500O,0,DA 125 x 1500 Cyl. (Mag)  Basic,,,,,,,,,
A17125150O,0,DA 125 x 150 Cyl. (Mag)  Basic,,,,,,,,,
A171251600O,0,DA 125 x 1600 Cyl.(Mag) Basic,,,,,,,,,
A17125160O,0,DA 125 x 160 Cyl. (Mag) Basic,,,,,,,,,
A171251650O,0,DA 125 x 1650 Cyl. (Mag)  Basic,,,,,,,,,
A17125170O,0,DA 125 x 170 Cyl. (Mag)  Basic,,,,,,,,,
A17125175O,0,DA 125 x 175 Cyl. (Mag)  Basic,,,,,,,,,
A171251800O,0,DA 125 x 1800 Cyl. (Mag) Basic,,,,,,,,,
A17125200F,0,DA 125 x 200 Cyl. (Mag) Front flange,,,,,,,,,
A17125200O,0,DA 125 x 200 Cyl. (Mag) Basic,,,,,,,,,
A17125200T,0,DA 125 x 200 Cyl. (Mag) Centre trunnion,,,,,,,,,
A171252015O,0,DA 125 x 2015 Cyl. (Mag)  Basic,,,,,,,,,
A17125250D,0,DA 125 x 250 Cyl. (Mag) Female clevis,,,,,,,,,
A17125250F,0,DA 125 x 250 Cyl. (Mag) Front flange,,,,,,,,,
A17125250O,0,DA 125 x 250 Cyl. (Mag) Basic,,,,,,,,,
A17125250T,0,DA 125 x 250 Cyl. (Mag) Centre trunnion,,,,,,,,,
A17125266O,0,DA 125 x 266 Cyl. (Mag) Basic,,,,,,,,,
A17125270O,0,DA 125 x 270 Cyl. (Mag) Basic,,,,,,,,,
A17125300O,0,DA 125 x 300 Cyl. (Mag)  Basic,,,,,,,,,
A17125300O-H,0,DA 125 x 300 Cyl. (Mag) High temp Basic,,,,,,,,,
A17125300T,0,DA 125 x 300 Cyl. (Mag) Centre trunnion,,,,,,,,,
A17125320D,0,DA 125 x 320 Cyl. (Mag) Female clevis,,,,,,,,,
A17125320O,0,DA 125 x 320 Cyl. (Mag)  Basic,,,,,,,,,
A17125325O,0,DA 125 x 325 Cyl. (Mag)  Basic,,,,,,,,,
A17125350O,0,DA 125 x 350 Cyl. (Mag) Basic,,,,,,,,,
A17125400F,0,DA 125 x 400 Cyl. (Mag) Front flange,,,,,,,,,
A17125400O,0,DA 125 x 400 Cyl. (Mag)  Basic,,,,,,,,,
A17125400O-H,0,DA 125 x 400 Cyl. (Mag) High temp Basic,,,,,,,,,
A17125450O,0,DA 125 x 450 Cyl. (Mag)  Basic,,,,,,,,,
A17125500O,0,DA 125 x 500 Cyl. (Mag) Basic,,,,,,,,,
A17125500O-B,0,DA 125 x 500 Cyl. (Mag)  Basic with Bellows,,,,,,,,,
A17125500T,0,DA 125 x 500 Cyl. (Mag) Centre trunnion,,,,,,,,,
A17125525O,0,DA 125 x 525 Cyl. (Mag)  Basic,,,,,,,,,
A17125540O,0,DA 125 x 540 Cyl. (Mag)  Basic,,,,,,,,,
A17125600O,0,DA 125 x 600 Cyl. (Mag)  Basic,,,,,,,,,
A17125610L,0,DA 125 x 610 Cyl. (Mag) Foot mount,,,,,,,,,
A17125610O,0,DA 125 x 610 Cyl. (Mag)  Basic,,,,,,,,,
A17125650O,0,DA 125 x 650 Cyl. (Mag)  Basic,,,,,,,,,
A17125660D,0,DA 125 x 660 Cyl. (Mag) Female clevis,,,,,,,,,
A17125700O,0,DA 125 x 700 Cyl. (Mag)  Basic,,,,,,,,,
A17125750O,0,DA 125 x 750 Cyl. (Mag)  Basic,,,,,,,,,
A17125750T-H,0,DA 125 x 750 Cyl.(Mag) High temp Centre Trunnion,,,,,,,,,
A17125800O,0,DA 125 x 800 Cyl. (Mag)  Basic,,,,,,,,,
A17125900O,0,DA 125 x 900 Cyl. (Mag)  Basic,,,,,,,,,
A17160025O,0,DA 160 x 25 Cyl. (Mag) Basic,,,,,,,,,
A17160030O,0,DA 160 x 30 Cyl. (Mag) Basic,,,,,,,,,
A17160040O,0,DA 160 x 40 Cyl. (Mag) Basic,,,,,,,,,
A17160050O,0,DA 160 x 50 Cyl. (Mag) Basic,,,,,,,,,
A17160050O-H,0,DA 160 x 50 Cyl. (Mag) High temp Basic,,,,,,,,,
A17160060O,0,DA 160 x 60 Cyl. (Mag) Basic,,,,,,,,,
A17160080O,0,DA 160 x 80 Cyl. (Mag) Basic,,,,,,,,,
A17160090O,0,DA 160 x 90 Cyl. (Mag) Basic,,,,,,,,,
A171601000O,0,DA 160 x 1000 Cyl.(Mag) Basic,,,,,,,,,
A17160100O,0,DA 160 x 100 Cyl. (Mag) Basic,,,,,,,,,
A17160100O-H,0,DA 160 x 100 Cyl. (Mag) High temp Basic,,,,,,,,,
A171601200O,0,DA 160 x 1200 Cyl. (Mag) Basic,,,,,,,,,
A171601250O,0,DA 160 x 1250 Cyl. (Mag) Basic,,,,,,,,,
A17160125O,0,DA 160 x 125 Cyl. (Mag) Basic,,,,,,,,,
A17160125R,0,DA 160 x 125 Cyl. Rear flange,,,,,,,,,
A17160150O,0,DA 160 x 150 Cyl. (Mag) Basic,,,,,,,,,
A17160160F,0,DA 160 x 160 Cyl. (Mag) Front flange,,,,,,,,,
A17160160O,0,DA 160 x 160 Cyl. (Mag) Basic,,,,,,,,,
A17160170O,0,DA 160 x 170 Cyl. (Mag) Basic,,,,,,,,,
A17160170S,0,DA 160 x 170 Cyl. Male clevis,,,,,,,,,
A171601750O,0,DA 160 x 1750 Cyl. (Mag) Basic,,,,,,,,,
A17160180T,0,DA 160 x 180 Cyl. (Mag) Centre trunnion,,,,,,,,,
A17160185O,0,DA 160 x 185 Cyl. (Mag) Basic,,,,,,,,,
A171601910O,0,DA 160 x 1910 Cyl. (Mag) Basic,,,,,,,,,
A17160200O,0,DA 160 x 200 Cyl. (Mag) Basic,,,,,,,,,
A17160200O-H,0,DA 160 x 200 Cyl. (Mag) High temp Basic,,,,,,,,,
A17160200T,0,DA 160 x 200 Cyl. Centre trunnion,,,,,,,,,
A171602100O,0,DA 160 x 2100 Cyl. Basic,,,,,,,,,
A17160250D,0,DA 160 x 250 Cyl. (mag) Female clevis,,,,,,,,,
A17160250O,0,DA 160 x 250 Cyl.(Mag) Basic,,,,,,,,,
A17160250O-S,0,DA 160 x 250 Cyl. (Mag) Basic,,,,,,,,,
A17160250T,0,DA 160 x 250 Cyl. (mag) Centre Trunnion,,,,,,,,,
A17160300O,0,DA 160 x 300 Cyl. (Mag) Basic,,,,,,,,,
A17160300T,0,DA 160 x 300 Cyl. (Mag) Centre trunnion,,,,,,,,,
A17160320O,0,DA 160 x 320 Cyl. (Mag) Basic,,,,,,,,,
A17160350O,0,DA 160 x 350 Cyl. (Mag) Basic,,,,,,,,,
A17160350T,0,DA 160 x 350 Cyl. (Mag) Centre trunnion,,,,,,,,,
A17160400D,0,DA 160 x 400 Cyl. (Mag) Female clevis,,,,,,,,,
A17160400F,0,DA 160 x 400 Cyl. (Mag) Front flange,,,,,,,,,
A17160400O,0,DA 160 x 400 Cyl. (Mag) Basic,,,,,,,,,
A17160400O-H,0,DA 160 x 400 Cyl. (Mag) High temp Basic,,,,,,,,,
A17160400T,0,DA 160 x 400 Cyl. Centre trunnion,,,,,,,,,
A17160450F,0,DA 160 x 450 Cyl. (Mag) Front flange,,,,,,,,,
A17160450O,0,DA 160 x 450 Cyl. (Mag) Basic,,,,,,,,,
A17160475O,0,DA 160 x 475 Cyl. (Mag) Basic,,,,,,,,,
A17160500O,0,DA 160 x 500 Cyl. (Mag) Basic,,,,,,,,,
A17160550O,0,DA 160 x 550 Cyl. (Mag) Basic,,,,,,,,,
A17160600O,0,DA 160 x 600 Cyl. (Mag) Basic,,,,,,,,,
A17160650O,0,DA 160 x 650 Cyl. (Mag) Basic,,,,,,,,,
A17160700O,0,DA 160 x 700 Cyl. (Mag) Basic,,,,,,,,,
A17160750O,0,DA 160 x 750 Cyl. (Mag) Basic,,,,,,,,,
A17160800O,0,DA 160 x 800 Cyl. (Mag) Basic,,,,,,,,,
A17160900O,0,DA 160 x 900 Cyl. (Mag) Basic,,,,,,,,,
A17160950O,0,DA 160 x 950 Cyl. (Mag) Basic,,,,,,,,,
A17200025O,0,DA 200 x 25 Cyl. (Mag) Basic,,,,,,,,,1.25
A17200040O,0,DA 200 x 40 Cyl. (Mag) Basic,,,,,,,,,
A17200050O,0,DA 200 x 50 Cyl. (Mag) Basic,,,,,,,,,
A17200055O,0,DA 200 x 55 Cyl. (Mag) Basic,,,,,,,,,
A17200080O,0,DA 200 x 80 Cyl. (Mag) Basic,,,,,,,,,
A17200080O-H,0,DA 200 x 80 Cyl. (Mag) High temp Basic,,,,,,,,,
A172001000O,0,DA 200 x 1000 Cyl. (Mag) Basic,,,,,,,,,
A17200100O,0,DA 200 x 100 Cyl. (Mag) Basic,,,,,,,,,
A17200100O-H,0,DA 200 x 100 Cyl. (Mag) High temp Basic,,,,,,,,,
A17200100O-S,0,DA 200 x 100 Cyl. (Mag) Basic,,,,,,,,,
A172001050O,0,DA 200 x 1050 Cyl. (Mag) Basic,,,,,,,,,
A17200125D,0,DA 200 x 125 Cyl. (Mag) Female clevis,,,,,,,,,
A17200125O,0,DA 200 x 125 Cyl. (Mag) Basic,,,,,,,,,
A17200160O,0,DA 200 x 160 Cyl. (Mag) Basic,,,,,,,,,
A17200160O-H,0,DA 200 x 160 Cyl. (Mag) High temp Basic,,,,,,,,,
A17200200O,0,DA 200 x 200 Cyl. (Mag) Basic,,,,,,,,,
A17200200O-S,0,DA 200 x 200 Cyl. (Mag) Basic,,,,,,,,,
A17200210O,0,DA 200 x 210 Cyl. (Mag) Basic,,,,,,,,,
A17200225O,0,DA 200 x 225 Cyl. (Mag) Basic,,,,,,,,,
A17200250O,0,DA 200 x 250 Cyl. (Mag) Basic,,,,,,,,,
A17200300O,0,DA 200 x 300 Cyl. (Mag) Basic,,,,,,,,,
A17200320F,0,DA 200 x 320 Cyl. (Mag) Front flange,,,,,,,,,
A17200320O,0,DA 200 x 320 Cyl. (Mag) Basic,,,,,,,,,
A17200350O,0,DA 200 x 350 Cyl. (Mag) Basic,,,,,,,,,
A17200375T,0,DA 200 x 375 Cyl. (Mag) Centre trunnion,,,,,,,,,
A17200400O,0,DA 200 x 400 Cyl. (Mag) Basic,,,,,,,,,
A17200500O,0,DA 200 x 500 Cyl. (Mag) Basic,,,,,,,,,
A17200550O,0,DA 200 x 550 Cyl. (Mag) Basic,,,,,,,,,
A17200600O,0,DA 200 x 600 Cyl. (Mag) Basic,,,,,,,,,
A17200700O,0,DA 200 x 700 Cyl. (Mag) Basic,,,,,,,,,
A17200800O,0,DA 200 x 800 Cyl. (Mag) Basic,,,,,,,,,
A17200850O,0,DA 200 x 850 Cyl. (Mag) Basic,,,,,,,,,
A17200950O,0,DA 200 x 950 Cyl. (Mag) Basic,,,,,,,,,
A17250080O,0,DA 250 x 80 Cyl. (Mag) Basic,,,,,,,,,
A17250700O,0,DA 250 x 700 Cyl. (Mag) Basic,,,,,,,,,
A18125050F,0,DA 125 x 50 Cyl. (DE) Front flange,,,,,,,,,
A18125050O,0,DA 125 x 50 Cyl. (DE) Basic,,,,,,,,,
A18125075O,0,DA 125 x 75 Cyl. (DE) Basic,,,,,,,,,
A18125080O,0,DA 125 x 80 Cyl. (DE) Basic,,,,,,,,,
A18125100O,0,DA 125 x 100 Cyl. (DE) Basic,,,,,,,,,
A18125125F,0,DA 125 x 125 Cyl. (DE) Front flange,,,,,,,,,
A18125125O,0,DA 125 x 125 Cyl. (DE) Basic,,,,,,,,,
A18125150F,0,DA 125 x 150 Cyl. (DE) Front flange,,,,,,,,,
A18125160F,0,DA 125 x 160 Cyl. (DE) Front flange,,,,,,,,,
A18125160O,0,DA 125 x 160 Cyl. (DE) Basic,,,,,,,,,
A18125175O,0,DA 125 x 175 Cyl. (DE) Basic,,,,,,,,,
A18125200O,0,DA 125 x 200 Cyl. (DE) Basic,,,,,,,,,
A18125250O,0,DA 125 x 250 Cyl. (DE) Basic,,,,,,,,,
A18125500F,0,DA 125 x 500 Cyl. (DE) Front flange,,,,,,,,,
A18125500O,0,DA 125 x 500 Cyl. (DE) Basic,,,,,,,,,
A18125600O,0,DA 125 x 600 Cyl. (DE) Basic,,,,,,,,,
A18160050O,0,DA 160 x 50 Cyl. (DE) Basic,,,,,,,,,
A18160080O,0,DA 160 x 80 Cyl. (DE) Basic,,,,,,,,,
A18160100O,0,DA 160 x 100 Cyl. (DE) Basic,,,,,,,,,
A18160125F,0,DA 160 x 125 Cyl. (DE) Front flange,,,,,,,,,
A18160125O,0,DA 160 x 125 Cyl. (DE) Basic,,,,,,,,,
A18160160O,0,DA 160 x 160 Cyl. (DE) Basic,,,,,,,,,
A18160200O,0,DA 160 x 200 Cyl. (DE) Basic,,,,,,,,,
A18160250F,0,DA 160 x 250 Cyl. (DE) Front flange,,,,,,,,,
A18160250O,0,DA 160 x 250 Cyl. (DE) Basic,,,,,,,,,
A18160300O,0,DA 160 x 300 Cyl. (DE) Basic,,,,,,,,,
A18160350O,0,DA 160 x 350 Cyl. (DE) Basic,,,,,,,,,
A18160450O,0,DA 160 x 450 Cyl. (DE) Basic,,,,,,,,,
A18160500O,0,DA 160 x 500 Cyl. (DE) Basic,,,,,,,,,
A18160600O,0,DA 160 x 600 Cyl. (DE) Basic,,,,,,,,,
A18200080O,0,DA 200 x 80 Cyl. (DE) Basic,,,,,,,,,
A18200160O,0,DA 200 x 160 Cyl. (DE) Basic,,,,,,,,,
A18200250O,0,DA 200 x 250 Cyl. (DE) Basic,,,,,,,,,
A18200300O,0,DA 200 x 300 Cyl. (DE) Basic,,,,,,,,,
A18200350O,0,DA 200 x 350 Cyl. (DE) Basic,,,,,,,,,
A18200500O,0,DA 200 x 500 Cyl. (DE) Basic,,,,,,,,,
A19125050F,0,DA 125 x 50 Cyl. (Mag) (DE) Front flange,,,,,,,,,
A19125100O,0,DA 125 x 100 Cyl. (Mag) (DE) Basic,,,,,,,,,
A19125125O,0,DA 125 x 125 Cyl. (Mag) (DE) Basic,,,,,,,,,
A19125500O,0,DA 125 x 500 Cyl. (Mag) (DE) Basic,,,,,,,,,
A19160100O,0,DA 160 x 100 Cyl. (Mag) (DE) Basic,,,,,,,,,
A19160110O,0,DA 160 x 110 Cyl. (Mag) (DE) Basic,,,,,,,,,
A19160300O,0,DA 160 x 300 Cyl. (Mag) (DE) Basic,,,,,,,,,
A19200050O,0,DA 200 x 50 Cyl. (Mag) (DE) Basic,,,,,,,,,
A19200300O,0,DA 200 x 300 Cyl. (Mag) (DE) Basic,,,,,,,,,
A1M01,0,Reed switch adapter,,,,,,,,,
A1R020,0,Rotary actuator,,,,,,,,,
A1R040B,0,Rotary actuator 40 Dia,,,,,,,,,1.25
A1R050,0,Rotary actuator,,,,,,,,,
A20032025O,0,DA 32 x 25 SQ Cyl.(Mag)(DE) Basic,,,,,,,,,
A20032040O,0,DA 32 x 40 SQ Cyl.(Mag)(DE) Basic,,,,,,,,,
A20032050O,0,DA 32 x 50 SQ Cyl.(Mag) (DE) Basic,,,,,,,,,
A20032060O,0,DA 32 x 60 SQ Cyl.(Mag)(DE) Basic,,,,,,,,,
A20032075O,0,DA 32 x 75 SQ Cyl.(Mag)(DE) Basic,,,,,,,,,
A20032080O,0,DA 32 x 80 SQ Cyl.(Mag)(DE) Basic,,,,,,,,,
A20032100O,0,DA 32 x 100 SQ Cyl.(Mag)(DE) Basic,,,,,,,,,
A20032116O,0,DA 32 x 116 SQ Cyl.(Mag)(DE) Basic,,,,,,,,,
A20032125O,0,DA 32 x 125 SQ Cyl.(Mag)(DE) Basic,,,,,,,,,
A20032200F,0,DA 32 x 200 SQ Cyl.(Mag)(DE) Front Flange,,,,,,,,,
A20032300O,0,DA 32 x 300 SQ Cyl.(Mag)(DE) Basic,,,,,,,,,
A20032350O,0,DA 32 x 350 SQ Cyl. (Mag) (DE) Basic,,,,,,,,,
A20040025O,0,DA 40 x 25 SQ Cyl.(Mag)(DE) Basic,,,,,,,,,
A20040040O,0,DA 40 x 40 SQ Cyl.(Mag)(DE) Basic,,,,,,,,,
A20040050B,0,DA 40 x 50 SQ Cyl.(Mag)(DE) Female Clevis,,,,,,,,,
A20040050O,0,DA 40 x 50 SQ Cyl.(Mag)(DE) Basic,,,,,,,,,
A20040080O,0,DA 40 x 80 SQ Cyl.(Mag)(DE) Basic,,,,,,,,,
A20040100O,0,DA 40 x 100 SQ Cyl.(Mag)(DE) Basic,,,,,,,,,
A20040125O,0,DA 40 x 125 SQ Cyl.(Mag)(DE) Basic,,,,,,,,,
A20040160O,0,DA 40 x 160 SQ Cyl.(Mag)(DE) Basic,,,,,,,,,
A20040200L,0,DA 40 x 200 SQ Cyl.(Mag)(DE) Foot Mount,,,,,,,,,
A20040200O,0,DA 40 x 200 SQ Cyl.(Mag)(DE) Basic,,,,,,,,,
A20040250O,0,DA 40 x 250 SQ Cyl.(Mag)(DE) Basic,,,,,,,,,
A20040300O,0,DA 40 x 300 SQ Cyl.(Mag)(DE) Basic,,,,,,,,,
A20040320O,0,DA 40 x 320 SQ Cyl.(Mag)(DE) Basic,,,,,,,,,
A20040400O,0,DA 40 x 400 SQ Cyl.(Mag)(DE) Basic,,,,,,,,,
A20040500O,0,DA 40 x 500 SQ Cyl.(Mag)(DE) Basic,,,,,,,,,
A20040700O,0,DA 40 x 700 SQ Cyl.(Mag)(DE) Basic,,,,,,,,,
A20050025O,0,DA 50 x 25 SQ Cyl.(Mag)(DE) Basic,,,,,,,,,
A20050050O,0,DA 50 x 50 SQ Cyl.(Mag)(DE) Basic,,,,,,,,,
A20050075O,0,DA 50 x 75 SQ Cyl.(Mag)(DE) Basic,,,,,,,,,
A20050080O,0,DA 50 x 80 SQ Cyl.(Mag)(DE) Basic,,,,,,,,,
A20050100O,0,DA 50 x 100 SQ Cyl.(Mag)(DE) Basic,,,,,,,,,
A20050125O,0,DA 50 x 125 SQ Cyl.(Mag)(DE) Basic,,,,,,,,,
A20050150O,0,DA 50 x 150 SQ Cyl.(Mag)(DE) Basic,,,,,,,,,
A20050160O,0,DA 50 x 160 SQ Cyl.(Mag)(DE) Basic,,,,,,,,,
A20050200O,0,DA 50 x 200 SQ Cyl.(Mag)(DE) Basic,,,,,,,,,
A20050250O,0,DA 50 x 250 SQ Cyl.(Mag)(DE) Basic,,,,,,,,,
A20050300O,0,DA 50 x 300 SQ Cyl.(Mag)(DE) Basic,,,,,,,,,
A20050320O,0,DA 50 x 320 SQ Cyl.(Mag)(DE) Basic,,,,,,,,,
A20050400O,0,DA 50 x 400 SQ Cyl.(Mag)(DE) Basic,,,,,,,,,
A20050500O,0,DA 50 x 500 SQ Cyl.(Mag)(DE) Basic,,,,,,,,,
A20063025O,0,DA 63 x 25 SQ Cyl.(Mag)(DE) Basic,,,,,,,,,
A20063040O,0,DA 63 x 40 SQ Cyl.(Mag)(DE) Basic,,,,,,,,,
A20063050O,0,DA 63 x 50 SQ Cyl.(Mag)(DE) Basic,,,,,,,,,
A20063075O,0,DA 63 x 75 SQ Cyl.(Mag)(DE) Basic,,,,,,,,,
A20063080O,0,DA 63 x 80 SQ Cyl.(Mag)(DE) Basic,,,,,,,,,
A20063100O,0,DA 63 x 100 SQ Cyl.(Mag)(DE) Basic,,,,,,,,,
A20063115O,0,DA 63 x 115 SQ Cyl.(Mag)(DE) Basic,,,,,,,,,
A20063125O,0,DA 63 x 125 SQ Cyl.(Mag)(DE) Basic,,,,,,,,,
A20063150O,0,DA 63 x 150 SQ Cyl.(Mag)(DE) Basic,,,,,,,,,
A20063155O,0,DA 63 x 155 SQ Cyl.(Mag)(DE) Basic,,,,,,,,,
A20063160O,0,DA 63 x 160 SQ Cyl.(Mag)(DE) Basic,,,,,,,,,
A20063200O,0,DA 63 x 200 SQ Cyl.(Mag)(DE) Basic,,,,,,,,,
A20063250O,0,DA 63 x 250 SQ Cyl.(Mag)(DE) Basic,,,,,,,,,
A20080016O,0,DA 80 x 16 SQ Cyl.(Mag)(DE) Basic,,,,,,,,,
A20080030O,0,DA 80 x 30 SQ Cyl.(Mag)(DE) Basic,,,,,,,,,
A20080040O,0,DA 80 x40 SQ Cyl.(Mag)(DE) Basic,,,,,,,,,
A20080050O,0,DA 80 x 50 SQ Cyl.(Mag)(DE) Basic,,,,,,,,,
A20080060O,0,DA 80 x 60 SQ Cyl.(Mag)(DE) Basic,,,,,,,,,
A20080080O,0,DA 80 x 80 SQ Cyl.(Mag)(DE) Basic,,,,,,,,,
A20080100O,0,DA 80 x 100 SQ Cyl.(Mag)(DE) Basic,,,,,,,,,
A20080125O,0,DA 80 x 125 SQ Cyl.(Mag)(DE) Basic,,,,,,,,,
A20080160O,0,DA 80 x 160 SQ Cyl.(Mag)(DE) Basic,,,,,,,,,
A20080200O,0,DA 80 x 200 SQ Cyl.(Mag)(DE) Basic,,,,,,,,,
A20080320O,0,DA 80 x 320 SQ Cyl.(Mag)(DE) Basic,,,,,,,,,
A20080400O,0,DA 80 x 400 SQ Cyl.(Mag)(DE) Basic,,,,,,,,,
A20080650O,0,DA 80 x 650 SQ Cyl. (Mag) (DE) Basic,,,,,,,,,
A20100050O,0,DA 100 x 50 SQ Cyl.(Mag)(DE) Basic,,,,,,,,,
A20100080O,0,DA 100 x 80 SQ Cyl.(Mag)(DE) Basic,,,,,,,,,
A20100100O,0,DA 100 x 100 SQ Cyl.(Mag)(DE) Basic,,,,,,,,,
A20100120O,0,DA 100 x 120 SQ Cyl.(Mag)(DE) Basic,,,,,,,,,
A20100125O,0,DA 100 x 125 SQ Cyl.(Mag)(DE) Basic,,,,,,,,,
A20100160O,0,DA 100 x 160 SQ Cyl.(Mag)(DE) Basic,,,,,,,,,
A20100270O,0,DA 100 x 270 SQ Cyl.(Mag)(DE) Basic,,,,,,,,,
A20100271O,0,DA 100 x 271 SQ Cyl.(Mag)(DE) Basic,,,,,,,,,
A20100500O,0,DA 100 x 500 SQ Cyl.(Mag)(DE) Basic,,,,,,,,,
A20100750O,0,DA 100 x 750 SQ Cyl.(Mag)(DE) Basic,,,,,,,,,
A20100850O,0,DA 100 x 850 SQ Cyl.(Mag)(DE) Basic,,,,,,,,,
A20125080O,0,DA 125 x 80 SQ Cyl.(Mag) (DE) Basic,,,,,,,,,
A21032025O,0,DA 32 x 25 SQ Cyl.(DE) Basic,,,,,,,,,
A21032040O,0,DA 32 x 40 SQ Cyl.(DE) Basic,,,,,,,,,
A21032050O,0,DA 32 x 50 SQ Cyl.(DE) Basic,,,,,,,,,
A21032070O,0,DA 32 x 70 SQ Cyl.(DE) Basic,,,,,,,,,
A21032080O,0,DA 32 x 80 SQ Cyl.(DE) Basic,,,,,,,,,
A21032100O,0,DA 32 x 100 SQ Cyl.(DE) Basic,,,,,,,,,
A21032150O,0,DA 32 x 150 SQ Cyl.(DE) Basic,,,,,,,,,
A21032160O,0,DA 32 x 160 SQ Cyl.(DE) Basic,,,,,,,,,
A21032300O,0,DA 32 x 300 SQ Cyl.(DE) Basic,,,,,,,,,
A21032500O,0,DA 32 x 500 SQ Cyl.(DE) Basic,,,,,,,,,
A21032750O,0,DA 32 x 750 SQ Cyl.(DE) Basic,,,,,,,,,
A21040025O,0,DA 40 x 25 SQ Cyl.(DE) Basic,,,,,,,,,
A21040040O,0,DA 40 x 40 SQ Cyl.(DE) Basic,,,,,,,,,
A21040050O,0,DA 40 x 50 SQ Cyl.(DE) Basic,,,,,,,,,
A21040080O,0,DA 40 x 80 SQ Cyl.(DE) Basic,,,,,,,,,
A21040100N,0,DA 40 x 100 SQ Cyl.(DE) Front Trunnion,,,,,,,,,
A21040100O,0,DA 40 x 100 SQ Cyl.(DE) Basic,,,,,,,,,
A21040125O,0,DA 40 x 125 SQ Cyl.(DE) Basic,,,,,,,,,
A21040160O,0,DA 40 x 160 SQ Cyl.(DE) Basic,,,,,,,,,
A21040200O,0,DA 40 x 200 SQ Cyl.(DE) Basic,,,,,,,,,
A21040250O,0,DA 40 x 250 SQ Cyl.(DE) Basic,,,,,,,,,
A21040300O,0,DA 40 x 300 SQ Cyl.(DE) Basic,,,,,,,,,
A21040320O,0,DA 40 x 320 SQ Cyl.(DE) Basic,,,,,,,,,
A21040400O,0,DA 40 x 400 SQ Cyl.(DE) Basic,,,,,,,,,
A21040500O,0,DA 40 x 500 SQ Cyl.(DE) Basic,,,,,,,,,
A21050025O,0,DA 50 x 25 SQ Cyl.(DE) Basic,,,,,,,,,
A21050050O,0,DA 50 x 50 SQ Cyl.(DE) Basic,,,,,,,,,
A21050060O,0,DA 50 x 60 SQ Cyl.(DE) Basic,,,,,,,,,
A21050075O,0,DA 50 x 75 SQ Cyl. (DE) Basic,,,,,,,,,
A21050080O,0,DA 50 x 80 SQ Cyl.(DE) Basic,,,,,,,,,
A21050100O,0,DA 50 x 100 SQ Cyl.(DE) Basic,,,,,,,,,
A21050100O-S,0,DA 50 x 100 SQ Cyl.(DE) Basic,,,,,,,,,
A21050100O-S/A,0,DA 50 x 100 SQ CYL. (DE) BASIC,,,,,,,,,
A21050120O,0,DA 50 x 120 SQ Cyl.(DE) Basic,,,,,,,,,
A21050125O,0,DA 50 x 125 SQ Cyl.(DE) Basic,,,,,,,,,
A21050150O,0,DA 50 x 150 SQ Cyl.(DE) Basic,,,,,,,,,
A21050160O,0,DA 50 x 160 SQ Cyl.(DE) Basic,,,,,,,,,
A21050200O,0,DA 50 x 200 SQ Cyl.(DE) Basic,,,,,,,,,
A21050225O,0,DA 50 x 225 SQ Cyl.(DE) Basic,,,,,,,,,
A21050250O,0,DA 50 x 250 SQ Cyl.(DE) Basic,,,,,,,,,
A21050300O,0,DA 50 x 300 SQ Cyl.(DE) Basic,,,,,,,,,
A21050320O,0,DA 50 x 320 SQ Cyl.(DE) Basic,,,,,,,,,
A21050400O,0,DA 50 x 400 SQ Cyl.(DE) Basic,,,,,,,,,
A21050500O,0,DA 50 x 500 SQ Cyl.(DE) Basic,,,,,,,,,
A21050950O,0,DA 50 x 950 SQ Cyl.(DE) Basic,,,,,,,,,
A21063025O,0,DA 63 x 25 SQ Cyl.(DE) Basic,,,,,,,,,
A21063050O,0,DA 63 x 50 SQ Cyl.(DE) Basic,,,,,,,,,
A21063060O,0,DA 63 x 60 SQ Cyl.(DE) Basic,,,,,,,,,
A21063080O,0,DA 63 x 80 SQ Cyl.(DE) Basic,,,,,,,,,
A21063100O,0,DA 63 x 100 SQ Cyl.(DE) Basic,,,,,,,,,
A21063125O,0,DA 63 x 125 SQ Cyl.(DE) Basic,,,,,,,,,
A21063160O,0,DA 63 x 160 SQ Cyl.(DE) Basic,,,,,,,,,
A21063200O,0,DA 63 x 200 SQ Cyl.(DE) Basic,,,,,,,,,
A21063250O,0,DA 63 x 250 SQ Cyl.(DE) Basic,,,,,,,,,
A21063320O,0,DA 63 x 320 SQ Cyl.(DE) Basic,,,,,,,,,
A21063500O,0,DA 63 x 500 SQ Cyl.(DE) Basic,,,,,,,,,
A21063950O,0,DA 63 x 950 SQ Cyl.(DE) Basic,,,,,,,,,
A21080025O,0,DA 80 x 25 SQ Cyl.(DE) Basic,,,,,,,,,
A21080040O,0,DA 80 x 40 SQ Cyl.(DE) Basic,,,,,,,,,
A21080080O,0,DA 80 x 80 SQ Cyl.(DE) Basic,,,,,,,,,
A21080100O,0,DA 80 x 100 SQ Cyl.(DE) Basic,,,,,,,,,
A21080125O,0,DA 80 x 125 SQ Cyl.(DE) Basic,,,,,,,,,
A21080160L,0,DA 80 x 160 SQ Cyl.(DE) Foot Mount,,,,,,,,,
A21080160O,0,DA 80 x 160 SQ Cyl.(DE) Basic,,,,,,,,,
A21080175O,0,DA 80 x 175 SQ Cyl. (DE) Basic,,,,,,,,,
A21080200O,0,DA 80 x 200 SQ Cyl.(DE) Basic,,,,,,,,,
A21080300O,0,DA 80 x 300 SQ Cyl.(DE) Basic,,,,,,,,,
A21080500O,0,DA 80 x 500 SQ Cyl.(DE) Basic,,,,,,,,,
A21080550O,0,DA 80 x 550 SQ Cyl.(DE) Basic,,,,,,,,,
A21100025O,0,DA 100 x 25 SQ Cyl.(DE) Basic,,,,,,,,,
A21100040O,0,DA 100 x 40 SQ Cyl.(DE) Basic,,,,,,,,,
A21100050O,0,DA 100 x 50 SQ Cyl.(DE) Basic,,,,,,,,,
A21100070O,0,DA 100 x 70 SQ Cyl.(DE) Basic,,,,,,,,,
A21100075O,0,DA 100 x 75 SQ Cyl.(DE) Basic,,,,,,,,,
A21100080O,0,DA 100 x 80 SQ Cyl.(DE) Basic,,,,,,,,,
A21100100O,0,DA 100 x 100 SQ Cyl.(DE) Basic,,,,,,,,,
A21100101O,0,DA 100 x 101 SQ Cyl.(DE) Basic,,,,,,,,,
A21100105O,0,DA 100 x 105 SQ Cyl.(DE) Basic,,,,,,,,,
A21100120O,0,DA 100 x 120 SQ Cyl.(DE) Basic,,,,,,,,,
A21100125F,0,DA 100 x 125 SQ Cyl.(DE) Front Flange,,,,,,,,,
A21100125O,0,DA 100 x 125 SQ Cyl.(DE) Basic,,,,,,,,,
A21100200O,0,DA 100 x 200 SQ Cyl.(DE) Basic,,,,,,,,,
A21100220O,0,DA 100 x 220 SQ Cyl.(DE) Basic,,,,,,,,,
A21100300O,0,DA 100 x 300 SQ Cyl.(DE) Basic,,,,,,,,,
A21125050O,0,DA 125 x 50 SQ Cyl. (DE) Basic,,,,,,,,,
A23032010O,0,DA 32 x 10 SQ Cyl.(Mag) Basic,,,,,,,,,
A23032010O-H,0,DA 32 x 10 SQ Cyl. (Mag) High temp Basic,,,,,,,,,
A23032020O,0,DA 32 x 20 SQ Cyl.(Mag) Basic,,,,,,,,,
A23032025L,0,DA 32 x 25 SQ Cyl.(Mag) Foot Mount,,,,,,,,,
A23032025O,0,DA 32 x 25 SQ Cyl.(Mag) Basic,,,,,,,,,
A23032030O,0,DA 32 x 30 SQ Cyl.(Mag) Basic,,,,,,,,,
A23032032O,0,DA 32 x 32 SQ Cyl.(Mag) Basic,,,,,,,,,
A23032040T,0,DA 32 x 40 SQ Cyl.(Mag) Centre trunnion,,,,,,,,,
A23032050O,0,DA 32 x 50 SQ Cyl.(Mag) Basic,,,,,,,,,
A23032060O,0,DA 32 x 60 SQ Cyl.(Mag) Basic,,,,,,,,,
A23032065O,0,DA 32 x 65 SQ Cyl.(Mag) Basic,,,,,,,,,
A23032070O,0,DA 32 x 70 SQ Cyl.(Mag) Basic,,,,,,,,,
A23032075O,0,DA 32 x 75 SQ Cyl.(Mag) Basic,,,,,,,,,
A23032080F,0,DA 32 x 80 SQ Cyl.(Mag) Front flange,,,,,,,,,
A23032080O,0,DA 32 x 80 SQ Cyl.(Mag) Basic,,,,,,,,,
A23032080S,0,DA 32 x 80 SQ Cyl.(Mag) Male clevis,,,,,,,,,
A23032085O,0,DA 32 x 85 SQ Cyl.(Mag) Basic,,,,,,,,,
A230321000O,0,DA 32 x 1000 SQ Cyl. (Mag) Basic,,,,,,,,,
A23032100L,0,DA 32 x 100 SQ Cyl.(Mag) Foot Mount,,,,,,,,,
A23032100O-S,0,DA 32 x 100 SQ Cyl.(Mag) Basic,,,,,,,,,
A23032105O,0,DA 32 x 105 SQ Cyl.(Mag) Basic,,,,,,,,,
A23032110O,0,DA 32 x 110 SQ Cyl.(Mag) Basic,,,,,,,,,
A230321150O,0,DA 32 x 1150 SQ Cyl.(Mag) Basic,,,,,,,,,
A230321200O,0,DA 32 x 1200 SQ Cyl.(Mag) Basic,,,,,,,,,
A23032120O,0,DA 32 x 120 SQ Cyl.(Mag) Basic,,,,,,,,,
A230321250O,0,DA 32 x 1250 SQ Cyl.(Mag) Basic,,,,,,,,,
A23032125O,0,DA 32 x 125 SQ Cyl.(Mag) Basic,,,,,,,,,
A23032125O-S,0,DA 32 x 125 SQ Cyl.(Mag) Basic,,,,,,,,,
A23032130O,0,DA 32 x 130 SQ Cyl. (Mag) Basic,,,,,,,,,
A23032135O,0,DA 32 x 135 SQ Cyl. (Mag) Basic,,,,,,,,,
A23032150O,0,DA 32 x 150 SQ Cyl.(Mag) Basic,,,,,,,,,
A23032160N,0,DA 32 x 160 SQ Cyl.(Mag) Front trunnion,,,,,,,,,
A23032160O,0,DA 32 x 160 SQ Cyl.(Mag) Basic,,,,,,,,,
A23032160O/SC,0,DA 32 x 160 SQ Cyl.(Mag) Basic,,,,,,,,,
A23032160S,0,DA 32 x 160 SQ Cyl.(Mag) Male clevis,,,,,,,,,
A23032165O,0,DA 32 x 165 SQ Cyl.(Mag) Basic,,,,,,,,,
A23032170O,0,DA 32 x 170 SQ Cyl.(Mag) Basic,,,,,,,,,
A23032175O,0,DA 32 x 175 SQ Cyl.(Mag) Basic,,,,,,,,,
A23032180O,0,DA 32 x 180 SQ Cyl.(Mag) Basic,,,,,,,,,
A23032190O,0,DA 32 x 190 SQ Cyl. (Mag) Basic,,,,,,,,,
A23032200L,0,DA 32 x 200 SQ Cyl.(Mag) Foot Mount,,,,,,,,,
A23032200O,0,DA 32 x 200 SQ Cyl.(Mag) Basic,,,,,,,,,
A23032200O/SC,0,DA 32 x 200 SQ Cyl.(Mag) Basic,,,,,,,,,
A23032225O,0,DA 32 x 225 SQ Cyl.(Mag) Basic,,,,,,,,,
A23032250O,0,DA 32 x 250 SQ Cyl.(Mag) Basic,,,,,,,,,
A23032265O,0,DA 32 x 265 SQ cyl. (Mag) Basic,,,,,,,,,
A23032280O,0,DA 32 x 280 SQ Cyl.(Mag) Basic,,,,,,,,,
A23032280O-H,0,DA 32 x 280 SQ Cyl. (Mag) High temp Basic,,,,,,,,,
A23032300L,0,DA 32 x 300 SQ Cyl.(Mag) Foot Mount,,,,,,,,,
A23032300O,0,DA 32 x 300 SQ Cyl.(Mag) Basic,,,,,,,,,
A23032320O,0,DA 32 x 320 SQ Cyl.(Mag) Basic,,,,,,,,,
A23032325O,0,DA 32 x 325 SQ Cyl.(Mag) Basic,,,,,,,,,
A23032330O,0,DA 32 x 330 SQ Cyl.(Mag) Basic,,,,,,,,,
A23032350500MO,0,"Multi position Cyl. (Mag) Dia 32 (350,500) Basic",,,,,,,,,
A23032350O,0,DA 32 x 350 SQ Cyl.(Mag) Basic,,,,,,,,,
A23032360O,0,DA 32 x 360 SQ Cyl.(Mag) Basic,,,,,,,,,
A23032365O,0,DA 32 x 365 SQ Cyl.(Mag) Basic,,,,,,,,,
A23032375O,0,DA 32 x 375 SQ Cyl.(Mag) Basic,,,,,,,,,
A23032400O,0,DA 32 x 400 SQ Cyl.(Mag) Basic,,,,,,,,,
A23032400O-S,0,DA 32 x 400 SQ Cyl.(Mag) Basic,,,,,,,,,
A23032410O-H,0,DA 32 x 410 SQ Cyl. (Mag) High temp Basic,,,,,,,,,
A23032425O,0,DA 32 x 425 SQ Cyl.(Mag) Basic,,,,,,,,,
A23032450O,0,DA 32 x 450 SQ Cyl.(Mag) Basic,,,,,,,,,
A23032460O,0,DA 32 x 460 SQ Cyl.(Mag) Basic,,,,,,,,,
A23032475O,0,DA 32 x 475 SQ Cyl.(Mag) Basic,,,,,,,,,
A23032500F,0,DA 32 x 500 SQ Cyl.(Mag) Front flange,,,,,,,,,
A23032500O,0,DA 32 x 500 SQ Cyl.(Mag) Basic,,,,,,,,,
A23032525O,0,DA 32 x 525 SQ Cyl.(Mag) Basic,,,,,,,,,
A23032525O-S,0,DA 32 x 525 SQ Cyl.(Mag) Basic,,,,,,,,,
A23032550O,0,DA 32 x 550 SQ Cyl.(Mag) Basic,,,,,,,,,
A23032580O,0,DA 32 x 580 SQ Cyl.(Mag) Basic,,,,,,,,,
A23032600O,0,DA 32 x 600 SQ Cyl.(Mag) Basic,,,,,,,,,
A23032620O,0,DA 32 x 620 SQ Cyl.(Mag) Basic,,,,,,,,,
A23032650O,0,DA 32 x 650 SQ Cyl.(Mag) Basic,,,,,,,,,
A23032700O,0,DA 32 x 700 SQ Cyl.(Mag) Basic,,,,,,,,,
A23032730O,0,DA 32 x 730 SQ Cyl.(Mag) Basic,,,,,,,,,
A23032750O,0,DA 32 x 750 SQ Cyl.(Mag) Basic,,,,,,,,,
A23032775O,0,DA 32 x 775 SQ Cyl.(Mag) Basic,,,,,,,,,
A23032800O,0,DA 32 x 800 SQ Cyl.(Mag) Basic,,,,,,,,,
A23032900O,0,DA 32 x 900 SQ Cyl.(Mag) Basic,,,,,,,,,
A23040015O,0,DA 40 x 15  SQ Cyl.(Mag) Basic,,,,,,,,,
A23040025D,0,DA 40 x 25 SQ Cyl.(Mag) Female clevis,,,,,,,,,
A23040025O,0,DA 40 x 25 SQ Cyl.(Mag) Basic,,,,,,,,,
A23040030O,0,DA 40 x 30 SQ Cyl.(Mag) Basic,,,,,,,,,
A23040032O,0,DA 40 x 32 SQ Cyl.(Mag) Basic,,,,,,,,,
A23040035O,0,DA 40 x 35 SQ Cyl. (Mag) Basic,,,,,,,,,
A23040040O,0,DA 40 x 40 SQ Cyl.(Mag) Basic,,,,,,,,,
A23040050F,0,DA 40 x 50 SQ Cyl.(Mag) Front flange,,,,,,,,,
A23040050O,0,DA 40 x 50 SQ Cyl.(Mag) Basic,,,,,,,,,
A23040050R,0,DA 40 x 50 SQ Cyl.(Mag) Rear flange,,,,,,,,,
A23040060O,0,DA 40 x 60 SQ Cyl.(Mag) Basic,,,,,,,,,
A23040063O,0,DA 40 x 63 SQ Cyl.(Mag) Basic,,,,,,,,,
A23040065O,0,DA 40 x 65 SQ Cyl.(Mag) Basic,,,,,,,,,
A23040070O,0,DA 40 x 70 SQ Cyl.(Mag) Basic,,,,,,,,,
A23040075O,0,DA 40 x 75 SQ Cyl.(Mag) Basic,,,,,,,,,
A23040075O-H,0,DA 40 x 75 SQ Cyl. (Mag) High temp Basic,,,,,,,,,
A23040080N,0,DA 40 x 80 SQ Cyl.(Mag) Front trunnion,,,,,,,,,
A23040080O,0,DA 40 x 80 SQ Cyl.(Mag) Basic,,,,,,,,,
A23040080O-H,0,DA 40 x 80 SQ Cyl. (Mag) High temp Basic,,,,,,,,,
A23040095O,0,DA 40 x 95 SQ Cyl.(Mag) Basic,,,,,,,,,
A230401000O,0,DA 40 x 1000 SQ Cyl.(Mag) Basic,,,,,,,,,
A23040100D,0,DA 40 x 100 SQ Cyl.(Mag) Female clevis,,,,,,,,,
A230401030O,0,DA 40 x 1030 SQ Cyl.(Mag) Basic,,,,,,,,,
A230401030O-H,0,DA 40 x 1030 SQ Cyl. (Mag) High temp Basic,,,,,,,,,
A230401050O,0,DA 40 x 1050 SQ Cyl. (Mag ) Basic,,,,,,,,,
A230401100O,0,DA 40 x 1100 SQ Cyl.(Mag) Basic,,,,,,,,,
A230401200O,0,DA 40 x 1200 SQ Cyl.(Mag) Basic,,,,,,,,,
A23040120O,0,DA 40 x 120 SQ Cyl.(Mag) Basic,,,,,,,,,
A23040125L,0,DA 40 x 125 Cyl. Foot mount,,,,,,,,,
A23040125O,0,DA 40 x 125 SQ Cyl.(Mag) Basic,,,,,,,,,
A230401300O,0,DA 40 x 1300 SQ Cyl.(Mag) Basic,,,,,,,,,
A23040130O,0,DA 40 x 130 SQ Cyl.(Mag) Basic,,,,,,,,,
A230401350D,0,DA 40 x 1350 SQ Cyl.(Mag) Female Clevis,,,,,,,,,
A230401350O,0,DA 40 x 1350 SQ Cyl.(Mag) Basic,,,,,,,,,
A230401400O,0,DA 40 x 1400 SQ Cyl.(Mag) Basic,,,,,,,,,
A23040140O,0,DA 40 x 140 SQ Cyl.(Mag) Basic,,,,,,,,,
A230401500O,0,DA 40 x 1500 SQ Cyl.(Mag) Basic,,,,,,,,,
A23040150O-H,0,DA 40 x 150 SQ Cyl. (Mag) High temp Basic,,,,,,,,,
A230401600O,0,DA 40 x 1600 SQ Cyl.(Mag) Basic,,,,,,,,,
A230401600T,0,DA 40 x 1600 SQ Cyl.(Mag) Centre trunnion,,,,,,,,,
A23040160O-S,0,DA 40 x 160 SQ Cyl.(Mag) Basic,,,,,,,,,
A23040170O,0,DA 40 x 170 SQ Cyl.(Mag) Basic,,,,,,,,,
A230401750O,0,DA 40 x 1750 SQ Cyl. (Mag) Basic,,,,,,,,,
A23040175O,0,DA 40 x 175 SQ Cyl.(Mag) Basic,,,,,,,,,
A23040180O,0,DA 40 x 180 SQ Cyl.(Mag) Basic,,,,,,,,,
A23040190O,0,DA 40 x 190 SQ Cyl.(Mag) Basic,,,,,,,,,
A23040200O,0,DA 40 x 200 SQ Cyl.(Mag) Basic,,,,,,,,,
A23040225O,0,DA 40 x 225 SQ Cyl.(Mag) Basic,,,,,,,,,
A23040230O,0,DA 40 x 230 SQ Cyl.(Mag) Basic,,,,,,,,,
A23040250O,0,DA 40 x 250 SQ Cyl.(Mag) Basic,,,,,,,,,
A23040260O,0,DA 40 x 260 SQ Cyl.(Mag) Basic,,,,,,,,,
A23040265O,0,DA 40 x 265 SQ Cyl. (Mag) Basic,,,,,,,,,
A23040275O,0,DA 40 x 275 SQ Cyl.(Mag) Basic,,,,,,,,,
A23040300O,0,DA 40 x 300 SQ Cyl.(Mag) Basic,,,,,,,,,
A23040310O,0,DA 40 x 310 SQ Cyl.(Mag) Basic,,,,,,,,,
A23040320D,0,DA 40 x 320 SQ Cyl.(Mag) Female clevis,,,,,,,,,
A23040320F,0,DA 40 x 320 SQ Cyl.(Mag) Front flange,,,,,,,,,
A23040320L,0,DA 40 x 320 SQ Cyl.(Mag) Foot mount,,,,,,,,,
A23040320O,0,DA 40 x 320 SQ Cyl.(Mag) Basic,,,,,,,,,
A23040350O,0,DA 40 x 350 SQ Cyl.(Mag) Basic,,,,,,,,,
A23040375O,0,DA 40 x 375 SQ Cyl.(Mag) Basic,,,,,,,,,
A23040400O,0,DA 40 x 400 SQ Cyl.(Mag) Basic,,,,,,,,,
A23040425O,0,DA 40 x 425 SQ Cyl.(Mag) Basic,,,,,,,,,
A23040450O,0,DA 40 x 450 SQ Cyl.(Mag) Basic,,,,,,,,,
A23040460L,0,DA 40 x 460 SQ Cyl.(Mag) Foot Mount,,,,,,,,,
A23040475O,0,DA 40 x 475 SQ Cyl.(Mag) Basic,,,,,,,,,
A23040500D,0,DA 40 x 500 SQ Cyl.(Mag) Female clevis,,,,,,,,,
A23040500O,0,DA 40 x 500 SQ Cyl.(Mag) Basic,,,,,,,,,
A23040520O,0,DA 40 x 520 SQ Cyl.(Mag) Basic,,,,,,,,,
A23040525O,0,DA 40 x 525 SQ Cyl.(Mag) Basic,,,,,,,,,
A23040550O,0,DA 40 x 550 SQ Cyl.(Mag) Basic,,,,,,,,,
A23040570O,0,DA 40 x 570 SQ Cyl.(Mag) Basic,,,,,,,,,
A23040575O,0,DA 40 x 575 SQ Cyl.(Mag) Basic,,,,,,,,,
A23040600O,0,DA 40 x 600 SQ Cyl.(Mag) Basic,,,,,,,,,
A23040600O-H,0,DA 40 x 600 SQ Cyl. (Mag) High temp Basic,,,,,,,,,
A23040650O,0,DA 40 x 650 SQ Cyl.(Mag) Basic,,,,,,,,,
A23040675O,0,DA 40 x 675 SQ Cyl.(Mag) Basic,,,,,,,,,
A23040700L,0,DA 40 x 700 SQ Cyl.(Mag) Foot Mount,,,,,,,,,
A23040700O,0,DA 40 x 700 SQ Cyl.(Mag) Basic,,,,,,,,,
A23040750O,0,DA 40 x 750 SQ Cyl.(Mag) Basic,,,,,,,,,
A23040800O,0,DA 40 x 800 SQ Cyl.(Mag) Basic,,,,,,,,,
A23040840O,0,DA 40 x 840 SQ Cyl.(Mag) Basic,,,,,,,,,
A23040850O,0,DA 40 x 850 SQ Cyl.(Mag) Basic,,,,,,,,,
A23040900O,0,DA 40 x 900 SQ Cyl.(Mag) Basic,,,,,,,,,
A23050025O,0,DA 50 x 25 SQ Cyl.(Mag) Basic,,,,,,,,,
A23050030O,0,DA 50 x 30 SQ Cyl.(Mag) Basic,,,,,,,,,
A23050040O,0,DA 50 x 40 SQ Cyl.(Mag) Basic,,,,,,,,,
A23050050O,0,DA 50 x 50 SQ Cyl.(Mag) Basic,,,,,,,,,
A23050060D,0,DA 50 x 60 SQ Cyl.(Mag) Female Clevis,,,,,,,,,
A23050063O,0,DA 50 x 63 SQ Cyl.(Mag) Basic,,,,,,,,,
A23050075O,0,DA 50 x 75 SQ Cyl.(Mag) Basic,,,,,,,,,
A23050080F,0,DA 50 x 80 SQ Cyl.(Mag) Front flange,,,,,,,,,
A23050080O,0,DA 50 x 80 SQ Cyl.(Mag) Basic,,,,,,,,,
A23050080O-S,0,DA 50 x 80 SQ Cyl.(Mag) Basic,,,,,,,,,
A230501000L,0,DA 50 x 1000 SQ Cyl.(Mag) Foot Mount,,,,,,,,,
A230501000O,0,DA 50 x 1000 SQ Cyl.(Mag) Basic,,,,,,,,,
A23050100F,0,DA 50 x 100 SQ Cyl.(Mag) Front flange,,,,,,,,,
A23050100O,0,DA 50 x 100 SQ Cyl.(Mag) Basic,,,,,,,,,
A23050100O-H,0,DA 50 x 100 SQ Cyl. (Mag) High temp Basic,,,,,,,,,
A23050100O-S,0,DA 50 x 100 SQ Cyl.(Mag) Basic,,,,,,,,,
A23050100R,0,DA 50 x 100 SQ Cyl.(Mag) Rear flange,,,,,,,,,
A23050100T,0,DA 50 x 100 SQ Cyl.(Mag) Centre trunnion,,,,,,,,,
A230501100O,0,DA 50 x 1100 SQ. Cyl. (Mag) Basic,,,,,,,,,
A230501200O,0,DA 50 x 1200 SQ Cyl.(Mag) Basic,,,,,,,,,
A23050120O,0,DA 50 x 120 SQ Cyl.(Mag) Basic,,,,,,,,,
A230501250O,0,DA 50 x 1250 SQ Cyl.(Mag) Basic,,,,,,,,,
A23050125F,0,DA 50 x 125 SQ Cyl.(Mag) Front flange,,,,,,,,,
A23050125O,0,DA 50 x 125 SQ Cyl.(Mag) Basic,,,,,,,,,
A23050125O-S,0,DA 50 x 125 SQ Cyl.(Mag) Basic,,,,,,,,,
A23050127O,0,DA 50 x 127 SQ Cyl.(Mag) Basic,,,,,,,,,
A230501286O-H,0,DA 50 x 1286 SQ Cyl. (Mag) High temp Basic,,,,,,,,,
A230501300O,0,DA 50 x 1300 SQ Cyl.(Mag) Basic,,,,,,,,,
A230501400O,0,DA 50 x 1400 SQ Cyl.(Mag) Basic,,,,,,,,,
A23050140D,0,DA 50 x 140 SQ Cyl.(Mag) Female Clevis,,,,,,,,,
A23050140O,0,DA 50 x 140 SQ Cyl.(Mag) Basic,,,,,,,,,
A230501500O,0,DA 50 x 1500 SQ Cyl.(Mag) Basic,,,,,,,,,
A23050150O,0,DA 50 x 150 SQ Cyl.(Mag) Basic,,,,,,,,,
A23050155O,0,DA 50 x 155 SQ Cyl.(Mag) Basic,,,,,,,,,
A230501570O-H,0,DA 50 x 1570 SQ Cyl. (Mag) High temp Basic,,,,,,,,,
A230501600O,0,DA 50 x 1600 SQ Cyl.(Mag) Basic,,,,,,,,,
A23050160D,0,DA 50 x 160 SQ Cyl.(Mag) Female clevis,,,,,,,,,
A23050160F,0,DA 50 x 160 SQ Cyl.(Mag) Front flange,,,,,,,,,
A23050160N,0,DA 50 x 160 SQ Cyl.(Mag) Front  trunnion,,,,,,,,,
A23050160O,0,DA 50 x 160 SQ Cyl.(Mag) Basic,,,,,,,,,
A23050170O,0,DA 50 x 170 SQ Cyl. (Mag) Basic,,,,,,,,,
A23050175O,0,DA 50 x 175 SQ Cyl. (Mag) Basic,,,,,,,,,
A23050175O-H,0,DA 50 x 175 SQ Cyl. (Mag) High temp Basic,,,,,,,,,
A23050180O,0,DA 50 x 180 SQ Cyl. (Mag) Basic,,,,,,,,,
A230502000O,0,DA 50 x 2000 SQ Cyl. (Mag) Basic,,,,,,,,,
A23050200F,0,DA 50 x 200 SQ Cyl.(Mag) Front Flange,,,,,,,,,
A23050200O-S,0,DA 50 x 200 SQ Cyl.(Mag) Basic,,,,,,,,,
A23050200S,0,DA 50 x 200 SQ Cyl.(Mag) Male clevis,,,,,,,,,
A23050205O,0,DA 50 x 205 SQ Cyl.(Mag) Basic,,,,,,,,,
A23050210O,0,DA 50 x 210 SQ Cyl.(Mag) Basic,,,,,,,,,
A23050225O,0,DA 50 x 225 SQ Cyl.(Mag) Basic,,,,,,,,,
A23050230O,0,DA 50 x 230 SQ Cyl.(Mag) Basic,,,,,,,,,
A23050250F,0,DA 50 x 250 SQ Cyl. (Mag) Front flange,,,,,,,,,
A23050250L,0,DA 50 x 250 SQ Cyl.(Mag) Foot mount,,,,,,,,,
A23050250N,0,DA 50 x 250 SQ Cyl.(Mag) Front  trunnion,,,,,,,,,
A23050250O,0,DA 50 x 250 SQ Cyl.(Mag) Basic,,,,,,,,,
A23050254F,0,DA 50 x 254 SQ Cyl.(Mag) Front Flange,,,,,,,,,
A23050260O,0,DA 50 x 260 SQ Cyl.(Mag) Basic,,,,,,,,,
A23050270O,0,DA 50 x 270 SQ Cyl.(Mag) Basic,,,,,,,,,
A23050275O,0,DA 50 x 275 SQ Cyl.(Mag) Basic,,,,,,,,,
A23050300O,0,DA 50 x 300 SQ Cyl.(Mag) Basic,,,,,,,,,1.25
A23050320F,0,DA 50 x 320 SQ Cyl.(Mag) Front flange,,,,,,,,,
A23050320O,0,DA 50 x 320 SQ Cyl.(Mag) Basic,,,,,,,,,
A23050325O,0,DA 50 x 325 SQ Cyl. (Mag) Basic,,,,,,,,,
A23050330O-S,0,DA 50 x 330 SQ Cyl.(Mag) Basic,,,,,,,,,
A23050350O,0,DA 50 x 350 SQ Cyl.(Mag) Basic,,,,,,,,,
A23050375F,0,DA 50 x 375 SQ Cyl.(Mag) Front Flange,,,,,,,,,
A23050375O,0,DA 50 x 375 SQ Cyl.(Mag) Basic,,,,,,,,,
A23050380O,0,DA 50 x 380 SQ Cyl.(Mag) Basic,,,,,,,,,
A23050400M,0,DA 50 x 400 SQ Cyl.(Mag) Rear trunnion,,,,,,,,,
A23050400O,0,DA 50 x 400 SQ Cyl.(Mag) Basic,,,,,,,,,
A23050400R,0,DA 50 x 400 SQ Cyl.(Mag) Rear flange,,,,,,,,,
A23050410O,0,DA 50 x 410 SQ Cyl.(Mag) Basic,,,,,,,,,
A23050430O,0,DA 50 x 430 SQ Cyl.(Mag) Basic,,,,,,,,,
A23050450O,0,DA 50 x 450 SQ Cyl.(Mag) Basic,,,,,,,,,
A23050450O-S,0,DA 50 x 450 SQ Cyl.(Mag) Basic,,,,,,,,,
A23050475O,0,DA 50 x 475 SQ Cyl.(Mag) Basic,,,,,,,,,
A23050500O,0,DA 50 x 500 SQ Cyl.(Mag) Basic,,,,,,,,,
A23050500O-H,0,DA 50 x 500 SQ Cyl. (Mag) High temp Basic,,,,,,,,,
A23050500O-S,0,DA 50 x 500 SQ Cyl.(Mag) Basic,,,,,,,,,
A23050512O,0,DA 50 x 512 SQ Cyl.(Mag) Basic,,,,,,,,,
A23050530O,0,DA 50 x 530 SQ Cyl.(Mag) Basic,,,,,,,,,
A23050550O,0,DA 50 x 550 Cyl. (Mag) Basic,,,,,,,,,
A23050575O,0,DA 50 x 575 SQ Cyl. (Mag) Basic,,,,,,,,,
A23050600O,0,DA 50 x 600 SQ Cyl.(Mag) Basic,,,,,,,,,
A23050600R,0,DA 50 x 600 SQ Cyl.(Mag) Rear Flange,,,,,,,,,
A23050630O,0,DA 50 x 630 SQ Cyl.(Mag) Basic,,,,,,,,,
A23050650O,0,DA 50 x 650 SQ Cyl.(Mag) Basic,,,,,,,,,
A23050680O,0,DA 50 x 680 SQ Cyl.(Mag) Basic,,,,,,,,,
A23050690O,0,DA 50 x 690 SQ Cyl.(Mag) Basic,,,,,,,,,
A23050700O,0,DA 50 x 700 SQ Cyl.(Mag) Basic,,,,,,,,,
A23050725O,0,DA 50 x 725 SQ Cyl.(Mag) Basic,,,,,,,,,
A23050750L,0,DA 50 x 750 SQ Cyl.(Mag) Foot Mount,,,,,,,,,
A23050750O,0,DA 50 x 750 SQ Cyl.(Mag) Basic,,,,,,,,,
A23050800O,0,DA 50 x 800 SQ Cyl.(Mag) Basic,,,,,,,,,
A23050850O,0,DA 50 x 850 SQ Cyl. (Mag) Basic,,,,,,,,,
A23050871O-H,0,DA 50 x 871 SQ Cyl. (Mag) High temp Basic,,,,,,,,,
A23050900D,0,DA 50 x 900 SQ Cyl.(Mag) Female clevis,,,,,,,,,
A23050900O,0,DA 50 x 900 SQ Cyl. (Mag) Basic,,,,,,,,,
A23063020O,0,DA 63 x 20 SQ Cyl.(Mag) Basic,,,,,,,,,
A23063025D,0,DA 63 x 25 SQ Cyl.(Mag) Female clevis,,,,,,,,,
A23063025O,0,DA 63 x 25 SQ Cyl.(Mag) Basic,,,,,,,,,
A23063030O,0,DA 63 x 30 SQ Cyl.(Mag) Basic,,,,,,,,,
A23063030T,0,DA 63 x 30 SQ Cyl.(Mag) Centre trunnion,,,,,,,,,
A23063040O,0,DA 63 x 40 SQ Cyl.(Mag) Basic,,,,,,,,,
A23063040O-S,0,DA 63 x 40 SQ Cyl.(Mag) Basic,,,,,,,,,
A23063050D-S,0,DA 63 x 50 SQ Cyl.(Mag) Female clevis,,,,,,,,,
A23063050L,0,DA 63 x 50 SQ Cyl.(Mag) Foot mount,,,,,,,,,
A23063050O,0,DA 63 x 50 SQ Cyl.(Mag) Basic,,,,,,,,,
A23063050O-N,0,DA 63 x 50 SQ Cyl.(Mag) Basic,,,,,,,,,
A23063050S,0,DA 63 x 50 SQ Cyl.(Mag) Male clevis,,,,,,,,,
A23063060O,0,DA 63 x 60 SQ Cyl.(Mag) Basic,,,,,,,,,
A23063060O-H,0,DA 63 x 60 SQ Cyl. (Mag) High temp Basic,,,,,,,,,
A23063065D,0,DA 63 x 65 SQ Cyl.(Mag) Female Clevis,,,,,,,,,
A23063070L,0,DA 63 x 70 Sq. Cyl.(Mag) Foot mount,,,,,,,,,
A23063070O,0,DA 63 x 70 SQ Cyl.(Mag) Basic,,,,,,,,,
A23063075O,0,DA 63 x 75 SQ Cyl.(Mag) Basic,,,,,,,,,
A23063080080MO,0,"Multi position Cyl. (Mag) Dia 63 (80,80) Basic",,,,,,,,,
A23063080L,0,DA 63 x 80 Cyl.(Mag) Foot Mount,,,,,,,,,
A23063080O,0,DA 63 x 80 SQ Cyl.(Mag) Basic,,,,,,,,,
A23063080O-H,0,DA 63 x 80 SQ Cyl. (Mag) High temp Basic,,,,,,,,,
A230631000L,0,DA 63 x 1000 SQ Cyl.(Mag) Foot Mount,,,,,,,,,
A230631000O,0,DA 63 x 1000 SQ Cyl.(Mag) Basic,,,,,,,,,
A230631000O-S,0,DA 63 x 1000 Cyl. (Mag) Basic,,,,,,,,,
A23063100F,0,DA 63 x 100 SQ Cyl.(Mag) Front flange,,,,,,,,,
A23063100O,0,DA 63 x 100 SQ Cyl.(Mag) Basic,,,,,,,,,
A230631050O,0,DA 63 x 1050 SQ Cyl.(Mag) Basic,,,,,,,,,
A230631100O,0,DA 63 x 1100 SQ Cyl.(Mag) Basic,,,,,,,,,
A230631100O-H,0,DA 63 x 1100 SQ Cyl. (Mag) High temp Basic,,,,,,,,,
A23063110O,0,DA 63 X 110 SQ Cyl.(Mag) Basic,,,,,,,,,
A230631150O,0,DA 63 x 1150 SQ Cyl.(Mag) Basic,,,,,,,,,
A23063115O,0,DA 63 x 115 SQ Cyl.(Mag) Basic,,,,,,,,,
A230631200O,0,DA 63 x 1200 SQ Cyl.(Mag) Basic,,,,,,,,,
A230631200O-S,0,DA 63 x 1200 SQ Cyl.(Mag) Basic,,,,,,,,,
A23063120O,0,DA 63 x 120 SQ Cyl.(Mag) Basic,,,,,,,,,
A230631250O,0,DA 63 x 1250 SQ Cyl.(Mag) Basic,,,,,,,,,
A23063125125MO,0,"Multi position Cyl. (Mag) Dia 63 (125,125) Basic",,,,,,,,,
A23063125O,0,DA 63 x 125 SQ Cyl.(Mag) Basic,,,,,,,,,
A23063125O-H,0,DA 63 x 125 SQ Cyl. (Mag) High temp Basic,,,,,,,,,
A23063125O-S,0,DA 63 x 125 SQ Cyl. (Mag) Basic,,,,,,,,,
A230631300O,0,DA 63 x 1300 SQ Cyl.(Mag) Basic,,,,,,,,,
A23063130O,0,DA 63 x 130 SQ Cyl.(Mag) Basic,,,,,,,,,
A230631350O,0,DA 63 x 1350 SQ Cyl. (Mag) Basic,,,,,,,,,
A230631400O,0,DA 63 x 1400 SQ Cyl.(Mag) Basic,,,,,,,,,
A230631500O,0,DA 63 x 1500 SQ Cyl.(Mag) Basic,,,,,,,,,
A230631500O-S,0,DA 63 x 1500 SQ Cyl.(Mag) Basic,,,,,,,,,
A23063150D,0,DA 63 x 150 SQ Cyl.(Mag) Female Clevis,,,,,,,,,
A23063150F,0,DA 63 x 150 SQ Cyl.(Mag) Front Flange,,,,,,,,,
A23063150O,0,DA 63 x 150 SQ Cyl.(Mag) Basic,,,,,,,,,
A23063154O,0,DA 63 x 154 SQ Cyl.(Mag) Basic,,,,,,,,,
A230631550O,0,DA 63 x 1550 SQ Cyl.(Mag) Basic,,,,,,,,,
A230631570O,0,DA 63 x 1570 SQ Cyl.(Mag) Basic,,,,,,,,,
A230631600O,0,DA 63 x 1600 SQ Cyl.(Mag) Basic,,,,,,,,,
A23063160D,0,DA 63 x 160 SQ Cyl.(Mag) Female clevis,,,,,,,,,
A23063160O,0,DA 63 x 160 SQ Cyl.(Mag) Basic,,,,,,,,,1.25
A23063160S,0,DA 63 x 160 SQ Cyl.(Mag) Male clevis,,,,,,,,,
A230631650O,0,DA 63 x 1650 SQ Cyl.(Mag) Basic,,,,,,,,,
A23063175O,0,DA 63 x 175 SQ Cyl.(Mag) Basic,,,,,,,,,
A23063175O-H,0,DA 63 x 175 SQ Cyl. (Mag) High temp Basic,,,,,,,,,
A23063175O-S,0,DA 63 x 175 SQ Cyl.(Mag) Basic,,,,,,,,,
A23063180O,0,DA 63 x 180 SQ Cyl.(Mag) Basic,,,,,,,,,
A23063190O,0,DA 63 x 190 SQ Cyl.(Mag) Basic,,,,,,,,,
A230632000O,0,DA 63 x 2000 SQ Cyl.(Mag) Basic,,,,,,,,,
A23063200L,0,DA 63 x 200 SQ Cyl.(Mag) Foot mount,,,,,,,,,
A23063200O,0,DA 63 x 200 SQ Cyl.(Mag) Basic,,,,,,,,,
A23063200O-S,0,DA 63 x 200 SQ Cyl.(Mag) Basic,,,,,,,,,
A23063220O,0,DA 63 x 220 SQ Cyl.(Mag) Basic,,,,,,,,,
A23063225O,0,DA 63 x 225 SQ Cyl.(Mag) Basic,,,,,,,,,
A23063240O,0,DA 63 x 240 SQ Cyl.(Mag) Basic,,,,,,,,,
A23063250O,0,DA 63 x 250 SQ Cyl.(Mag) Basic,,,,,,,,,
A23063250S,0,DA 63 x 250 SQ Cyl.(Mag) Male clevis,,,,,,,,,
A23063270O,0,DA 63 x 270 SQ Cyl.(Mag) Basic,,,,,,,,,
A23063280O,0,DA 63 x 280 SQ Cyl.(Mag) Basic,,,,,,,,,
A23063285O,0,DA 63 x 285 SQ Cyl.(Mag) Basic,,,,,,,,,
A23063295O,0,DA 63 x 295 SQ Cyl.(Mag) Basic,,,,,,,,,
A23063300O,0,DA 63 x 300 SQ Cyl.(Mag) Basic,,,,,,,,,
A23063300O-H,0,DA 63 x 300 SQ Cyl. (Mag) High temp Basic,,,,,,,,,
A23063320O,0,DA 63 x 320 SQ Cyl.(Mag) Basic,,,,,,,,,
A23063325O,0,DA 63 x 325 SQ Cyl.(Mag) Basic,,,,,,,,,
A23063350O,0,DA 63 x 350 SQ Cyl.(Mag) Basic,,,,,,,,,
A23063350O-H,0,DA 63 x 350 SQ Cyl. (Mag) High temp Basic,,,,,,,,,
A23063420O,0,DA 63 x 420 SQ Cyl.(Mag) Basic,,,,,,,,,
A23063450O,0,DA 63 x 450 SQ Cyl.(Mag) Basic,,,,,,,,,
A23063500O,0,DA 63 x 500 SQ Cyl.(Mag) Basic,,,,,,,,,
A23063501O,0,DA 63 x 501 SQ Cyl.(Mag) Basic,,,,,,,,,
A23063550O,0,DA 63 x 550 SQ Cyl.(Mag) Basic,,,,,,,,,
A23063600O,0,DA 63 x 600 SQ Cyl.(Mag) Basic,,,,,,,,,
A23063650O,0,DA 63 x 650 SQ Cyl.(Mag) Basic,,,,,,,,,
A23063700O,0,DA 63 x 700 SQ Cyl.(Mag) Basic,,,,,,,,,
A23063750D,0,DA 63 x 750 SQ Cyl.(Mag) Female Clevis,,,,,,,,,
A23063750O,0,DA 63 x 750 SQ Cyl. (Mag) Basic,,,,,,,,,
A23063780O,0,DA 63 x 780 SQ Cyl.(Mag) Basic,,,,,,,,,
A23063800O,0,DA 63 x 800 SQ Cyl.(Mag) Basic,,,,,,,,,
A23063850O,0,DA 63 x 850 Cyl. (Mag) Basic,,,,,,,,,
A23063900O,0,DA 63 x 900 SQ Cyl.(Mag) Basic,,,,,,,,,
A23063950O,0,DA 63 x 950 SQ Cyl. (Mag) Basic,,,,,,,,,
A23063950O-H,0,DA 63 x 950 SQ Cyl. (Mag) High temp Basic,,,,,,,,,
A23080025O,0,DA 80 x 25 SQ Cyl.(Mag) Basic,,,,,,,,,
A23080030O,0,DA 80 x 30 SQ Cyl.(Mag) Basic,,,,,,,,,
A23080040O,0,DA 80 x 40 SQ Cyl.(Mag) Basic,,,,,,,,,
A23080050D,0,DA 80 x 50 SQ Cyl.(Mag) Female clevis,,,,,,,,,
A23080050O,0,DA 80 x 50 SQ Cyl.(Mag) Basic,,,,,,,,,
A23080060O,0,DA 80 x 60 SQ Cyl.(Mag) Basic,,,,,,,,,
A23080065O,0,DA 80 x 65 SQ Cyl.(Mag) Basic,,,,,,,,,
A23080070O,0,DA 80 x 70 SQ Cyl.(Mag) Basic,,,,,,,,,
A23080075O,0,DA 80 x 75 SQ Cyl.(Mag) Basic,,,,,,,,,
A23080080O,0,DA 80 x 80 SQ Cyl.(Mag) Basic,,,,,,,,,
A23080090O,0,DA 80 x 90 SQ Cyl. (Mag) Basic,,,,,,,,,
A230801000O,0,DA 80 x 1000 SQ Cyl.(Mag) Basic,,,,,,,,,
A230801000O-H,0,DA 80 x 1000 SQ Cyl. (Mag) High temp Basic,,,,,,,,,
A23080100F,0,DA 80 x 100 SQ Cyl.(Mag) Front Flange,,,,,,,,,
A23080100O,0,DA 80 x 100 SQ Cyl.(Mag) Basic,,,,,,,,,
A23080100O-H,0,DA 80 x 100 SQ Cyl. (Mag) High temp Basic,,,,,,,,,
A23080100O-S,0,DA 80 x 100 SQ Cyl.(Mag) Basic,,,,,,,,,
A230801050O,0,DA 80 x 1050 SQ Cyl.(Mag) Basic,,,,,,,,,
A230801100O,0,DA 80 x 1100 SQ Cyl.(Mag) Basic,,,,,,,,,
A230801100O-H,0,DA 80 x 1100 SQ Cyl. (Mag) High temp Basic,,,,,,,,,
A230801150O,0,DA 80 x 1150 SQ Cyl. (Mag) Basic,,,,,,,,,
A230801175O,0,DA 80 x 1175 SQ Cyl.(Mag) Basic,,,,,,,,,
A230801200O,0,DA 80 x 1200 SQ Cyl.(Mag) Basic,,,,,,,,,
A23080120O,0,DA 80 x 120 SQ Cyl.(Mag) Basic,,,,,,,,,
A23080125D,0,DA 80 x 125 SQ Cyl.(Mag) Female clevis,,,,,,,,,
A23080125F,0,DA 80 x 125 SQ Cyl.(Mag) Front flange,,,,,,,,,
A23080125O,0,DA 80 x 125 SQ Cyl.(Mag) Basic,,,,,,,,,
A230801300O,0,DA 80 x 1300 SQ Cyl.(Mag) Basic,,,,,,,,,
A23080130O,0,DA 80 x 130 SQ Cyl.(Mag) Basic,,,,,,,,,
A230801350O,0,DA 80 x 1350 SQ Cyl.(Mag) Basic,,,,,,,,,
A230801400O,0,DA 80 x 1400 SQ Cyl.(Mag) Basic,,,,,,,,,
A23080140O,0,DA 80 x 140 SQ Cyl.(Mag) Basic,,,,,,,,,
A230801500O,0,DA 80 x 1500 SQ Cyl.(Mag) Basic,,,,,,,,,
A23080150F,0,DA 80 x 150 SQ Cyl.(Mag) Front Flange,,,,,,,,,
A23080150O,0,DA 80 x 150 SQ Cyl.(Mag) Basic,,,,,,,,,
A230801600O,0,DA 80 x 1600 SQ Cyl.(Mag) Basic,,,,,,,,,
A23080160D,0,DA 80 x 160 SQ Cyl.(Mag) Female clevis,,,,,,,,,
A23080160O,0,DA 80 x 160 SQ Cyl.(Mag) Basic,,,,,,,,,
A230801750L,0,DA 80 x 1750 SQ Cyl.(Mag) Foot Mount,,,,,,,,,
A23080175O,0,DA 80 x 175 SQ Cyl.(Mag) Basic,,,,,,,,,
A230801900O,0,DA 80 x 1900 SQ Cyl.(Mag) Basic,,,,,,,,,
A23080200L,0,DA 80 x 200 SQ Cyl.(Mag) Foot mount,,,,,,,,,
A23080200O,0,DA 80 x 200 SQ Cyl.(Mag) Basic,,,,,,,,,
A23080200O-S,0,DA 80 x 200 SQ Cyl.(Mag) Basic,,,,,,,,,
A23080220O,0,DA 80 x 220 SQ Cyl.(Mag) Basic,,,,,,,,,
A23080225O,0,DA 80 x 225 SQ Cyl.(Mag) Basic,,,,,,,,,
A23080230O,0,DA 80 x 230 SQ Cyl.(Mag) Basic,,,,,,,,,
A23080250F,0,DA 80 x 250 SQ Cyl.(Mag) Front flange,,,,,,,,,
A23080250O,0,DA 80 x 250 SQ Cyl.(Mag) Basic,,,,,,,,,
A23080260O,0,DA 80 x 260 SQ Cyl.(Mag) Basic,,,,,,,,,
A23080270O,0,DA 80 x 270 SQ Cyl.(Mag) Basic,,,,,,,,,
A23080280O,0,DA 80 x 280 SQ Cyl.(Mag) Basic,,,,,,,,,
A23080300O,0,DA 80 x 300 SQ Cyl.(Mag) Basic,,,,,,,,,
A23080300O-H,0,DA 80 x 300 SQ Cyl. (Mag) High temp Basic,,,,,,,,,
A23080320F,0,DA 80 x 320 SQ Cyl.(Mag) Front flange,,,,,,,,,
A23080320O,0,DA 80 x 320 SQ Cyl.(Mag) Basic,,,,,,,,,
A23080325O,0,DA 80 x 325 SQ Cyl. (Mag) Basic,,,,,,,,,
A23080350O,0,DA 80 x 350 SQ Cyl.(Mag) Basic,,,,,,,,,
A23080350O-H,0,DA 80 x 350 SQ Cyl. (Mag) High temp Basic,,,,,,,,,
A23080375O,0,DA 80 x 375 SQ Cyl.(Mag) Basic,,,,,,,,,
A23080400O,0,DA 80 x 400 SQ Cyl.(Mag) Basic,,,,,,,,,
A23080440O,0,DA 80 x 440 SQ Cyl.(Mag) Basic,,,,,,,,,
A23080445O,0,DA 80 x 445 SQ Cyl.(Mag) Basic,,,,,,,,,
A23080450O,0,DA 80 x 450 SQ Cyl.(Mag) Basic,,,,,,,,,
A23080460O,0,DA 80 x 460 SQ Cyl.(Mag) Basic,,,,,,,,,
A23080500F,0,DA 80 x 500 SQ Cyl.(Mag) Front flange,,,,,,,,,
A23080500L,0,DA 80 x 500 SQ Cyl.(Mag) Foot mount,,,,,,,,,
A23080500L-H,0,DA 80 x 500 SQ Cyl. (Mag) High temp Foot mount,,,,,,,,,
A23080500O,0,DA 80 x 500 SQ Cyl.(Mag) Basic,,,,,,,,,
A23080525O,0,DA 80 x 525 SQ Cyl.(Mag) Basic,,,,,,,,,
A23080530O,0,DA 80 x 530 SQ Cyl.(Mag) Basic,,,,,,,,,
A23080550O,0,DA 80 x 550 SQ Cyl.(Mag) Basic,,,,,,,,,
A23080600O,0,DA 80 x 600 SQ Cyl.(Mag) Basic,,,,,,,,,
A23080630O,0,DA 80 x 630 SQ Cyl.(Mag) Basic,,,,,,,,,
A23080650O,0,DA 80 x 650 SQ Cyl.(Mag) Basic,,,,,,,,,
A23080675O,0,DA 80 x 675 SQ Cyl.(Mag) Basic,,,,,,,,,
A23080700O,0,DA 80 x 700 SQ Cyl.(Mag) Basic,,,,,,,,,
A23080700O-H,0,DA 80 x 700 SQ Cyl. (Mag) High temp Basic,,,,,,,,,
A23080710O,0,DA 80 x 710 SQ Cyl.(Mag) Basic,,,,,,,,,
A23080750O,0,DA 80 x 750 SQ Cyl.(Mag) Basic,,,,,,,,,
A23080770O,0,DA 80 x 770 SQ Cyl.(Mag) Basic,,,,,,,,,
A23080800O,0,DA 80 x 800 SQ Cyl.(Mag) Basic,,,,,,,,,
A23080850O,0,DA 80 x 850 SQ Cyl. (Mag) Basic,,,,,,,,,
A23080900O,0,DA 80 x 900 SQ Cyl.(Mag) Basic,,,,,,,,,
A23080950O,0,DA 80 x 950 SQ Cyl.(Mag) Basic,,,,,,,,,
A23100025F,0,DA 100 x 25 SQ Cyl.(Mag) Front flange,,,,,,,,,
A23100025O,0,DA 100 x 25 SQ Cyl.(Mag) Basic,,,,,,,,,
A23100030O,0,DA 100 x 30 SQ Cyl.(Mag) Basic,,,,,,,,,
A23100040O,0,DA 100 x 40 SQ Cyl.(Mag) Basic,,,,,,,,,
A23100050F,0,DA 100 x 50 SQ Cyl.(Mag) Front flange,,,,,,,,,
A23100050O,0,DA 100 x 50 SQ Cyl.(Mag) Basic,,,,,,,,,
A23100050S,0,DA 100 x 50 SQ Cyl.(Mag) Male clevis,,,,,,,,,
A23100065O,0,DA 100 x 65 SQ Cyl.(Mag) Basic,,,,,,,,,
A23100075O,0,DA 100 x 75 Cyl. (Mag) Basic,,,,,,,,,
A23100080O,0,DA 100 x 80 SQ Cyl.(Mag) Basic,,,,,,,,,
A23100080O-S,0,DA 100 x 80 SQ Cyl.(Mag) Basic,,,,,,,,,
A23100095O,0,DA 100 x 95 SQ Cyl.(Mag) Basic,,,,,,,,,
A231001000O,0,DA 100 x 1000 SQ Cyl.(Mag) Basic,,,,,,,,,
A23100100O-H,0,DA 100 x 100 SQ Cyl. (Mag) High temp Basic,,,,,,,,,
A231001050O,0,DA 100 x 1050 SQ Cyl.(Mag) Basic,,,,,,,,,
A231001100O,0,DA 100 x1100 SQ Cyl.(Mag) Basic,,,,,,,,,
A23100110O,0,DA 100 x 110 SQ Cyl.(Mag) Basic,,,,,,,,,
A23100115O,0,DA 100 x 115 SQ Cyl.(Mag) Basic,,,,,,,,,
A231001200O,0,DA 100 x 1200 SQ Cyl.(Mag) Basic,,,,,,,,,
A23100125D,0,DA 100 x 125 SQ Cyl.(Mag) Female clevis,,,,,,,,,
A23100125O,0,DA 100 x 125 SQ Cyl.(Mag) Basic,,,,,,,,,
A23100127O,0,DA 100 x 127 SQ Cyl.(Mag) Basic,,,,,,,,,
A231001300O,0,DA 100 x 1300 Sq Cyl.(Mag) Basic,,,,,,,,,
A23100130O,0,DA 100 x 130 SQ Cyl.(Mag) Basic,,,,,,,,,
A23100140O,0,DA 100 x 140 SQ Cyl.(Mag) Basic,,,,,,,,,
A23100141O,0,DA 100 x 141 SQ Cyl.(Mag) Basic,,,,,,,,,
A231001500O,0,DA 100 x 1500 SQ Cyl.(Mag) Basic,,,,,,,,,
A23100150O,0,DA 100 x 150 SQ Cyl.(Mag) Basic,,,,,,,,,
A23100156O,0,DA 100 x 156 SQ Cyl.(Mag) Basic,,,,,,,,,
A231001600O,0,DA 100 x 1600 SQ Cyl.(Mag) Basic,,,,,,,,,
A23100160F,0,DA 100 x 160 SQ Cyl. (Mag) Front flange,,,,,,,,,
A23100160O,0,DA 100 x 160 SQ Cyl.(Mag) Basic,,,,,,,,,
A23100160O-S,0,DA 100 x 160 SQ Cyl.(Mag) Basic,,,,,,,,,
A231001650F,0,DA 100 x 1650 SQ Cyl.(Mag) Front Flange,,,,,,,,,
A23100165O,0,DA 100 x 165 SQ Cyl.(Mag) Basic,,,,,,,,,
A231001700O,0,DA 100 x 1700 SQ Cyl.(Mag) Basic,,,,,,,,,
A23100180O,0,DA 100 x 180 SQ Cyl.(Mag) Basic,,,,,,,,,
A231001830O,0,DA 100 x 1830 SQ Cyl.(Mag) Basic,,,,,,,,,
A23100190O,0,DA 100 x 190 SQ Cyl.(Mag) Basic,,,,,,,,,
A23100200O,0,DA 100 x 200 SQ Cyl.(Mag) Basic,,,,,,,,,
A23100225O,0,DA 100 x 225 SQ Cyl.(Mag) Basic,,,,,,,,,
A23100230O,0,DA 100 x 230 SQ Cyl.(Mag) Basic,,,,,,,,,
A23100250L,0,DA 100 x 250 SQ Cyl.(Mag) Foot mount,,,,,,,,,
A23100250O,0,DA 100 x 250 SQ Cyl.(Mag) Basic,,,,,,,,,
A23100250O-H,0,DA 100 x 250 SQ Cyl. (Mag) High temp Basic,,,,,,,,,
A23100275O,0,DA 100 x 275 SQ Cyl.(Mag) Basic,,,,,,,,,
A23100300N,0,DA 100 x 300 SQ Cyl.(Mag) Front trunnion,,,,,,,,,
A23100300O,0,DA 100 x 300 SQ Cyl.(Mag) Basic,,,,,,,,,
A23100320D,0,DA 100 x 320 SQ Cyl.(Mag) Female clevis,,,,,,,,,
A23100320O,0,DA 100 x 320 SQ Cyl.(Mag) Basic,,,,,,,,,
A23100350O,0,DA 100 x 350 SQ Cyl.(Mag) Basic,,,,,,,,,
A23100375O,0,DA 100 x 375 SQ Cyl.(Mag) Basic,,,,,,,,,
A23100380O,0,DA 100 x 380 SQ Cyl.(Mag) Basic,,,,,,,,,
A23100400F,0,DA 100 x 400 SQ Cyl. (Mag) Front flange,,,,,,,,,
A23100400O,0,DA 100 x 400 SQ Cyl.(Mag) Basic,,,,,,,,,
A23100400O-H,0,DA 100 x 400 SQ Cyl. (Mag) High temp Basic,,,,,,,,,
A23100400O-S,0,DA 100 x 400 SQ Cyl.(Mag) Basic,,,,,,,,,
A23100425O,0,DA 100 x 425 SQ Cyl. (Mag) Basic,,,,,,,,,
A23100450O,0,DA 100 x 450 SQ Cyl.(Mag) Basic,,,,,,,,,
A23100450O-H,0,DA 100 x 450 SQ Cyl. (Mag) High temp Basic,,,,,,,,,
A23100500O,0,DA 100 x 500 SQ Cyl.(Mag) Basic,,,,,,,,,
A23100500O-H,0,DA 100 x 500 SQ Cyl. (Mag) High temp Basic,,,,,,,,,
A23100550O,0,DA 100 x 550 SQ Cyl.(Mag) Basic,,,,,,,,,
A23100600O,0,DA 100 x 600 SQ Cyl. (Mag) Basic,,,,,,,,,
A23100600O-H,0,DA 100 x 600 SQ Cyl. (Mag) High temp Basic,,,,,,,,,
A23100650O,0,DA 100 x 650 SQ Cyl.(Mag) Basic,,,,,,,,,
A23100700O,0,DA 100 x 700 SQ Cyl.(Mag) Basic,,,,,,,,,
A23100750O,0,DA 100 x 750 SQ Cyl. (Mag) Basic,,,,,,,,,
A23100800L,0,DA 100 x 800 SQ Cyl.(Mag) Foot Mount,,,,,,,,,
A23100800O,0,DA 100 x 800 SQ Cyl.(Mag) Basic,,,,,,,,,
A23100830D,0,DA 100 x 830 SQ Cyl.(Mag) Female Clevis,,,,,,,,,
A23100850O,0,DA 100 x 850 SQ Cyl.(Mag) Basic,,,,,,,,,
A23100900O-H,0,DA 100 x 900 SQ Cyl. (Mag) High temp Basic,,,,,,,,,
A23100915O,0,DA 100 x 915 SQ Cyl.(Mag) Basic,,,,,,,,,
A23125025O,0,DA 125 x 25 SQ Cyl. (Mag) Basic,,,,,,,,,
A23125045O,0,DA 125 x 45 SQ Cyl.(Mag) Basic,,,,,,,,,
A23125050O,0,DA 125 x 50 SQ Cyl. (Mag) Basic,,,,,,,,,
A23125070O,0,DA 125 x 70 SQ Cyl.(Mag) Basic,,,,,,,,,
A23125080O,0,DA 125 x 80 SQ Cyl.(Mag) Basic,,,,,,,,,
A231251000O,0,DA 125 x 1000 SQ Cyl.(Mag) Basic,,,,,,,,,
A23125100O,0,DA 125 x 100 SQ Cyl.(Mag) Basic,,,,,,,,,
A231251050O,0,DA 125 x 1050 SQ Cyl.(Mag) Basic,,,,,,,,,
A231251100L,0,DA 125 x 1100 SQ Cyl.(Mag) Foot mounting,,,,,,,,,
A231251200O,0,DA 125 x 1200 SQ Cyl.(Mag) Basic,,,,,,,,,
A23125125O,0,DA 125 x 125 SQ Cyl.(Mag) Basic,,,,,,,,,
A231251300O,0,DA 125 x 1300 SQ Cyl.(Mag) Basic,,,,,,,,,
A231251400O,0,DA 125 x 1400 SQ Cyl.(Mag) Basic,,,,,,,,,
A231251500O,0,DA 125 x 1500 SQ Cyl.(Mag) Basic,,,,,,,,,
A23125150O,0,DA 125 x 150 SQ Cyl.(Mag) Basic,,,,,,,,,
A23125160O,0,DA 125 x 160 SQ Cyl. (Mag) Basic,,,,,,,,,
A23125180O,0,DA 125 x 180 SQ Cyl.(Mag) Basic,,,,,,,,,
A231252000O,0,DA 125 x 2000 SQ Cyl.(Mag) Basic,,,,,,,,,
A23125200O,0,DA 125 x 200 SQ Cyl.(Mag) Basic,,,,,,,,,
A23125250O,0,DA 125 x 250 SQ Cyl. (Mag) Basic,,,,,,,,,
A23125300O,0,DA 125 x 300 SQ Cyl. (Mag) Basic,,,,,,,,,
A23125320O,0,DA 125 x 320 SQ Cyl. (Mag) Basic,,,,,,,,,
A23125350O,0,DA 125 x 350 SQ Cyl.(Mag) Basic,,,,,,,,,
A23125400O,0,DA 125 x 400 SQ Cyl. (Mag) Basic,,,,,,,,,
A23125450O,0,DA 125 x 450 SQ Cyl.(Mag) Basic,,,,,,,,,
A23125500F,0,DA 125 x 500 SQ Cyl. (Mag) Front flange,,,,,,,,,
A23125500O,0,DA 125 x 500 SQ Cyl. (Mag) Basic,,,,,,,,,
A23125530O,0,DA 125 x 530 SQ Cyl.(Mag) Basic,,,,,,,,,
A23125600O,0,DA 125 x 600 SQ Cyl.(Mag) Basic,,,,,,,,,
A23125700O,0,DA 125 x 700 SQ Cyl.(Mag) Basic,,,,,,,,,
A23125750O,0,DA 125 x 750 SQ Cyl.(Mag) Basic,,,,,,,,,
A23125800O,0,DA 125 x 800 SQ Cyl.(Mag) Basic,,,,,,,,,
A23125900O,0,DA 125 x 900 SQ Cyl.(Mag) Basic,,,,,,,,,
A24032025O,0,DA 32 x 25 SQ Cyl. Basic,,,,,,,,,
A24032030O,0,DA 32 x 30 SQ Cyl. Basic,,,,,,,,,
A24032040D,0,DA 32 x 40 SQ Cyl. Female Clevis,,,,,,,,,
A24032040O,0,DA 32 x 40 SQ Cyl. Basic,,,,,,,,,
A24032050O,0,DA 32 x 50 SQ Cyl. Basic,,,,,,,,,
A24032050S,0,DA 32  x 50 SQ Cyl.  Male clevis,,,,,,,,,
A24032060O,0,DA 32 x 60 SQ Cyl. Basic,,,,,,,,,
A24032075O,0,DA 32 x 75 SQ Cyl. Basic,,,,,,,,,
A24032080O,0,DA 32 x 80 SQ Cyl. Basic,,,,,,,,,
A24032090O,0,DA 32 x 90 SQ Cyl. Basic,,,,,,,,,
A240321000O,0,DA 32 x 1000 SQ Cyl. Basic,,,,,,,,,
A24032100L,0,DA 32 x 100 SQ Cyl. Foot mount,,,,,,,,,
A24032100O,0,DA 32 x 100 SQ Cyl. Basic,,,,,,,,,
A24032100T,0,DA 32 x 100 SQ Cyl. Centre trunnion,,,,,,,,,
A24032110O,0,DA 32 x 110 SQ Cyl. Basic,,,,,,,,,
A24032120O,0,DA 32 x 120 SQ Cyl. Basic,,,,,,,,,
A24032125O,0,DA 32 x 125 SQ Cyl. Basic,,,,,,,,,
A24032130O,0,DA 32 x 130 SQ Cyl. Basic,,,,,,,,,
A24032140O,0,DA 32 x 140 SQ Cyl. Basic,,,,,,,,,
A24032150O,0,DA 32 x 150 SQ Cyl. Basic,,,,,,,,,
A24032160O,0,DA 32 x 160 SQ Cyl. Basic,,,,,,,,,
A24032180O,0,DA 32 x 180 SQ Cyl. Basic,,,,,,,,,
A24032200O,0,DA 32 x 200 SQ Cyl. Basic,,,,,,,,,
A24032250O,0,DA 32 x 250 SQ Cyl. Basic,,,,,,,,,
A24032250S,0,DA 32  x 250 SQ Cyl.  Male clevis,,,,,,,,,
A24032300O,0,DA 32 x 300 SQ Cyl. Basic,,,,,,,,,
A24032300O-H,0,DA 32 x 300 SQ Cyl. High temp Basic,,,,,,,,,
A24032320O,0,DA 32 x 320 SQ Cyl. Basic,,,,,,,,,
A24032350O,0,DA 32 x 350 SQ Cyl. Basic,,,,,,,,,
A24032375O,0,DA 32 x 375 SQ Cyl. Basic,,,,,,,,,
A24032385O,0,DA 32 x 385 SQ Cyl. Basic,,,,,,,,,
A24032400L,0,DA 32 x 400 SQ Cyl. Foot mount,,,,,,,,,
A24032400O,0,DA 32 x 400 SQ Cyl. Basic,,,,,,,,,
A24032400O-S,0,DA 32 x 400 SQ Cyl. Basic,,,,,,,,,
A24032425O,0,DA 32 x 425 SQ Cyl. Basic,,,,,,,,,
A24032450O,0,DA 32 x 450 SQ Cyl. Basic,,,,,,,,,
A24032475O,0,DA 32 x 475 SQ Cyl. Basic,,,,,,,,,
A24032500O,0,DA 32 x 500 SQ Cyl. Basic,,,,,,,,,
A24032500S,0,DA 32  x 500 SQ Cyl.  Male clevis,,,,,,,,,
A24032550O,0,DA 32 x 550 SQ Cyl. Basic,,,,,,,,,
A24032600O,0,DA 32 x 600 SQ Cyl. Basic,,,,,,,,,
A24032700O,0,DA 32 x 700 SQ Cyl. Basic,,,,,,,,,
A24032750O,0,DA 32 x 750 SQ Cyl. Basic,,,,,,,,,
A24032775O,0,DA 32 x 775 SQ Cyl. Basic,,,,,,,,,
A24032800O,0,DA 32 x 800 SQ Cyl. Basic,,,,,,,,,
A24032900O,0,DA 32 x 900 SQ Cyl. Basic,,,,,,,,,
A24040010O,0,DA 40 x 10 SQ Cyl. Basic,,,,,,,,,
A24040015O,0,DA 40 x 15 SQ Cyl. Basic,,,,,,,,,
A24040020O,0,DA 40 x 20 SQ Cyl. Basic,,,,,,,,,
A24040025O,0,DA 40 x 25 SQ Cyl. Basic,,,,,,,,,
A24040025O-H,0,DA 40 x 25 SQ Cyl. High temp Basic,,,,,,,,,
A24040025T,0,DA 40 x 25 SQ Cyl. Centre trunnion,,,,,,,,,
A24040030O,0,DA 40 x 30 SQ Cyl. Basic,,,,,,,,,
A24040032O,0,DA 40 x 32 SQ Cyl. Basic,,,,,,,,,
A24040035O,0,DA 40 x 35 SQ Cyl. Basic,,,,,,,,,
A24040040O,0,DA 40 x 40 SQ Cyl. Basic,,,,,,,,,
A24040050D,0,DA 40 x 50 SQ Cyl. Female Clevis,,,,,,,,,
A24040050F,0,DA 40 x 50 SQ Cyl. Front Flange,,,,,,,,,
A24040050L,0,DA 40 x 50 SQ Cyl. Foot mount,,,,,,,,,
A24040050O,0,DA 40 x 50 SQ Cyl. Basic,,,,,,,,,
A24040050O-H,0,DA 40 x 50 SQ Cyl. High temp Basic,,,,,,,,,
A24040050O-S,0,DA 40 x 50 SQ Cyl. Basic,,,,,,,,,
A24040050S,0,DA 40 x 50 SQ Cyl. Male Clevis,,,,,,,,,
A24040060O,0,DA 40 x 60 SQ Cyl. Basic,,,,,,,,,
A24040063O,0,DA 40 x 63 SQ Cyl. Basic,,,,,,,,,
A24040065O,0,DA 40 x 65 SQ Cyl. Basic,,,,,,,,,
A24040075O,0,DA 40 x 75 SQ Cyl. Basic,,,,,,,,,
A24040080O,0,DA 40 x 80 SQ Cyl. Basic,,,,,,,,,
A24040080O-S,0,DA 40 x 80 SQ Cyl. Basic,,,,,,,,,
A240401000O,0,DA 40 x 1000 SQ Cyl. Basic,,,,,,,,,
A24040100D,0,DA 40 x 100 SQ Cyl. Female clevis,,,,,,,,,
A24040100F,0,DA 40 x 100 SQ Cyl.  Front flange,,,,,,,,,
A24040100O,0,DA 40 x 100 SQ Cyl. Basic,,,,,,,,,
A24040115F,0,DA 40 x 115 SQ Cyl. Front Flange,,,,,,,,,
A24040115O,0,DA 40 x 115 SQ Cyl. Basic,,,,,,,,,
A24040120O,0,DA 40 x 120 SQ Cyl. Basic,,,,,,,,,
A24040125F,0,DA 40 x 125 SQ Cyl. Front Flange,,,,,,,,,
A24040125O,0,DA 40 x 125 SQ Cyl. Basic,,,,,,,,,
A24040125O-H,0,DA 40 x 125 SQ Cyl. High temp Basic,,,,,,,,,
A240401300M,0,DA 40 x 1300 SQ Cyl. Rear Trunnion,,,,,,,,,
A24040140O,0,DA 40 x 140 SQ Cyl. Basic,,,,,,,,,
A240401500O,0,DA 40 x 1500 SQ Cyl. Basic,,,,,,,,,
A24040150O,0,DA 40 x 150 SQ Cyl. Basic,,,,,,,,,
A24040150O-H,0,DA 40 x 150 SQ Cyl. High temp Basic,,,,,,,,,
A24040150O-S,0,DA 40 x 150 SQ Cyl. Basic,,,,,,,,,
A24040160D,0,DA 40  x 160 SQ Cyl. Female clevis,,,,,,,,,
A24040160O,0,DA 40 x 160 SQ Cyl. Basic,,,,,,,,,
A24040160O-S,0,DA 40 x 160 SQ Cyl. Basic,,,,,,,,,
A24040172O,0,DA 40 x 172 SQ Cyl. Basic,,,,,,,,,
A24040175O,0,DA 40 x 175 SQ Cyl. Basic,,,,,,,,,
A24040200F,0,DA 40 x 200 SQ Cyl.  Front flange,,,,,,,,,
A24040200O,0,DA 40 x 200 SQ Cyl. Basic,,,,,,,,,
A24040215O,0,DA 40 x 215 SQ Cyl. Basic,,,,,,,,,
A24040230O,0,DA 40 x  230 SQ Cyl. Basic,,,,,,,,,
A24040240O,0,DA 40 x 240 SQ Cyl. Basic,,,,,,,,,
A24040250L,0,DA 40 x 250 SQ Cyl. Foot mount,,,,,,,,,
A24040250O,0,DA 40 x 250 SQ Cyl. Basic,,,,,,,,,
A24040265D,0,DA 40 x 265 SQ. CYL. FEMALE CLEVIS,,,,,,,,,
A24040300O,0,DA 40 x 300 SQ Cyl. Basic,,,,,,,,,
A24040320O,0,DA 40 x 320 SQ Cyl. Basic,,,,,,,,,
A24040350O,0,DA 40 x 350 SQ Cyl. Basic,,,,,,,,,
A24040400O,0,DA 40 x 400 SQ Cyl. Basic,,,,,,,,,
A24040425O,0,DA 40 x 425 SQ Cyl. Basic,,,,,,,,,
A24040450O,0,DA 40 x 450 SQ Cyl. Basic,,,,,,,,,
A24040500O,0,DA 40 x 500 SQ Cyl. Basic,,,,,,,,,
A24040550O,0,DA 40 x 550 SQ Cyl. Basic,,,,,,,,,
A24040575O,0,DA 40 x 575 SQ Cyl. Basic,,,,,,,,,
A24040584O,0,DA 40 x 584 SQ Cyl. Basic,,,,,,,,,
A24040600O,0,DA 40 x 600 SQ Cyl. Basic,,,,,,,,,
A24040625O,0,DA 40 x 625 SQ Cyl. Basic,,,,,,,,,
A24040650O,0,DA 40 x 650 SQ Cyl. Basic,,,,,,,,,
A24040685O,0,DA 40 x 685 SQ Cyl. Basic,,,,,,,,,
A24040690O,0,DA 40 x 690 SQ Cyl. Basic,,,,,,,,,
A24040695O-H,0,DA 40 x 695 SQ Cyl. High temp Basic,,,,,,,,,
A24040700O,0,DA 40 x 700 SQ Cyl. Basic,,,,,,,,,
A24040705O,0,DA 40 x 705 SQ Cyl. Basic,,,,,,,,,
A24040750O,0,DA 40 x 750 SQ Cyl. Basic,,,,,,,,,
A24040800O,0,DA 40 x 800 SQ Cyl. Basic,,,,,,,,,
A24040840O,0,DA 40 x 840 SQ Cyl. Basic,,,,,,,,,
A24040855O,0,DA 40 x 855 SQ Cyl. Basic,,,,,,,,,
A24040900O,0,DA 40 x 900 SQ Cyl. Basic,,,,,,,,,
A24050010O,0,DA 50 x 10 SQ Cyl. Basic,,,,,,,,,
A24050015O,0,DA 50 x 15 SQ Cyl. Basic,,,,,,,,,
A24050025O,0,DA 50 x 25 SQ Cyl. Basic,,,,,,,,,
A24050025O-H,0,DA 50 x 25 SQ Cyl. High temp Basic,,,,,,,,,
A24050025S,0,DA 50  x 25 SQ Cyl.  Male clevis,,,,,,,,,
A24050030O,0,DA 50 x 30 SQ Cyl. Basic,,,,,,,,,
A24050035O,0,DA 50 x 35 SQ Cyl. Basic,,,,,,,,,
A24050040O,0,DA 50 x 40 SQ Cyl. Basic,,,,,,,,,
A24050050050MO,0,"Multi position Cyl. Dia 50 (50,50) Basic",,,,,,,,,
A24050050D,0,DA 50  x 50 SQ Cyl. Female clevis,,,,,,,,,
A24050050F,0,DA 50 x 50 SQ Cyl.  Front flange,,,,,,,,,
A24050050L,0,DA 50 x 50 SQ Cyl. Foot mount,,,,,,,,,
A24050050O,0,DA 50 x 50 SQ Cyl. Basic,,,,,,,,,
A24050055O,0,DA 50 x 55 SQ Cyl. Basic,,,,,,,,,
A24050060O,0,DA 50 x 60 SQ Cyl. Basic,,,,,,,,,
A24050063O,0,DA 50 x 63 SQ Cyl. Basic,,,,,,,,,
A24050065O,0,DA 50 x 65 SQ Cyl. Basic,,,,,,,,,
A24050070O,0,DA 50 x 70 SQ Cyl. Basic,,,,,,,,,
A24050075O,0,DA 50 x 75 SQ Cyl. Basic,,,,,,,,,
A24050075R,0,DA 50 x 75 SQ Cyl. Rear Flange,,,,,,,,,
A24050080080MO,0,"Multi position Cyl. Dia 50 (080,080) Basic",,,,,,,,,
A24050080O,0,DA 50 x 80 SQ Cyl. Basic,,,,,,,,,
A24050080O-H,0,DA 50 x 80 SQ Cyl. High temp Basic,,,,,,,,,
A240501000O,0,DA 50 x 1000 SQ Cyl. Basic,,,,,,,,,
A24050100D,0,DA 50  x 100 SQ Cyl. Female clevis,,,,,,,,,
A24050100F,0,DA 50 x 100 SQ Cyl.  Front flange,,,,,,,,,
A24050100O,0,DA 50 x 100 SQ Cyl. Basic,,,,,,,,,
A24050100O-S,0,DA 50 x 100 SQ Cyl. Basic,,,,,,,,,
A240501150O,0,DA 50 x 1150 SQ Cyl. Basic,,,,,,,,,
A24050115O,0,DA 50 x 115 SQ Cyl. Basic,,,,,,,,,
A24050115S,0,DA 50 x 115 SQ Cyl. Male Clevis,,,,,,,,,
A240501165O,0,DA 50 x 1165 SQ Cyl. Basic,,,,,,,,,
A240501200O,0,DA 50 x 1200 SQ Cyl. Basic,,,,,,,,,
A24050120O,0,DA 50 x 120 SQ Cyl. Basic,,,,,,,,,
A240501250O,0,DA 50 x 1250 SQ Cyl. Basic,,,,,,,,,
A24050125D,0,DA 50 x 125 SQ Cyl. Female Clevis,,,,,,,,,
A24050125O,0,DA 50 x 125 SQ Cyl. Basic,,,,,,,,,
A240501260O,0,DA 50 x 1260 SQ Cyl. Basic,,,,,,,,,
A24050127O,0,DA 50 x 127 SQ Cyl. Basic,,,,,,,,,
A240501300O,0,DA 50 x 1300 SQ. Cyl. Basic,,,,,,,,,
A24050130O,0,DA 50 x 130 SQ Cyl. Basic,,,,,,,,,
A240501350D,0,DA 50 x 1350 SQ Cyl. Female Clevis,,,,,,,,,
A240501355O,0,DA 50 x 1355 SQ Cyl. Basic,,,,,,,,,
A24050135O,0,DA 50 x 135 SQ Cyl. Basic,,,,,,,,,
A240501400O,0,DA 50 x 1400 SQ Cyl. Basic,,,,,,,,,
A24050140O,0,DA 50 x 140 SQ Cyl. Basic,,,,,,,,,
A240501420O,0,DA 50 x 1420 SQ Cyl. Basic,,,,,,,,,
A240501450L,0,DA 50 x 1450 SQ Cyl. Foot Mount,,,,,,,,,
A240501500L,0,DA 50 x 1500 SQ Cyl. Foot Mount,,,,,,,,,
A240501500O,0,DA 50 x 1500 SQ Cyl. Basic,,,,,,,,,
A24050150F,0,DA 50 x 150 SQ Cyl. Front Flange,,,,,,,,,
A24050150O,0,DA 50 x 150 SQ Cyl. Basic,,,,,,,,,
A240501600O,0,DA 50 x 1600 SQ Cyl. Basic,,,,,,,,,
A24050160N,0,DA 50 x 160 SQ Cyl. Front Trunnion,,,,,,,,,
A24050160O,0,DA 50 x 160 SQ Cyl. Basic,,,,,,,,,
A24050160O-S,0,DA 50 x 160 SQ Cyl. Basic,,,,,,,,,
A24050170O,0,DA 50 x 170 SQ Cyl. Basic,,,,,,,,,
A24050175O,0,DA 50 x 175 SQ Cyl. Basic,,,,,,,,,
A240501800O,0,DA 50 x 1800 SQ Cyl. Basic,,,,,,,,,
A24050180D,0,DA 50 x 180 SQ Cyl. Female Clevis,,,,,,,,,
A24050180O,0,DA 50 x 180 SQ Cyl. Basic,,,,,,,,,
A24050180O-S,0,DA 50 x 180 SQ Cyl. Basic,,,,,,,,,
A240502000O,0,DA 50 x 2000 SQ Cyl. Basic,,,,,,,,,
A24050200L-H,0,DA 50 x 200 SQ Cyl. High temp Foot Mount,,,,,,,,,
A24050200O,0,DA 50 x 200 SQ Cyl. Basic,,,,,,,,,
A24050220O,0,DA 50 x 220 SQ Cyl. Basic,,,,,,,,,
A24050225O,0,DA 50 x 225 SQ Cyl. Basic,,,,,,,,,
A24050240O,0,DA 50 x 240 SQ Cyl. Basic,,,,,,,,,
A24050241O,0,DA 50 x 241 SQ Cyl. Basic,,,,,,,,,
A24050250D,0,DA 50  x 250 SQ Cyl. Female clevis,,,,,,,,,
A24050250O,0,DA 50 x 250 SQ Cyl. Basic,,,,,,,,,
A24050250S,0,DA 50  x 250 SQ Cyl.  Male clevis,,,,,,,,,
A24050260F,0,DA 50 x 260 SQ Cyl. Front Flange,,,,,,,,,
A24050260O,0,DA 50 x 260 SQ Cyl. Basic,,,,,,,,,
A24050275O,0,DA 50 x 275 SQ Cyl. Basic,,,,,,,,,
A24050280O,0,DA 50 x 280 SQ Cyl. Basic,,,,,,,,,
A24050290O,0,DA 50 x 290 SQ Cyl. Basic,,,,,,,,,
A24050300O,0,DA 50 x 300 SQ Cyl. Basic,,,,,,,,,
A24050320O,0,DA 50 x 320 SQ Cyl. Basic,,,,,,,,,
A24050350O,0,DA 50 x 350 SQ Cyl. Basic,,,,,,,,,
A24050375O,0,DA 50 x 375 SQ Cyl. Basic,,,,,,,,,
A24050400O,0,DA 50 x 400 SQ Cyl. Basic,,,,,,,,,
A24050450O,0,DA 50 x 450 SQ Cyl. Basic,,,,,,,,,
A24050500O,0,DA 50 x 500 SQ Cyl. Basic,,,,,,,,,
A24050500T,0,DA 50 x 500 SQ Cyl. Centre trunnion,,,,,,,,,
A24050525O,0,DA 50 x 525 SQ Cyl. Basic,,,,,,,,,
A24050550O,0,DA 50 x 550 SQ Cyl. Basic,,,,,,,,,
A24050560O,0,DA 50 x 560 SQ. Cyl. Basic,,,,,,,,,
A24050575O,0,DA 50 x 575 SQ Cyl. Basic,,,,,,,,,
A24050600O,0,DA 50 x 600 SQ Cyl. Basic,,,,,,,,,
A24050650O,0,DA 50 x 650 SQ Cyl. Basic,,,,,,,,,
A24050680O,0,DA 50 x 680 SQ Cyl. Basic,,,,,,,,,
A24050700O,0,DA 50 x 700 SQ Cyl. Basic,,,,,,,,,
A24050750O,0,DA 50 x 750 SQ Cyl. Basic,,,,,,,,,
A24050775O,0,DA 50 x 775 SQ Cyl. Basic,,,,,,,,,
A24050800O,0,DA 50 x 800 SQ Cyl. Basic,,,,,,,,,
A24050850O,0,DA 50 x 850 SQ Cyl. Basic,,,,,,,,,
A24050871O-H,0,DA 50 x 871 SQ Cyl. High temp Basic,,,,,,,,,
A24050900O,0,DA 50 x 900 SQ Cyl. Basic,,,,,,,,,
A24063015O,0,DA 63 x 15 SQ Cyl. Basic,,,,,,,,,
A24063025O,0,DA 63 x 25 SQ Cyl. Basic,,,,,,,,,
A24063025O-H,0,DA 63 x 25 SQ Cyl.High temp Basic,,,,,,,,,
A24063030O,0,DA 63 x 30 SQ Cyl. Basic,,,,,,,,,
A24063032O,0,DA 63 x 32 SQ Cyl. Basic,,,,,,,,,
A24063040O,0,DA 63 x 40 SQ Cyl. Basic,,,,,,,,,
A24063050F,0,DA 63 x 50 SQ Cyl.  Front flange,,,,,,,,,
A24063050O,0,DA 63 x 50 SQ Cyl. Basic,,,,,,,,,
A24063050O-H,0,DA 63 x 050 SQ Cyl.  High temp Basic,,,,,,,,,
A24063050O-S,0,DA 63 x 50 SQ Cyl. Basic,,,,,,,,,
A24063060O,0,DA 63 x 60 SQ Cyl. Basic,,,,,,,,,
A24063070O,0,DA 63 x 70 SQ Cyl. Basic,,,,,,,,,
A24063075O,0,DA 63 x 75 SQ Cyl. Basic,,,,,,,,,
A24063080080MO,0,"Multi position Cyl. Dia 63 (80,80) Basic",,,,,,,,,
A24063080G,0,DA 63 x 80 SQ Cyl. Male clevis (SPH),,,,,,,,,
A24063080O,0,DA 63 x 80 SQ Cyl. Basic,,,,,,,,,
A24063090O,0,DA 63 x 90 SQ Cyl. Basic,,,,,,,,,
A240631000F,0,DA 63 x 1000 SQ Cyl. Front Flange,,,,,,,,,
A240631000L,0,DA 63 x 1000 SQ Cyl. Foot Mount,,,,,,,,,
A240631000O,0,DA 63 x 1000 SQ Cyl. Basic,,,,,,,,,
A240631000O-S,0,DA 63 x 1000 SQ Cyl. Basic,,,,,,,,,
A24063100100MO,0,"Multi position Cyl. Dia 63 (100,100) Basic",,,,,,,,,
A240631005O,0,DA 63 x 1005 SQ Cyl. Basic,,,,,,,,,
A24063100D,0,DA 63 x 100 SQ Cyl. Female Clevis,,,,,,,,,
A24063100O,0,DA 63 x 100 SQ Cyl. Basic,,,,,,,,,
A24063100O-S,0,DA 63 x 100 SQ Cyl. Basic,,,,,,,,,
A240631010O,0,DA 63 x 1010 SQ Cyl. Basic,,,,,,,,,
A240631020L,0,DA 63 x 1020 SQ Cyl. Foot Mount,,,,,,,,,
A240631025O,0,DA 63 x 1025 SQ Cyl. Basic,,,,,,,,,
A240631026O,0,DA 63 x 1026 SQ Cyl. Basic,,,,,,,,,
A240631040O,0,DA 63 x 1040 SQ Cyl. Basic,,,,,,,,,
A240631050O,0,DA 63 x 1050 SQ Cyl. Basic,,,,,,,,,
A240631060O,0,DA 63 x 1060 SQ Cyl. Basic,,,,,,,,,
A240631090O,0,DA 63 x 1090 SQ Cyl. Basic,,,,,,,,,
A24063110O,0,DA 63 x 110 SQ Cyl. Basic,,,,,,,,,
A240631125O,0,DA 63 x 1125 SQ Cyl. Basic,,,,,,,,,
A240631140O,0,DA 63 x 1140 SQ Cyl. Basic,,,,,,,,,
A240631145O,0,DA 63 x 1145 SQ Cyl. Basic,,,,,,,,,
A24063115O,0,DA 63 x 115 SQ Cyl. Basic,,,,,,,,,
A240631160O,0,DA 63 x 1160 SQ Cyl. Basic,,,,,,,,,
A240631200O,0,DA 63 x 1200 SQ Cyl. Basic,,,,,,,,,
A24063120O,0,DA 63 x 120 SQ Cyl. Basic,,,,,,,,,
A24063125D,0,DA 63 x 125 SQ Cyl. Female Clevis,,,,,,,,,
A24063125N,0,DA 63 x 125 SQ Cyl. Front Trunnion,,,,,,,,,
A24063125O,0,DA 63 x 125 SQ Cyl. Basic,,,,,,,,,
A24063125O-S,0,DA 63 x 125 SQ Cyl. Basic,,,,,,,,,
A240631260O,0,DA 63 x 1260 SQ Cyl. Basic,,,,,,,,,
A240631295O,0,DA 63 x 1295 SQ Cyl. Basic,,,,,,,,,
A240631310O,0,DA 63 x 1310 SQ Cyl. Basic,,,,,,,,,
A240631325O,0,DA 63 x 1325 SQ Cyl. Basic,,,,,,,,,
A240631345O,0,DA 63 x 1345 SQ Cyl. Basic,,,,,,,,,
A24063135O,0,DA 63 x 135 SQ Cyl. Basic,,,,,,,,,
A24063140O,0,DA 63 x 140 SQ Cyl. Basic,,,,,,,,,
A240631445O,0,DA 63 x 1445 SQ Cyl. Basic,,,,,,,,,
A24063145O,0,DA 63 x 145 SQ Cyl. Basic,,,,,,,,,
A240631500O,0,DA 63 x 1500 SQ Cyl. Basic,,,,,,,,,
A24063150O,0,DA 63 x 150 SQ Cyl. Basic,,,,,,,,,
A24063154O,0,DA 63 x 154 SQ Cyl. Basic,,,,,,,,,
A24063160O,0,DA 63 x 160 SQ Cyl. Basic,,,,,,,,,
A24063160O-S,0,DA 63 x 160 SQ Cyl. Basic,,,,,,,,,
A240631610O,0,DA 63 x 1610 SQ Cyl. Basic,,,,,,,,,
A240631625O,0,DA 63 x 1625 SQ Cyl. Basic,,,,,,,,,
A240631683O,0,DA 63 x 1683 SQ Cyl. Basic,,,,,,,,,
A240631700O-H,0,DA 63 x 1700 SQ Cyl.High temp Basic,,,,,,,,,
A24063175O,0,DA 63 x 175 SQ Cyl. Basic,,,,,,,,,
A24063185O,0,DA 63 x 185 SQ Cyl. Basic,,,,,,,,,
A24063190F,0,DA 63 x 190 SQ Cyl.  Front flange,,,,,,,,,
A240632000O,0,DA 63 x 2000 SQ Cyl. Basic,,,,,,,,,
A24063200D,0,DA 63  x 200 SQ Cyl. Female clevis,,,,,,,,,
A24063200N,0,DA 63 x 200 SQ Cyl. Front Trunnion,,,,,,,,,
A24063200O,0,DA 63 x 200 SQ Cyl. Basic,,,,,,,,,
A24063220O,0,DA 63 x 220 SQ Cyl. Basic,,,,,,,,,
A24063225O,0,DA 63 x 225 SQ Cyl. Basic,,,,,,,,,
A24063240O,0,DA 63 x 240 SQ Cyl. Basic,,,,,,,,,
A24063245O,0,DA 63 x 245 SQ Cyl. Basic,,,,,,,,,
A24063250O,0,DA 63 x 250 SQ Cyl. Basic,,,,,,,,,
A24063250O-S,0,DA 63 x 250 SQ Cyl. Basic,,,,,,,,,
A24063250S,0,DA 63  x 250 SQ Cyl.  Male clevis,,,,,,,,,
A24063260O,0,DA 63 x 260 SQ Cyl. Basic,,,,,,,,,
A24063275O,0,DA 63 x 275 SQ Cyl. Basic,,,,,,,,,
A24063300F,0,DA 63 x 300 SQ Cyl.  Front flange,,,,,,,,,
A24063300O,0,DA 63 x 300 SQ Cyl. Basic,,,,,,,,,
A24063320O,0,DA 63 x 320 SQ Cyl. Basic,,,,,,,,,
A24063350O,0,DA 63 x 350 SQ Cyl. Basic,,,,,,,,,
A24063400O,0,DA 63 x 400 SQ Cyl. Basic,,,,,,,,,
A24063400R,0,DA 63 x 400 SQ Cyl.  Rear flange,,,,,,,,,
A24063410O,0,DA 63 x 410 SQ Cyl. Basic,,,,,,,,,
A24063425O,0,DA 63 x 425 SQ Cyl. Basic,,,,,,,,,
A24063430O,0,DA 63 x 430 SQ Cyl. Basic,,,,,,,,,
A24063450O,0,DA 63 x 450 SQ Cyl. Basic,,,,,,,,,
A24063500O,0,DA 63 x 500 SQ Cyl. Basic,,,,,,,,,
A24063510O,0,DA 63 x 510 SQ Cyl. Basic,,,,,,,,,
A24063520O,0,DA 63 x 520 SQ Cyl. Basic,,,,,,,,,
A24063545O,0,DA 63 x 545 SQ Cyl. Basic,,,,,,,,,
A24063550O,0,DA 63 x 550 SQ Cyl. Basic,,,,,,,,,
A24063560O,0,DA 63 x 560 SQ Cyl. Basic,,,,,,,,,
A24063580O,0,DA 63 x 580 SQ Cyl. Basic,,,,,,,,,
A24063600O,0,DA 63 x 600 SQ Cyl. Basic,,,,,,,,,
A24063600O-S,0,DA 63 x 600 SQ Cyl. Basic,,,,,,,,,
A24063650O,0,DA 63 x 650 SQ Cyl. Basic,,,,,,,,,
A24063670O,0,DA 63 x 670 SQ Cyl. Basic,,,,,,,,,
A24063680O,0,DA 63 x 680 SQ Cyl. Basic,,,,,,,,,
A24063695O,0,DA 63 x 695 SQ Cyl. Basic,,,,,,,,,
A24063695O-H,0,DA 63 x 695 SQ Cyl.High temp Basic,,,,,,,,,
A24063697O,0,DA 63 x 697 SQ Cyl. Basic,,,,,,,,,
A24063700O,0,DA 63 x 700 SQ Cyl. Basic,,,,,,,,,
A24063705O,0,DA 63 x 705 SQ Cyl. Basic,,,,,,,,,
A24063710O,0,DA 63 x 710 SQ Cyl. Basic,,,,,,,,,
A24063750O,0,DA 63 x 750 SQ Cyl. Basic,,,,,,,,,
A24063795O,0,DA 63 x 795 SQ Cyl. Basic,,,,,,,,,
A24063800O,0,DA 63 x 800 SQ Cyl. Basic,,,,,,,,,
A24063825O,0,DA 63 x 825 SQ Cyl. Basic,,,,,,,,,
A24063840O,0,DA 63 x 840 SQ Cyl. Basic,,,,,,,,,
A24063850O,0,DA 63 x 850 SQ Cyl. Basic,,,,,,,,,
A24063860O,0,DA 63 x 860 SQ Cyl. Basic,,,,,,,,,
A24063875O,0,DA 63 x 875 SQ Cyl. Basic,,,,,,,,,
A24063895O,0,DA 63 x 895 SQ Cyl. Basic,,,,,,,,,
A24063900O,0,DA 63 x 900 SQ Cyl. Basic,,,,,,,,,
A24063950O,0,DA 63 x 950 SQ Cyl. Basic,,,,,,,,,
A24063990O,0,DA 63 x 990 SQ Cyl. Basic,,,,,,,,,
A24063990O-H,0,DA 63 x 990 SQ Cyl.High temp Basic,,,,,,,,,
A24080025O,0,DA 80 x 25 SQ Cyl. Basic,,,,,,,,,
A24080030O,0,DA 80 x 30 SQ Cyl. Basic,,,,,,,,,
A24080035O,0,DA 80 x 35 SQ Cyl. Basic,,,,,,,,,
A24080040O,0,DA 80 x 40 SQ Cyl. Basic,,,,,,,,,
A24080050F,0,DA 80 x 50 SQ Cyl.  Front flange,,,,,,,,,
A24080050O,0,DA 80 x 50 SQ Cyl. Basic,,,,,,,,,
A24080060O,0,DA 80 x 60 SQ Cyl. Basic,,,,,,,,,
A24080065O,0,DA 80 x 65 SQ Cyl. Basic,,,,,,,,,
A24080070O,0,DA 80 x 70 SQ Cyl. Basic,,,,,,,,,
A24080075O,0,DA 80 x 75 SQ Cyl. Basic,,,,,,,,,
A24080075S,0,DA 80 x 75 SQ Cyl. Male Clevis,,,,,,,,,
A24080080F,0,DA 80 x 80 SQ Cyl.  Front flange,,,,,,,,,
A24080080O,0,DA 80 x 80 SQ Cyl. Basic,,,,,,,,,
A24080080S,0,DA 80 x 80 SQ Cyl. Male Clevis,,,,,,,,,
A24080090O,0,DA 80 x 90 SQ Cyl. Basic,,,,,,,,,
A24080095O,0,DA 80 x 95 SQ Cyl. Basic,,,,,,,,,
A240801000O,0,DA 80 x 1000 SQ Cyl. Basic,,,,,,,,,
A24080100O,0,DA 80 x 100 SQ Cyl. Basic,,,,,,,,,
A240801100O,0,DA 80 x 1100 SQ Cyl. Basic,,,,,,,,,
A24080110O,0,DA 80 x 110 SQ Cyl. Basic,,,,,,,,,
A240801115O,0,DA 80 x 1115 SQ Cyl. Basic,,,,,,,,,
A24080115O-H,0,DA 80 x 115 SQ Cyl. High temp Basic,,,,,,,,,
A240801200O,0,DA 80 x 1200 SQ Cyl. Basic,,,,,,,,,
A240801255O,0,DA 80 x 1255 SQ Cyl. Basic,,,,,,,,,
A24080125F,0,DA 80 x 125 SQ Cyl.  Front flange,,,,,,,,,
A24080125O,0,DA 80 x 125 SQ Cyl. Basic,,,,,,,,,
A240801300O,0,DA 80 x 1300 SQ Cyl. Basic,,,,,,,,,
A24080135O,0,DA 80 x 135 SQ Cyl. Basic,,,,,,,,,
A24080140O,0,DA 80 x 140 SQ Cyl. Basic,,,,,,,,,
A240801500O,0,DA 80 x 1500 SQ Cyl. Basic,,,,,,,,,
A240801500O-S,0,DA 80 x 1500 SQ Cyl. Basic,,,,,,,,,
A24080150O,0,DA 80 x 150 SQ Cyl. Basic,,,,,,,,,
A240801510O,0,DA 80 x 1510 SQ Cyl. Basic,,,,,,,,,
A24080160O,0,DA 80 x 160 SQ Cyl. Basic,,,,,,,,,
A24080165O,0,DA 80 x 165 SQ Cyl. Basic,,,,,,,,,
A240801700O,0,DA 80 x 1700 SQ Cyl. Basic,,,,,,,,,
A24080180O,0,DA 80 x 180 SQ Cyl. Basic,,,,,,,,,
A240802000O,0,DA 80 x 2000 SQ Cyl. Basic,,,,,,,,,
A24080200D,0,DA 80  x 200 SQ Cyl. Female clevis,,,,,,,,,
A24080200O,0,DA 80 x 200 SQ Cyl. Basic,,,,,,,,,
A240802100O,0,DA 80 x 2100 SQ Cyl. Basic,,,,,,,,,
A24080210O,0,DA 80 x 210 SQ Cyl. Basic,,,,,,,,,
A24080220O,0,DA 80 x 220 SQ Cyl. Basic,,,,,,,,,
A24080240O,0,DA 80 x 240 SQ Cyl. Basic,,,,,,,,,
A24080250D,0,DA 80  x 250 SQ Cyl. Female clevis,,,,,,,,,
A24080250F,0,DA 80 x 250 SQ Cyl.  Front flange,,,,,,,,,
A24080250N,0,DA 80 x 250 SQ Cyl. Front Trunnion,,,,,,,,,
A24080250O,0,DA 80 x 250 SQ Cyl. Basic,,,,,,,,,
A24080290O,0,DA 80 x 290 SQ Cyl. Basic,,,,,,,,,
A24080290T,0,DA 80 x 290 SQ Cyl. Centre Trunnion,,,,,,,,,
A24080300O,0,DA 80 x 300 SQ Cyl. Basic,,,,,,,,,
A24080300T,0,DA 80 x 300 SQ Cyl. Centre Trunnion,,,,,,,,,
A24080320F,0,DA 80 x 320 SQ Cyl.  Front flange,,,,,,,,,
A24080320N,0,DA 80 x 320 SQ Cyl. Front Trunnion,,,,,,,,,
A24080320O,0,DA 80 x 320 SQ Cyl. Basic,,,,,,,,,
A24080325O,0,DA 80 x 325 SQ Cyl. Basic,,,,,,,,,
A24080350O,0,DA 80 x 350 SQ Cyl. Basic,,,,,,,,,
A24080385N,0,DA 80 x 385 SQ Cyl. Front Trunnion,,,,,,,,,
A24080385O,0,DA 80 x 385 SQ Cyl. Basic,,,,,,,,,
A24080400F,0,DA 80 x 400 SQ Cyl.  Front flange,,,,,,,,,
A24080400O,0,DA 80 x 400 SQ Cyl. Basic,,,,,,,,,
A24080420N,0,DA 80 x 420 SQ Cyl. Front Trunnion,,,,,,,,,
A24080445O,0,DA 80 x 445 SQ Cyl. Basic,,,,,,,,,
A24080450F,0,DA 80 x 450 SQ Cyl. Front Flange,,,,,,,,,
A24080450O,0,DA 80 x 450 SQ Cyl. Basic,,,,,,,,,
A24080475O,0,DA 80 x 475 SQ Cyl. Basic,,,,,,,,,
A24080500O,0,DA 80 x 500 SQ Cyl. Basic,,,,,,,,,
A24080500S,0,DA 80  x 500 SQ Cyl.  Male clevis,,,,,,,,,
A24080550O,0,DA 80 x 550 SQ Cyl. Basic,,,,,,,,,
A24080600L,0,DA 80 x 600 SQ Cyl. Foot Mount,,,,,,,,,
A24080600O,0,DA 80 x 600 SQ Cyl. Basic,,,,,,,,,
A24080650O,0,DA 80 x 650 SQ Cyl. Basic,,,,,,,,,
A24080700O,0,DA 80 x 700 SQ Cyl. Basic,,,,,,,,,
A24080700O-H,0,DA 80 x 700 SQ Cyl. High temp Basic,,,,,,,,,
A24080750O,0,DA 80 x 750 SQ Cyl. Basic,,,,,,,,,
A24080800O,0,DA 80 x 800 SQ Cyl. Basic,,,,,,,,,
A24080800O-B,0,DA 80 x 800 SQ Cyl. Basic with Bellow,,,,,,,,,
A24080825O,0,DA 80 x 825 SQ Cyl. Basic,,,,,,,,,
A24080830O,0,DA 80 x 830 SQ Cyl. Basic,,,,,,,,,
A24080850O,0,DA 80 x 850 SQ Cyl. Basic,,,,,,,,,
A24080900O,0,DA 80 x 900 SQ Cyl. Basic,,,,,,,,,
A24080950O,0,DA 80 x 950 SQ Cyl. Basic,,,,,,,,,
A24080950O-S,0,DA 80 x 950 SQ Cyl. Basic,,,,,,,,,
A24100025O,0,DA 100 x 25 SQ Cyl. Basic,,,,,,,,,
A24100030O,0,DA 100 x 30 SQ Cyl. Basic,,,,,,,,,
A24100040080MO,0,"Multi position Cyl. Dia 100 (40,80) Basic",,,,,,,,,
A24100040O,0,DA 100 x 40 SQ Cyl. Basic,,,,,,,,,
A24100050D,0,DA 100 x 50 SQ Cyl. Female clevis,,,,,,,,,
A24100050O,0,DA 100 x 50 SQ Cyl. Basic,,,,,,,,,
A24100060O,0,DA 100 x 60 SQ Cyl. Basic,,,,,,,,,
A24100065O,0,DA 100 x 65 Sq. Cyl. Basic,,,,,,,,,
A24100075O,0,DA 100 x 75 SQ Cyl. Basic,,,,,,,,,
A24100080040MO,0,"Multi position Cyl. Dia 100 (80,40) Basic",,,,,,,,,
A24100080O,0,DA 100 x 80 SQ Cyl. Basic,,,,,,,,,
A24100080O-S,0,DA 100 x 80 SQ Cyl. Basic,,,,,,,,,
A24100090O,0,DA 100 x 90 SQ Cyl. Basic,,,,,,,,,
A24100095O,0,DA 100 x 95 SQ Cyl. Basic,,,,,,,,,
A241001000O,0,DA 100 x 1000 SQ Cyl. Basic,,,,,,,,,
A24100100O,0,DA 100 x 100 SQ Cyl. Basic,,,,,,,,,
A24100110O,0,DA 100 x 110 SQ Cyl. Basic,,,,,,,,,
A24100115O,0,DA 100 x 115 SQ Cyl. Basic,,,,,,,,,
A241001200O,0,DA 100 x 1200 SQ Cyl. Basic,,,,,,,,,
A24100120D,0,DA 100 x 120 SQ Cyl. Female Clevis,,,,,,,,,
A24100120O,0,DA 100 x 120 SQ Cyl. Basic,,,,,,,,,
A241001250O,0,DA 100 x 1250 SQ Cyl. Basic,,,,,,,,,
A24100125O,0,DA 100 x 125 SQ Cyl. Basic,,,,,,,,,
A24100127O,0,DA 100 x 127 SQ Cyl. Basic,,,,,,,,,
A241001300O,0,DA 100 x 1300 SQ Cyl. Basic,,,,,,,,,
A241001400O,0,DA 100 x 1400 SQ Cyl. Basic,,,,,,,,,
A24100140O,0,DA 100 x 140 SQ Cyl. Basic,,,,,,,,,
A24100141O,0,DA 100 x 141 SQ Cyl. Basic,,,,,,,,,
A241001500O,0,DA 100 x 1500 SQ Cyl. Basic,,,,,,,,,
A24100150O,0,DA 100 x 150 SQ Cyl. Basic,,,,,,,,,
A24100156O,0,DA 100 x 156 SQ Cyl. Basic,,,,,,,,,
A241001600O-S,0,DA 100 x 1600 SQ Cyl. Basic,,,,,,,,,
A24100160O,0,DA 100 x 160 SQ Cyl. Basic,,,,,,,,,
A24100165O,0,DA 100 x 165 SQ Cyl. Basic,,,,,,,,,
A241001700O,0,DA 100 x 1700 SQ Cyl. Basic,,,,,,,,,
A24100170O,0,DA 100 x 170 SQ Cyl. Basic,,,,,,,,,
A24100175O,0,DA 100 x 175 SQ Cyl. Basic,,,,,,,,,
A24100180O,0,DA 100 x 180 SQ Cyl. Basic,,,,,,,,,
A24100200O,0,DA 100 x 200 SQ Cyl. Basic,,,,,,,,,
A24100200O-S,0,DA 100 x 200 SQ Cyl. Basic,,,,,,,,,
A24100225O,0,DA 100 x 225 SQ Cyl. Basic,,,,,,,,,
A24100230O,0,DA 100 x 230 SQ Cyl. Basic,,,,,,,,,
A24100240O,0,DA 100 x 240 SQ Cyl. Basic,,,,,,,,,
A24100250F,0,DA 100 x 250 SQ Cyl. Front flange,,,,,,,,,
A24100250O,0,DA 100 x 250 SQ Cyl. Basic,,,,,,,,,
A24100250O-H,0,DA 100 x 250 SQ Cyl.  High temp Basic,,,,,,,,,
A24100260O,0,DA 100 x 260 SQ Cyl. Basic,,,,,,,,,
A24100275O,0,DA 100 x 275 SQ Cyl. Basic,,,,,,,,,
A24100300O,0,DA 100 x 300 SQ Cyl. Basic,,,,,,,,,
A24100320O,0,DA 100 x 320 SQ Cyl. Basic,,,,,,,,,
A24100325O,0,DA 100 x 325 SQ Cyl. Basic,,,,,,,,,
A24100350O,0,DA 100 x 350 SQ Cyl. Basic,,,,,,,,,
A24100380D,0,DA 100 x 380 SQ Cyl. Female Clevis,,,,,,,,,
A24100400O,0,DA 100 x 400 SQ Cyl. Basic,,,,,,,,,
A24100420O,0,DA 100 x 420 SQ Cyl. Basic,,,,,,,,,
A24100430O-H,0,DA 100 x 430 SQ Cyl. High temp Basic,,,,,,,,,
A24100450O,0,DA 100 x 450 SQ Cyl. Basic,,,,,,,,,
A24100500F,0,DA 100 x 500 SQ Cyl. Front flange,,,,,,,,,
A24100500O,0,DA 100 x 500 SQ Cyl. Basic,,,,,,,,,
A24100550O,0,DA 100 x 550 SQ Cyl. Basic,,,,,,,,,
A24100600F,0,DA 100 x 600 SQ Cyl. Front Flange,,,,,,,,,
A24100600O,0,DA 100 x 600 SQ Cyl. Basic,,,,,,,,,
A24100630F,0,DA 100 x 630 SQ Cyl. Front Flange,,,,,,,,,
A24100650O,0,DA 100 x 650 SQ Cyl. Basic,,,,,,,,,
A24100650O-H,0,DA 100 x 650 SQ Cyl. High temp Basic,,,,,,,,,
A24100675O,0,DA 100 x 675 SQ Cyl. Basic,,,,,,,,,
A24100700O,0,DA 100 x 700 SQ Cyl. Basic,,,,,,,,,
A24100750O,0,DA 100 x 750 SQ Cyl. Basic,,,,,,,,,
A24100800O,0,DA 100 x 800 SQ Cyl. Basic,,,,,,,,,
A24100800R,0,DA 100 x 800 SQ Cyl. Rear Flange,,,,,,,,,
A24100900O,0,DA 100 x 900 SQ Cyl. Basic,,,,,,,,,
A24100950O,0,DA 100 x 950 SQ Cyl. Basic,,,,,,,,,
A24125025O,0,DA 125 x 25 SQ Cyl.  Basic,,,,,,,,,
A24125030O,0,DA 125 x 30 SQ Cyl. Basic,,,,,,,,,
A24125050D,0,DA 125 x 50 SQ Cyl. Female clevis,,,,,,,,,
A24125050O,0,DA 125 x 50 SQ Cyl.  Basic,,,,,,,,,
A24125060O,0,DA 125 x 60 SQ Cyl. Basic,,,,,,,,,
A24125075O,0,DA 125 x 75 SQ Cyl. Basic,,,,,,,,,
A24125100O,0,DA 125 x 100 SQ Cyl. Basic,,,,,,,,,
A24125125O,0,DA 125 x 125 SQ Cyl. Basic,,,,,,,,,
A24125150O,0,DA 125 x 150 SQ Cyl. Basic,,,,,,,,,
A24125160O,0,DA 125 x 160 SQ Cyl. Basic,,,,,,,,,
A24125180O,0,DA 125 x 180 SQ Cyl. Basic,,,,,,,,,
A24125200O,0,DA 125 x 200 SQ Cyl.  Basic,,,,,,,,,
A24125210O,0,DA 125 x 210 SQ Cyl. Basic,,,,,,,,,
A24125235O,0,DA 125 x 235 SQ Cyl. Basic,,,,,,,,,
A24125250O,0,DA 125 x 250 SQ Cyl. Basic,,,,,,,,,
A24125320O,0,DA 125 x 320 SQ Cyl.  Basic,,,,,,,,,
A24125350O,0,DA 125 x 350 SQ Cyl. Basic,,,,,,,,,
A24125365O,0,DA 125 x 365 SQ Cyl. Basic,,,,,,,,,
A24125400O,0,DA 125 x 400 SQ Cyl.  Basic,,,,,,,,,
A24125450O,0,DA 125 x 450 SQ Cyl. Basic,,,,,,,,,
A24125500O,0,DA 125 x 500 SQ Cyl.  Basic,,,,,,,,,
A24125600O,0,DA 125 x 600 SQ Cyl. Basic,,,,,,,,,
A24125700O,0,DA 125 x 700 SQ Cyl. Basic,,,,,,,,,
A24125750O,0,DA 125 x 750 SQ Cyl. Basic,,,,,,,,,
A24125850O,0,DA 125 x 850 SQ Cyl. Basic,,,,,,,,,
A24N063100O,0,DA 63 x 100 SQ Cyl. Basic (NPT),,,,,,,,,
A24N063125O,0,DA 63 X 125 SQ Cyl. Basic (NPT),,,,,,,,,
A24N063150O,0,DA 63 x 150 SQ Cyl. Basic (NPT),,,,,,,,,
A24N063175O,0,DA 63 x 175 SQ Cyl. Basic (NPT),,,,,,,,,
A25032080O,0,DA 32 x 80 Cyl.(Mag) (DE) Basic,,,,,,,,,
A25032125O,0,DA 32 x 125 Cyl.(Mag) (DE) Basic,,,,,,,,,
A25040080O,0,DA 40 x 80 Cyl.(Mag) (DE) Basic,,,,,,,,,
A25050070L,0,DA 50 x 70 Cyl.(Mag) (DE) Foot mount,,,,,,,,,
A25050080O,0,DA 50 x 80 Cyl.(Mag) (DE) Basic,,,,,,,,,
A25050160O,0,DA 50 x 160 Cyl.(Mag) (DE) Basic,,,,,,,,,
A25080080O,0,DA 80 x 80 Cyl.(Mag) (DE) Basic,,,,,,,,,
A25080125O,0,DA 80 x 125 Cyl.(Mag) (DE) Basic,,,,,,,,,
A25100080O,0,DA 100 x 80 Cyl.(Mag) (DE) Basic,,,,,,,,,
A25100250O,0,DA 100 x 250 Cyl.(Mag) (DE) Basic,,,,,,,,,
A26032025O,0,DA 32 x 25 Cyl. (DE) Basic,,,,,,,,,
A26032050O,0,DA 32 x 50 Cyl. (DE) Basic,,,,,,,,,
A26032080O,0,DA 32 x 80 Cyl. (DE) Basic,,,,,,,,,
A26040025O,0,DA 40 x 25 Cyl. (DE) Basic,,,,,,,,,
A26040050O,0,DA 40 x 50 Cyl. (DE) Basic,,,,,,,,,
A26040160O,0,DA 40 x 160 Cyl. (DE) Basic,,,,,,,,,
A26050040O-H,0,DA 50 x 40 Cyl. (DE) High temp Basic,,,,,,,,,
A26050050O,0,DA 50 x 50 Cyl. (DE) Basic,,,,,,,,,
A26050100O,0,DA 50 x 100 Cyl. (DE) Basic,,,,,,,,,
A26050950O,0,DA 50 x 950 Cyl. (DE) Basic,,,,,,,,,
A26063050O,0,DA 63 x 50 Cyl. (DE) Basic,,,,,,,,,
A26063125O,0,DA 63 x 125 Cyl. (DE) Basic,,,,,,,,,
A26063300O,0,DA 63 x 300 Cyl. (DE) Basic,,,,,,,,,
A26063950O,0,DA 63 x 950 Cyl. (DE) Basic,,,,,,,,,
A26080050O,0,DA 80 x 50 Cyl. (DE) Basic,,,,,,,,,
A26080080O,0,DA 80 x 80 Cyl. (DE) Basic,,,,,,,,,
A26080100O,0,DA 80 x 100 Cyl. (DE) Basic,,,,,,,,,
A26080125O,0,DA 80 x 125 Cyl. (DE) Basic,,,,,,,,,
A26080160O,0,DA 80 x 160 Cyl. (DE) Basic,,,,,,,,,
A26080200F,0,DA 80 x 200 Cyl. (DE) Flange,,,,,,,,,
A26080200O,0,DA 80 x 200 Cyl. (DE) Basic,,,,,,,,,
A26080250O,0,DA 80 x 250 Cyl. (DE) Basic,,,,,,,,,
A26080300O,0,DA 80 x 300 Cyl. (DE) Basic,,,,,,,,,
A26080320O,0,DA 80 x 320 Cyl. (DE) Basic,,,,,,,,,
A26100025O,0,DA 100 x 25 Cyl. (DE) Basic,,,,,,,,,
A26100035O,0,DA 100 x 35 Cyl. (DE) Basic,,,,,,,,,
A26100050O,0,DA 100 x 50 Cyl. (DE) Basic,,,,,,,,,
A26100080O,0,DA 100 x 80 Cyl. (DE) Basic,,,,,,,,,
A26100100O,0,DA 100 x 100 Cyl. (DE) Basic,,,,,,,,,
A26100125O,0,DA 100 x 125 Cyl. (DE) Basic,,,,,,,,,
A26100200O,0,DA 100 x 200 Cyl. (DE) Basic,,,,,,,,,
A26100400F,0,DA 100 x 400 Cyl. (DE) Flange,,,,,,,,,
A27032020O,0,DA 32 x 20 Cyl.(Mag) Basic,,,,,,,,,
A27032025O,0,DA 32 x 25 Cyl.(Mag) Basic,,,,,,,,,
A27032040O,0,DA 32 x 40 Cyl.(Mag) Basic,,,,,,,,,
A27032050O,0,DA 32 x 050 Cyl.(Mag) Basic,,,,,,,,,
A27032060O,0,DA 32 x 60 Cyl.(Mag) Basic,,,,,,,,,
A27032075O,0,DA 32 x 75 Cyl.(Mag) Basic,,,,,,,,,
A27032080O,0,DA 32 x 080 Cyl.(Mag) Basic,,,,,,,,,1.25
A27032100O,0,DA 32 x 100 Cyl.(Mag) Basic,,,,,,,,,
A27032125O,0,DA 32 x 125 Cyl.(Mag) Basic,,,,,,,,,
A27032130O,0,DA 32 x 130 Cyl.(Mag) Basic,,,,,,,,,
A27032150O,0,DA 32 x 150 Cyl.(Mag) Basic,,,,,,,,,
A27032160O,0,DA 32 x 160 Cyl.(Mag) Basic,,,,,,,,,
A27032160O-H,0,DA 32 x 160 Cyl. (Mag) High temp Basic,,,,,,,,,
A27032160R,0,DA 32 x 160 Cyl. (Mag) Rear flange,,,,,,,,,
A27032180O,0,DA 32 x 180 Cyl.(Mag) Basic,,,,,,,,,
A27032200O,0,DA 32 x 200 Cyl.(Mag) Basic,,,,,,,,,
A27032250F,0,DA 32 x 250 Cyl. (Mag) Front flange,,,,,,,,,
A27032250O,0,DA 32 x 250 Cyl. (Mag) Basic,,,,,,,,,
A27032300O,0,DA 32 x 300 Cyl.(Mag) Basic,,,,,,,,,
A27032330O,0,DA 32 x 330 Cyl.(Mag) Basic,,,,,,,,,
A27032350O,0,DA 32 x 350 Cyl.(Mag) Basic,,,,,,,,,
A27032390O,0,DA 32 x 390 Cyl.(Mag) Basic,,,,,,,,,
A27032400O,0,DA 32 x 400 Cyl. (Mag) Basic,,,,,,,,,
A27032400O-H,0,DA 32 x 400 Cyl. (Mag) High temp Basic,,,,,,,,,
A27032465O,0,DA 32 x 465 Cyl.(Mag) Basic,,,,,,,,,
A27032550O,0,DA 32 x 550 Cyl.(Mag) Basic,,,,,,,,,
A27032600O,0,DA 32 x 600 Cyl.(Mag) Basic,,,,,,,,,
A27032750O,0,DA 32 x 750 Cyl. (Mag) Basic,,,,,,,,,
A27032900O-H,0,DA 32 x 900 Cyl. (Mag) High temp Basic,,,,,,,,,
A27040010O,0,DA 40 x 10 Cyl.(Mag) Basic,,,,,,,,,
A27040015O,0,DA 40 x 15 Cyl.(Mag) Basic,,,,,,,,,
A27040025O,0,DA 40 x 25 Cyl.(Mag) Basic,,,,,,,,,
A27040030O,0,DA 40 x 30 Cyl.(Mag) Basic,,,,,,,,,
A27040040O,0,DA 40 x 40 Cyl.(Mag) Basic,,,,,,,,,
A27040050O,0,DA 40 x 050 Cyl.(Mag) Basic,,,,,,,,,
A27040050T,0,DA 40 x 50 Cyl. (Mag) Centre trunnion,,,,,,,,,
A27040060O,0,DA 40 x 60 Cyl.(Mag) Basic,,,,,,,,,
A27040065O,0,DA 40 x 65 Cyl.(Mag) Basic,,,,,,,,,
A27040070O,0,DA 40 x 70 Cyl.(Mag) Basic,,,,,,,,,
A27040075O,0,DA 40 x 75 Cyl.(Mag) Basic,,,,,,,,,
A27040080O,0,DA 40 x 080 Cyl.(Mag) Basic,,,,,,,,,1.25
A270401000O,0,DA 40 x 1000 Cyl. (Mag) Basic,,,,,,,,,
A27040100O,0,DA 40 x 100 Cyl.(Mag) Basic,,,,,,,,,
A27040100T,0,DA 40 x 100 Cyl. (Mag) Centre trunnion,,,,,,,,,
A270401200O,0,DA 40 x 1200 Cyl.(Mag) Basic,,,,,,,,,
A27040125O,0,DA 40 x 125 Cyl.(Mag) Basic,,,,,,,,,
A27040125O-S,0,DA 40 x 125 Cyl.(Mag) Basic,,,,,,,,,
A27040160O,0,DA 40 x 160 Cyl.(Mag) Basic,,,,,,,,,
A270402000O,0,DA 40 x 2000 Cyl.(Mag) Basic,,,,,,,,,
A270402000O-H,0,DA 40 x 2000 Cyl. (Mag) High temp Basic,,,,,,,,,
A27040200L,0,DA 40 x 200 Cyl.(Mag) Foot mount,,,,,,,,,
A27040200O,0,DA 40 x 200 Cyl.(Mag) Basic,,,,,,,,,
A27040210O,0,DA 40 x 210 Cyl.(Mag) Basic,,,,,,,,,
A27040250O,0,DA 40 x 250 Cyl. (Mag) Basic,,,,,,,,,
A27040300O,0,DA 40 x 300 Cyl.(Mag) Basic,,,,,,,,,
A27040320F,0,DA 40 x 320 Cyl.(Mag) Front flange,,,,,,,,,
A27040400O,0,DA 40 x 400 Cyl.(Mag) Basic,,,,,,,,,
A27040500O,0,DA 40 x 500 Cyl. (Mag) Basic,,,,,,,,,
A27040575L,0,DA 40 x 575 Cyl.(Mag) Foot mount,,,,,,,,,
A27040600O,0,DA 40 x 600 Cyl.(Mag) Basic,,,,,,,,,
A27040700O,0,DA 40 x 700 Cyl.(Mag) Basic,,,,,,,,,
A27040800O,0,DA 40 x 800 Cyl.(Mag) Basic,,,,,,,,,
A27040900O,0,DA 40 x 900 Cyl.(Mag) Basic,,,,,,,,,
A27050015O,0,DA 50 x 15 Cyl. (Mag) Basic,,,,,,,,,
A27050025O,0,DA 50 x 25 Cyl.(Mag) Basic,,,,,,,,,
A27050040O,0,DA 50 x 40 Cyl.(Mag) Basic,,,,,,,,,
A27050050F,0,DA 50 x 050 Cyl.(Mag) Front flange,,,,,,,,,
A27050050O,0,DA 50 x 050 Cyl.(Mag) Basic,,,,,,,,,
A27050060O,0,DA 50 x 60 Cyl.(Mag) Basic,,,,,,,,,
A27050075O,0,DA 50 x 75 Cyl.(Mag) Basic,,,,,,,,,
A27050080O,0,DA 50 x 080 Cyl.(Mag) Basic,,,,,,,,,
A270501000O,0,DA 50 x 1000 Cyl. (Mag) Basic,,,,,,,,,
A27050100N,0,DA 50 x 100 Cyl. (Mag) Front trunnion,,,,,,,,,
A27050100O,0,DA 50 x 100 Cyl.(Mag) Basic,,,,,,,,,
A27050100T,0,DA 50 x 100 Cyl. (Mag) Centre trunnion,,,,,,,,,
A270501100O,0,DA 50 x 1100 Cyl.(Mag) Basic,,,,,,,,,
A270501200O,0,DA 50 x 1200 Cyl.(Mag) Basic,,,,,,,,,
A27050125F,0,DA 50 x 125 Cyl.(Mag) Front flange,,,,,,,,,
A27050125O,0,DA 50 x 125 Cyl.(Mag) Basic,,,,,,,,,
A27050125R,0,DA 50 x 125 Cyl. (Mag) Rear flange,,,,,,,,,
A270501350O,0,DA 50 x 1350 Cyl.(Mag) Basic,,,,,,,,,
A27050140O,0,DA 50 x 140 Cyl.(Mag) Basic,,,,,,,,,
A270501500O,0,DA 50 x 1500 Cyl.(Mag) Basic,,,,,,,,,
A27050150O,0,DA 50 x 150 Cyl.(Mag) Basic,,,,,,,,,
A27050160D,0,DA 50 x 160 Cyl. (Mag) Female clevis,,,,,,,,,
A27050160O,0,DA 50 x 160 Cyl.(Mag) Basic,,,,,,,,,
A27050175O,0,DA 50 x 175 Cyl.(Mag) Basic,,,,,,,,,
A27050200O,0,DA 50 x 200 Cyl.(Mag) Basic,,,,,,,,,
A27050200O-H,0,DA 50 x 200 Cyl. (Mag) High temp Basic,,,,,,,,,
A270502200O,0,DA 50 x 2200 Cyl. (Mag) Basic,,,,,,,,,
A27050250O,0,DA 50 x 250 Cyl. (Mag) Basic,,,,,,,,,
A27050260O,0,DA 50 x 260 Cyl.(Mag) Basic,,,,,,,,,
A27050300O,0,DA 50 x 300 Cyl.(Mag) Basic,,,,,,,,,
A27050320O,0,DA 50 x 320 Cyl.(Mag) Basic,,,,,,,,,
A27050350O,0,DA 50 x 350 Cyl.(Mag) Basic,,,,,,,,,
A27050400O,0,DA 50 x 400 Cyl.(Mag) Basic,,,,,,,,,
A27050450O,0,DA 50 x 450 Cyl.(Mag) Basic,,,,,,,,,
A27050470O,0,DA 50 x 470 Cyl.(Mag) Basic,,,,,,,,,
A27050500O,0,DA 50 x 500 Cyl. (Mag) Basic,,,,,,,,,
A27050500O-H,0,DA 50 x 500 Cyl. (Mag) High temp Basic,,,,,,,,,
A27050550O,0,DA 50 x 550 Cyl.(Mag) Basic,,,,,,,,,
A27050600O,0,DA 50 x 600 Cyl.(Mag) Basic,,,,,,,,,
A27050700O,0,DA 50 x 700 Cyl.(Mag) Basic,,,,,,,,,
A27050750O,0,DA 50 x 750 Cyl. (Mag) Basic,,,,,,,,,
A27050830O,0,DA 50 x 830 Cyl.(Mag) Basic,,,,,,,,,
A27050850O,0,DA 50 x 850 Cyl.(Mag) Basic,,,,,,,,,
A27050900O,0,DA 50 x 900 Cyl.(Mag) Basic,,,,,,,,,
A27063025O,0,DA 63 x 25 Cyl.(Mag) Basic,,,,,,,,,
A27063035O,0,DA 63 x 35 Cyl.(Mag) Basic,,,,,,,,,
A27063050O,0,DA 63 x 050 Cyl.(Mag) Basic,,,,,,,,,
A27063060D-H,0,DA 63 x 60 Cyl. (Mag) High temp Female clevis,,,,,,,,,
A27063060O,0,DA 63 x 60 Cyl.(Mag) Basic,,,,,,,,,
A27063065O,0,DA 63 x 65 Cyl.(Mag) Basic,,,,,,,,,
A27063075O,0,DA 63 x 75 Cyl.(Mag) Basic,,,,,,,,,
A27063080L,0,DA 63 x 080 Cyl.(Mag) Foot mount,,,,,,,,,
A27063080O,0,DA 63 x 080 Cyl.(Mag) Basic,,,,,,,,,
A270631000O,0,DA 63 x 1000 Cyl. (Mag) Basic,,,,,,,,,
A27063100F,0,DA 63 x 100 Cyl.(Mag) Front flange,,,,,,,,,
A27063100O,0,DA 63 x 100 Cyl.(Mag) Basic,,,,,,,,,
A270631200L-H,0,DA 63 x 1200 Cyl. (Mag) High temp Foot mount,,,,,,,,,
A270631200O,0,DA 63 x 1200 Cyl.(Mag) Basic,,,,,,,,,
A27063125O,0,DA 63 x 125 Cyl.(Mag) Basic,,,,,,,,,
A270631350L-H,0,DA 63 x 1350 Cyl. (Mag) High temp Foot mount,,,,,,,,,
A270631500T,0,DA 63 x 1500 Cyl.(Mag) Centre Trunnion,,,,,,,,,
A27063150O,0,DA 63 x 150 Cyl.(Mag) Basic,,,,,,,,,
A27063160O,0,DA 63 x 160 Cyl.(Mag) Basic,,,,,,,,,
A27063175O,0,DA 63 x 175 Cyl.(Mag) Basic,,,,,,,,,
A27063180O,0,DA 63 x 180 Cyl.(Mag) Basic,,,,,,,,,
A27063200N,0,DA 63 x 200 Cyl. (Mag) Front trunnion,,,,,,,,,
A27063200O,0,DA 63 x 200 Cyl.(Mag) Basic,,,,,,,,,
A27063250F,0,DA 63 x 250 Cyl. (Mag) Front flange,,,,,,,,,
A27063250O,0,DA 63 x 250 Cyl. (Mag) Basic,,,,,,,,,
A27063250T,0,DA 63 x 250 Cyl. (Mag) Centre trunnion,,,,,,,,,
A27063280O,0,DA 63 x 280 Cyl.(Mag) Basic,,,,,,,,,
A27063300O,0,DA 63 x 300 Cyl.(Mag) Basic,,,,,,,,,
A27063320F,0,DA 63 x 320 Cyl.(Mag) Front flange,,,,,,,,,
A27063320O,0,DA 63 x 320 Cyl.(Mag) Basic,,,,,,,,,
A27063350O,0,DA 63 x 350 Cyl.(Mag) Basic,,,,,,,,,
A27063400O,0,DA 63 x 400 Cyl.(Mag) Basic,,,,,,,,,
A27063450O,0,DA 63 x 450 Cyl.(Mag) Basic,,,,,,,,,
A27063500O,0,DA 63 x 500 Cyl. (Mag) Basic,,,,,,,,,
A27063565D,0,DA 63 x 565 Cyl.(Mag) Female clevis,,,,,,,,,
A27063600O,0,DA 63 x 600 Cyl.(Mag) Basic,,,,,,,,,
A27063700O-H,0,DA 63 x 700 Cyl. High temp Basic,,,,,,,,,
A27063800T,0,DA 63 x 800 Cyl. (Mag) Centre trunnion,,,,,,,,,
A27080025O,0,DA 80 x 25 Cyl.(Mag) Basic,,,,,,,,,
A27080035O,0,DA 80 x 35 Cyl.(Mag) Basic,,,,,,,,,
A27080040O,0,DA 80 x 40 Cyl.(Mag) Basic,,,,,,,,,
A27080050M,0,DA 80 x 50 Cyl. (Mag) Rear trunnion,,,,,,,,,
A27080050O,0,DA 80 x 050 Cyl.(Mag) Basic,,,,,,,,,
A27080050O-S,0,DA 80 x 50 Cyl.(Mag) Basic,,,,,,,,,
A27080050T,0,DA 80 x 50 Cyl. (Mag) Centre trunnion,,,,,,,,,
A27080060D-H,0,DA 80  x 60 Cyl. (Mag) High temp Female clevis,,,,,,,,,
A27080070O,0,DA 80 x 70 Cyl.(Mag) Basic,,,,,,,,,
A27080080O,0,DA 80 x 080 Cyl.(Mag) Basic,,,,,,,,,
A27080080O-S,0,DA 80 x 80 Cyl.(Mag) Basic,,,,,,,,,
A270801000O,0,DA 80 x 1000 Cyl. (Mag) Basic,,,,,,,,,
A270801000S,0,DA 80 x 1000 Cyl. (Mag) Male clevis,,,,,,,,,
A27080100D,0,DA 80 x 100 Cyl. (Mag) Female clevis,,,,,,,,,
A27080100L-H,0,DA 80 x 100 Cyl. (Mag) High temp Foot mount,,,,,,,,,
A27080100O,0,DA 80 x 100 Cyl.(Mag) Basic,,,,,,,,,
A27080100O-H,0,DA 80 x 100 Cyl. (Mag) High temp Basic,,,,,,,,,
A270801100O,0,DA 80 x 1100 Cyl.(Mag) Basic,,,,,,,,,
A270801100T,0,DA 80 x 1100 Cyl.(Mag) Centre Trunnion,,,,,,,,,
A270801200D,0,DA 80 x 1200 Cyl. (Mag) Female clevis,,,,,,,,,
A270801200O,0,DA 80 x 1200 Cyl.(Mag) Basic,,,,,,,,,
A27080120D,0,DA 80 x 120 Cyl. (Mag) Female clevis,,,,,,,,,
A27080120O,0,DA 80 x 120 Cyl.(Mag) Basic,,,,,,,,,
A27080120T,0,DA 80 x 120 Cyl.(Mag) Centre Trunnion,,,,,,,,,
A27080125O,0,DA 80 x 125 Cyl.(Mag) Basic,,,,,,,,,
A270801300O,0,DA 80 x 1300 Cyl.(Mag) Basic,,,,,,,,,
A27080140O,0,DA 80 x 140 Cyl.(Mag) Basic,,,,,,,,,
A27080150O,0,DA 80 x 150 Cyl.(Mag) Basic,,,,,,,,,
A27080160O,0,DA 80 x 160 Cyl.(Mag) Basic,,,,,,,,,
A27080175O,0,DA 80 x 175 Cyl.(Mag) Basic,,,,,,,,,
A27080175T,0,DA 80 x 175 Cyl.(Mag) Centre Trunnion,,,,,,,,,
A27080200F,0,DA 80 x 200 Cyl.(Mag) Front flange,,,,,,,,,
A27080200L,0,DA 80 x 200 Cyl.(Mag) Foot mount,,,,,,,,,
A27080200O,0,DA 80 x 200 Cyl.(Mag) Basic,,,,,,,,,
A27080220O,0,DA 80 x 220 Cyl.(Mag) Basic,,,,,,,,,
A27080230O,0,DA 80 x 230 Cyl.(Mag) Basic,,,,,,,,,
A270802350O,0,DA 80 x 2350 Cyl.(Mag) Basic,,,,,,,,,
A27080250O,0,DA 80 x 250 Cyl. (Mag) Basic,,,,,,,,,
A27080275O,0,DA 80 x 275 Cyl.(Mag) Basic,,,,,,,,,
A27080275T,0,DA 80 x 275 Cyl.(Mag) Centre Trunnion,,,,,,,,,
A27080280O,0,DA 80 x 280 Cyl.(Mag) Basic,,,,,,,,,
A270802900O,0,DA 80 x 2900 Cyl.(Mag) Basic,,,,,,,,,
A27080300O,0,DA 80 x 300 Cyl.(Mag) Basic,,,,,,,,,
A27080300O-S,0,DA 80 x 300 Cyl.(Mag) Basic,,,,,,,,,
A27080320O,0,DA 80 x 320 Cyl.(Mag) Basic,,,,,,,,,
A27080320O-S,0,DA 80 x 320 Cyl.(Mag) Basic,,,,,,,,,
A27080325O,0,DA 80 x 325 Cyl.(Mag) Basic,,,,,,,,,
A27080325O-B,0,DA 80 x 325 Cyl.(Mag) Basic with Bellows,,,,,,,,,
A27080350O,0,DA 80 x 350 Cyl.(Mag) Basic,,,,,,,,,
A27080375O,0,DA 80 x 375 Cyl.(Mag) Basic,,,,,,,,,
A27080400O,0,DA 80 x 400 Cyl.(Mag) Basic,,,,,,,,,
A27080400O-H,0,DA 80 x 400 Cyl. (Mag) High temp Basic,,,,,,,,,
A27080450O,0,DA 80 x 450 Cyl.(Mag) Basic,,,,,,,,,
A27080450S,0,DA 80 x 450 Cyl. (Mag) Male clevis,,,,,,,,,
A27080460T,0,DA 80 x 460 Cyl.(Mag) Centre Trunnion,,,,,,,,,
A27080500N,0,DA 80 x 500 Cyl. (Mag) Front trunnion,,,,,,,,,
A27080500O,0,DA 80 x 500 Cyl. (Mag) Basic,,,,,,,,,
A27080500T,0,DA 80 x 500 Cyl. (Mag) Centre trunnion,,,,,,,,,
A27080540O,0,DA 80 x 540 Cyl.(Mag) Basic,,,,,,,,,
A27080550O,0,DA 80 x 550 Cyl.(Mag) Basic,,,,,,,,,
A27080600O,0,DA 80 x 600 Cyl.(Mag) Basic,,,,,,,,,
A27080630O,0,DA 80 x 630 Cyl.(Mag) Basic,,,,,,,,,
A27080660O,0,DA 80 x 660 Cyl.(Mag) Basic,,,,,,,,,
A27080700L,0,DA 80 x 700 Cyl.(Mag) Foot mount,,,,,,,,,
A27080700O,0,DA 80 x700 Cyl.(Mag) Basic,,,,,,,,,
A27080750O,0,DA 80 x 750 Cyl. (Mag) Basic,,,,,,,,,
A27080800O,0,DA 80 x 800 Cyl.(Mag) Basic,,,,,,,,,
A27080850O,0,DA 80 x 850 Cyl.(Mag) Basic,,,,,,,,,
A27080900O,0,DA 80 x 900 Cyl.(Mag) Basic,,,,,,,,,
A27080980O-H,0,DA 80 x 980 Cyl.(Mag) High temp Basic,,,,,,,,,
A27080985O,0,DA 80 x 985 Cyl.(Mag) Basic,,,,,,,,,
A27100025O,0,DA 100 x 25 Cyl.(Mag) Basic,,,,,,,,,
A27100050F,0,DA 100 x 050 Cyl.(Mag) Front flange,,,,,,,,,
A27100050O,0,DA 100 x 050 Cyl.(Mag) Basic,,,,,,,,,1.25
A27100060O,0,DA 100 x 60 Cyl.(Mag) Basic,,,,,,,,,
A27100075O,0,DA 100 x 75 Cyl.(Mag) Basic,,,,,,,,,
A27100080O,0,DA 100 x 080 Cyl.(Mag) Basic,,,,,,,,,
A271001000O,0,DA 100 x 1000 Cyl. (Mag) Basic,,,,,,,,,
A27100100D,0,DA 100 x 100 Cyl. (Mag) Female clevis,,,,,,,,,
A27100100M,0,DA 100 x 100 Cyl. (Mag) Rear trunnion,,,,,,,,,
A27100100O,0,DA 100 x 100 Cyl.(Mag) Basic,,,,,,,,,
A271001100O,0,DA 100 x 1100 Cyl.(Mag) Basic,,,,,,,,,
A27100110O,0,DA 100 x 110 Cyl.(Mag) Basic,,,,,,,,,
A271001200O,0,DA 100 x 1200 Cyl.(Mag) Basic,,,,,,,,,
A27100125O,0,DA 100 x 125 Cyl.(Mag) Basic,,,,,,,,,
A27100150F,0,DA 100 x 150 Cyl. (Mag)  Front flange,,,,,,,,,
A27100150O,0,DA 100 x 150 Cyl.(Mag) Basic,,,,,,,,,
A27100160F,0,DA 100 x 160 Cyl.(Mag) Front flange,,,,,,,,,
A27100160O,0,DA 100 x 160 Cyl.(Mag) Basic,,,,,,,,,
A27100160T,0,DA 100 x 160 Cyl. (Mag) Centre trunnion,,,,,,,,,
A27100180O,0,DA 100 x 180 Cyl.(Mag) Basic,,,,,,,,,
A27100200D,0,DA 100 x 200 Cyl. (Mag) Female clevis,,,,,,,,,
A27100200O,0,DA 100 x 200 Cyl.(Mag) Basic,,,,,,,,,
A27100200T,0,DA 100 x 200 Cyl. (Mag) Centre trunnion,,,,,,,,,
A27100220O,0,DA 100 x 220 Cyl.(Mag) Basic,,,,,,,,,
A27100225O,0,DA 100 x 225 Cyl.(Mag) Basic,,,,,,,,,
A27100230O,0,DA 100 x 230 Cyl.(Mag) Basic,,,,,,,,,
A27100240F,0,DA 100 x 240 Cyl.(Mag) Front flange,,,,,,,,,
A27100250D,0,DA 100 x 250 Cyl. (Mag) Female clevis,,,,,,,,,
A27100250O,0,DA 100 x 250 Cyl. (Mag) Basic,,,,,,,,,
A27100250T,0,DA 100 x 250 Cyl.(Mag) Centre Trunnion,,,,,,,,,
A271002760O,0,DA 100 x 2760 Cyl.(Mag) Basic,,,,,,,,,
A27100300O,0,DA 100 x 300 Cyl.(Mag) Basic,,,,,,,,,
A27100300T,0,DA 100 x 300 Cyl. (Mag) Centre trunnion,,,,,,,,,
A27100320O,0,DA 100 x 320 Cyl.(Mag) Basic,,,,,,,,,
A27100350O,0,DA 100 x 350 Cyl.(Mag) Basic,,,,,,,,,
A27100370O,0,DA 100 x 370 Cyl.(Mag) Basic,,,,,,,,,
A27100400F,0,DA 100 x 400 Cyl.(Mag) Front flange,,,,,,,,,
A27100400O,0,DA 100 x 400 Cyl.(Mag) Basic,,,,,,,,,
A27100400O-B,0,DA 100 x 400 Cyl.(Mag) with Bellows,,,,,,,,,
A27100500F,0,DA 100 x 500 Cyl. (Mag) Front flange,,,,,,,,,
A27100500O,0,DA 100 x 500 Cyl. (Mag) Basic,,,,,,,,,
A27100500T,0,DA 100 x 500 Cyl. (Mag) Centre trunnion,,,,,,,,,
A27100525O,0,DA 100 x 525 Cyl.(Mag) Basic,,,,,,,,,
A27100550O,0,DA 100 x 550 Cyl.(Mag) Basic,,,,,,,,,
A27100550T,0,DA 100 x 550 Cyl.(Mag) Centre Trunnion,,,,,,,,,
A27100600L,0,DA 100 x 600 Cyl.(Mag) Foot mount,,,,,,,,,
A27100600O,0,DA 100 x 600 Cyl.(Mag) Basic,,,,,,,,,
A27100680O,0,DA 100 x 680 Cyl.(Mag) Basic,,,,,,,,,
A27100700D,0,DA 100 x 700 Cyl. (Mag) Female clevis,,,,,,,,,
A27100700O,0,DA 100 x 700 Cyl.(Mag) Basic,,,,,,,,,
A27100725O,0,DA 100 x 725 Cyl.(Mag) Basic,,,,,,,,,
A27100750O,0,DA 100 x 750 Cyl. (Mag) Basic,,,,,,,,,
A27100800O,0,DA 100 x 800 Cyl.(Mag) Basic,,,,,,,,,
A27100825O,0,DA 100 x 825 Cyl.(Mag) Basic,,,,,,,,,
A27100850O,0,DA 100 x 850 Cyl.(Mag) Basic,,,,,,,,,
A27100900O,0,DA 100 x 900 Cyl.(Mag) Basic,,,,,,,,,
A271251000O,0,DA 125 x 1000 Cyl. (Mag) Basic,,,,,,,,,
A28032005O,0,DA 32 x 5 Cyl. Basic,,,,,,,,,
A28032020O,0,DA 32 x 20 Cyl. Basic,,,,,,,,,
A28032025D,0,DA 32 x 25 Cyl. Female clevis,,,,,,,,,
A28032025O,0,DA 32 x 25 Cyl. Basic,,,,,,,,,
A28032040O,0,DA 32 x 40 Cyl. Basic,,,,,,,,,
A28032050O,0,DA 32 x 50 Cyl. Basic,,,,,,,,,
A28032050O-H,0,DA 32 x 50 Cyl. High temp Basic,,,,,,,,,
A28032060O,0,DA 32 x 60 Cyl. Basic,,,,,,,,,
A28032075O,0,DA 32 x 75 Cyl. Basic,,,,,,,,,
A28032080O,0,DA 32 x 80 Cyl. Basic,,,,,,,,,
A28032100D,0,DA 32 x 100 Cyl. Female clevis,,,,,,,,,
A28032100O,0,DA 32 x 100 Cyl. Basic,,,,,,,,,
A280321100O,0,DA 32 x 1100 Cyl. Basic,,,,,,,,,
A280321150O-H,0,DA 32 x 1150 Cyl. High temp Basic,,,,,,,,,
A28032125O,0,DA 32 x 125 Cyl. Basic,,,,,,,,,
A28032150O,0,DA 32 x 150 Cyl. Basic,,,,,,,,,
A28032160O,0,DA 32 x 160 Cyl. Basic,,,,,,,,,
A28032200D,0,DA 32 x 200 Cyl. Female clevis,,,,,,,,,
A28032200O,0,DA 32 x 200 Cyl. Basic,,,,,,,,,
A28032225O,0,DA 32 x 225 Cyl. Basic,,,,,,,,,
A28032250O,0,DA 32 x 250 Cyl. Basic,,,,,,,,,
A28032250O-H,0,DA 32 x 250 Cyl. High temp Basic,,,,,,,,,
A28032300O,0,DA 32 x 300 Cyl. Basic,,,,,,,,,
A28032320O,0,DA 32 x 320 Cyl. Basic,,,,,,,,,
A28032325O,0,DA 32 x 325 Cyl. Basic,,,,,,,,,
A28032350O,0,DA 32 x 350 Cyl. Basic,,,,,,,,,
A28032400O,0,DA 32 x 400 Cyl. Basic,,,,,,,,,
A28032500O,0,DA 32 x 500 Cyl. Basic,,,,,,,,,
A28032500O-H,0,DA 32 x 500 Cyl. High temp Basic,,,,,,,,,
A28032600O,0,DA 32 x 600 Cyl. Basic,,,,,,,,,
A28032620O,0,DA 32 x 620 Cyl. Basic,,,,,,,,,
A28032625O,0,DA 32 x 625 Cyl. Basic,,,,,,,,,
A28032650O,0,DA 32 x 650 Cyl. Basic,,,,,,,,,
A28032750O,0,DA 32 x 750 Cyl. Basic,,,,,,,,,
A28032800O-H,0,DA 32 x 800 Cyl. High temp Basic,,,,,,,,,
A28032850O,0,DA 32 x 850 Cyl. Basic,,,,,,,,,
A28040010O,0,DA 40 x 10 Cyl. Basic,,,,,,,,,
A28040025O,0,DA 40 x 25 Cyl. Basic,,,,,,,,,
A28040025O-H,0,DA 40 x 25 Cyl. High temp Basic,,,,,,,,,
A28040030O,0,DA 40 x 30 Cyl. Basic,,,,,,,,,
A28040040O,0,DA 40 x 40 Cyl. Basic,,,,,,,,,
A28040050D,0,DA 40 x 50 Cyl. Female clevis,,,,,,,,,
A28040050O,0,DA 40 x 50 Cyl. Basic,,,,,,,,,
A28040050O-H,0,DA 40 x 50 Cyl. High temp Basic,,,,,,,,,
A28040065O,0,DA 40 x 65 Cyl. Basic,,,,,,,,,
A28040075O,0,DA 40 x 75 Cyl. Basic,,,,,,,,,
A28040080D,0,DA 40 x 80 Cyl. Female clevis,,,,,,,,,
A28040080O,0,DA 40 x 80 Cyl. Basic,,,,,,,,,
A28040080O-H,0,DA 40 x 80 Cyl. High temp Basic,,,,,,,,,
A280401000O,0,DA 40 x 1000 Cyl. Basic,,,,,,,,,
A28040100O,0,DA 40 x 100 Cyl. Basic,,,,,,,,,
A280401250O,0,DA 40 x 1250 Cyl. Basic,,,,,,,,,
A28040125D,0,DA 40 x 125 Cyl. Female clevis,,,,,,,,,
A28040125O,0,DA 40 x 125 Cyl. Basic,,,,,,,,,
A28040125O-H,0,DA 40 x 125 Cyl. High temp Basic,,,,,,,,,
A28040125O-S,0,DA 40 x 125 Cyl. Basic,,,,,,,,,
A28040125T,0,DA 40 x 125 Cyl. Centre trunnion,,,,,,,,,
A28040150O,0,DA 40 x 150 Cyl. Basic,,,,,,,,,
A28040160D,0,DA 40 x 160 Cyl. Female clevis,,,,,,,,,
A28040160O,0,DA 40 x 160 Cyl. Basic,,,,,,,,,
A28040200D,0,DA 40 x 200 Cyl. Female clevis,,,,,,,,,
A28040200F,0,DA 40 x 200 Cyl.  Front flange,,,,,,,,,
A28040200O,0,DA 40 x 200 Cyl. Basic,,,,,,,,,
A28040250D,0,DA 40 x 250 Cyl. Female clevis,,,,,,,,,
A28040250O,0,DA 40 x 250 Cyl. Basic,,,,,,,,,
A28040300O,0,DA 40 x 300 Cyl. Basic,,,,,,,,,
A28040300O-H,0,DA 40 x 300 Cyl. High temp Basic,,,,,,,,,
A28040350O,0,DA 40 x 350 Cyl. Basic,,,,,,,,,
A28040400O,0,DA 40 x 400 Cyl. Basic,,,,,,,,,
A28040500D,0,DA 40 x 500 Cyl. Female clevis,,,,,,,,,
A28040500O,0,DA 40 x 500 Cyl. Basic,,,,,,,,,
A28040600O,0,DA 40 x 600 Cyl. Basic,,,,,,,,,
A28040600O-H,0,DA 40 x 600 Cyl. High temp Basic,,,,,,,,,
A28050020D,0,DA 50 x 20 Cyl. Female clevis,,,,,,,,,
A28050025D,0,DA 50 x 25 Cyl. Female clevis,,,,,,,,,
A28050025O,0,DA 50 x 25 Cyl. Basic,,,,,,,,,
A28050025O-H,0,DA 50 x 25 Cyl. High temp Basic,,,,,,,,,
A28050030O,0,DA 50 x 30 Cyl. Basic,,,,,,,,,
A28050035O,0,DA 50 x 35 Cyl. Basic,,,,,,,,,
A28050040D,0,DA 50 x 40 Cyl. Female clevis,,,,,,,,,
A28050040O,0,DA 50 x 40 Cyl. Basic,,,,,,,,,
A28050040O-H,0,DA 50 x 40 Cyl. High temp Basic,,,,,,,,,
A28050050F,0,DA 50 x 050 Cyl.  Front flange,,,,,,,,,
A28050050L,0,DA 50 x 050 Cyl. Foot mount,,,,,,,,,
A28050050O,0,DA 50 x 50 Cyl. Basic,,,,,,,,,
A28050050O-H,0,DA 50 x 50 Cyl. High temp Basic,,,,,,,,,
A28050050S,0,DA 50 x 50 Cyl. Male clevis,,,,,,,,,
A28050055O,0,DA 50 x 55 Cyl. Basic,,,,,,,,,
A28050060S,0,DA 50 x 60 Cyl. Male clevis,,,,,,,,,
A28050065O,0,DA 50 x 65 Cyl. Basic,,,,,,,,,
A28050075O,0,DA 50 x 75 Cyl. Basic,,,,,,,,,
A28050080D,0,DA 50 x 80 Cyl. Female clevis,,,,,,,,,
A28050080L,0,DA 50 x 80 Cyl. Foot mount,,,,,,,,,
A28050080O,0,DA 50 x 80 Cyl. Basic,,,,,,,,,
A28050080O-H,0,DA 50 x 80 Cyl. High temp Basic,,,,,,,,,
A28050080S,0,DA 50 x 80 Cyl. Male clevis,,,,,,,,,
A280501000O,0,DA 50 x 1000 Cyl. Basic,,,,,,,,,
A280501000O-H,0,DA 50 x 1000 Cyl. High temp Basic,,,,,,,,,
A28050100D,0,DA 50 x 100 Cyl. Female clevis,,,,,,,,,
A28050100F,0,DA 50 x 100 Cyl.  Front flange,,,,,,,,,
A28050100O,0,DA 50 x 100 Cyl. Basic,,,,,,,,,
A28050100O-H,0,DA 50 x 100 Cyl. High temp Basic,,,,,,,,,
A28050100T,0,DA 50 x 100 Cyl. Centre trunnion,,,,,,,,,
A28050110O,0,DA 50 x 110 Cyl. Basic,,,,,,,,,
A280501200O,0,DA 50 x 1200 Cyl. Basic,,,,,,,,,
A28050125O,0,DA 50 x 125 Cyl. Basic,,,,,,,,,
A28050130O,0,DA 50 x 130 Cyl. Basic,,,,,,,,,
A28050135O,0,DA 50 x 135 Cyl. Basic,,,,,,,,,
A280501500O,0,DA 50 x 1500 Cyl. Basic,,,,,,,,,
A28050150O,0,DA 50 x 150 Cyl. Basic,,,,,,,,,
A28050160O,0,DA 50 x 160 Cyl. Basic,,,,,,,,,
A280501750O,0,DA 50 x 1750 Cyl. Basic,,,,,,,,,
A28050175O,0,DA 50 x 175 Cyl. Basic,,,,,,,,,
A28050180O,0,DA 50 x 180 Cyl. Basic,,,,,,,,,
A28050200D,0,DA 50 x 200 Cyl. Female clevis,,,,,,,,,
A28050200O,0,DA 50 x 200 Cyl. Basic,,,,,,,,,
A28050220O,0,DA 50 x 220 Cyl. Basic,,,,,,,,,
A28050250O,0,DA 50 x 250 Cyl. Basic,,,,,,,,,
A28050250O-H,0,DA 50 x 250 Cyl. High temp Basic,,,,,,,,,
A280502900L,0,DA 50 x 2900 Cyl. Foot mount,,,,,,,,,
A280502900O,0,DA 50 x 2900 Cyl. Basic,,,,,,,,,
A28050300D,0,DA 50 x 300 Cyl. Female clevis,,,,,,,,,
A28050300O,0,DA 50 x 300 Cyl. Basic,,,,,,,,,
A28050325O,0,DA 50 x 325 Cyl. Basic,,,,,,,,,
A28050350O,0,DA 50 x 350 Cyl. Basic,,,,,,,,,
A28050350T,0,DA 50 x 350 Cyl. Centre trunnion,,,,,,,,,
A28050375O,0,DA 50 x 375 Cyl. Basic,,,,,,,,,
A28050400O,0,DA 50 x 400 Cyl. Basic,,,,,,,,,
A28050410O,0,DA 50 x 410 Cyl. Basic,,,,,,,,,
A28050425O,0,DA 50 x 425 Cyl. Basic,,,,,,,,,
A28050450O,0,DA 50 x 450 Cyl. Basic,,,,,,,,,
A28050450T,0,DA 50 x 450 Cyl. Centre trunnion,,,,,,,,,
A28050500O,0,DA 50 x 500 Cyl. Basic,,,,,,,,,
A28050575O,0,DA 50 x 575 Cyl. Basic,,,,,,,,,
A28050600O,0,DA 50 x 600 Cyl. Basic,,,,,,,,,
A28050650O,0,DA 50 x 650 Cyl. Basic,,,,,,,,,
A28050700O,0,DA 50 x 700 Cyl. Basic,,,,,,,,,
A28050750O,0,DA 50 x 750 Cyl. Basic,,,,,,,,,
A28050800D,0,DA 50 x 800 Cyl. Female clevis,,,,,,,,,
A28050800O,0,DA 50 x 800 Cyl. Basic,,,,,,,,,
A28050800S,0,DA 50 x 800 Cyl. Male clevis,,,,,,,,,
A28050900O,0,DA 50 x 900 Cyl. Basic,,,,,,,,,
A28063025O,0,DA 63 x 25 Cyl. Basic,,,,,,,,,
A28063030F,0,DA 63 x 30 Cyl.  Front flange,,,,,,,,,
A28063030N,0,DA 63 x 30 Cyl. Front trunnion,,,,,,,,,
A28063040O,0,DA 63 x 40 Cyl. Basic,,,,,,,,,
A28063045R,0,DA 63 x 45 Cyl. Rear flange,,,,,,,,,
A28063050D,0,DA 63 x 50 Cyl. Female clevis,,,,,,,,,
A28063050O,0,DA 63 x 50 Cyl. Basic,,,,,,,,,
A28063050O-H,0,DA 63 x 50 Cyl. High temp Basic,,,,,,,,,
A28063050T,0,DA 63 x 50 Cyl. Centre trunnion,,,,,,,,,
A28063060F,0,DA 63 x 60 Cyl.  Front flange,,,,,,,,,
A28063065O,0,DA 63 x 65 Cyl. Basic,,,,,,,,,
A28063075L,0,DA 63 x 75 Cyl. Foot mount,,,,,,,,,
A28063075O,0,DA 63 x 75 Cyl. Basic,,,,,,,,,
A28063080O,0,DA 63 x 80 Cyl. Basic,,,,,,,,,
A28063080S,0,DA 63 x 80 Cyl. Male clevis,,,,,,,,,
A280631000O,0,DA 63 x 1000 Cyl. Basic,,,,,,,,,
A28063100D,0,DA 63 x 100 Cyl. Female clevis,,,,,,,,,
A28063100O,0,DA 63 x 100 Cyl. Basic,,,,,,,,,
A28063100T,0,DA 63 x 100 Cyl. Centre trunnion,,,,,,,,,
A28063112O,0,DA 63 x 112 Cyl. Basic,,,,,,,,,
A28063125O,0,DA 63 x 125 Cyl. Basic,,,,,,,,,
A28063125O-H,0,DA 63 x 125 Cyl. High temp Basic,,,,,,,,,
A28063125O-S,0,DA 63 x 125 SQ Cyl. Basic,,,,,,,,,
A28063125S,0,DA 63 x 125 Cyl. Male clevis,,,,,,,,,
A28063125T,0,DA 63 x 125 Cyl. Centre trunnion,,,,,,,,,
A28063140O,0,DA 63 x 140 Cyl. Basic,,,,,,,,,
A28063150D,0,DA 63 x 150 Cyl. Female clevis,,,,,,,,,
A28063150O,0,DA 63 x 150 Cyl. Basic,,,,,,,,,
A28063154O,0,DA 63 x 154 Cyl. Basic,,,,,,,,,
A28063160O,0,DA 63 x 160 Cyl. Basic,,,,,,,,,
A28063160T-H,0,DA 63 x 160 Cyl. High temp Centre trunnion,,,,,,,,,
A280631625T,0,DA 63 x 1625 Cyl. Centre trunnion,,,,,,,,,
A28063165O,0,DA 63 x 165 Cyl. Basic,,,,,,,,,
A28063175O,0,DA 63 x 175 Cyl. Basic,,,,,,,,,
A28063200L,0,DA 63 x 200 Cyl. Foot mount,,,,,,,,,
A28063200O,0,DA 63 x 200 Cyl. Basic,,,,,,,,,
A28063200O-H,0,DA 63 x 200 Cyl. High temp Basic,,,,,,,,,
A280632400O,0,DA 63 x 2400 Cyl. Basic,,,,,,,,,
A28063250O,0,DA 63 x 250 Cyl. Basic,,,,,,,,,
A28063250T,0,DA 63 x 250 Cyl. Centre trunnion,,,,,,,,,
A28063280O,0,DA 63 x 280 Cyl. Basic,,,,,,,,,
A28063300O,0,DA 63 x 300 Cyl. Basic,,,,,,,,,
A28063300O-H,0,DA 63 x 300 Cyl. High temp Basic,,,,,,,,,
A28063320O,0,DA 63 x 320 Cyl. Basic,,,,,,,,,
A28063325O,0,DA 63 x 325 Cyl. Basic,,,,,,,,,
A28063350O,0,DA 63 x 350 Cyl. Basic,,,,,,,,,
A28063400O,0,DA 63 x 400 Cyl. Basic,,,,,,,,,
A28063400T,0,DA 63 x 400 Cyl. Centre trunnion,,,,,,,,,
A28063450O,0,DA 63 x 450 Cyl. Basic,,,,,,,,,
A28063500D,0,DA 63 x 500 Cyl. Female clevis,,,,,,,,,
A28063500O,0,DA 63 x 500 Cyl. Basic,,,,,,,,,
A28063600O,0,DA 63 x 600 Cyl. Basic,,,,,,,,,
A28063630O-H,0,DA 63 x 630 Cyl. High temp Basic,,,,,,,,,
A28063700F,0,DA 63 x 700 Cyl.  Front flange,,,,,,,,,
A28063700O,0,DA 63 x 700 Cyl. Basic,,,,,,,,,
A28063700T,0,DA 63 x 700 Cyl. Centre trunnion,,,,,,,,,
A28063750O,0,DA 63 x 750 Cyl. Basic,,,,,,,,,
A28063800O,0,DA 63 x 800 Cyl. Basic,,,,,,,,,
A28063835O,0,DA 63 x 835 Cyl. Basic,,,,,,,,,
A28063850O,0,DA 63 x 850 Cyl. Basic,,,,,,,,,
A28063900S,0,DA 63 x 900 Cyl. Male clevis,,,,,,,,,
A28063950O,0,DA 63 x 950 Cyl. Basic,,,,,,,,,
A28063950T,0,DA 63 x 950 Cyl. Centre trunnion,,,,,,,,,
A28080020D,0,DA 80 x 20 Cyl. Female clevis,,,,,,,,,
A28080020O,0,DA 80 x 20 Cyl. Basic,,,,,,,,,
A28080020S,0,DA 80 x 20 Cyl. Male clevis,,,,,,,,,
A28080025O,0,DA 80 x 25 Cyl. Basic,,,,,,,,,
A28080030O,0,DA 80 x 30 Cyl. Basic,,,,,,,,,
A28080035O,0,DA 80 x 35 Cyl. Basic,,,,,,,,,
A28080040O-H,0,DA 80 x 40 Cyl. High temp Basic,,,,,,,,,
A28080050D,0,DA 80  x 50 Cyl. Female clevis,,,,,,,,,
A28080050F,0,DA 80 x 050 Cyl.  Front flange,,,,,,,,,
A28080050N,0,DA 80 x 50 Cyl. Front trunnion,,,,,,,,,
A28080050O,0,DA 80 x 50 Cyl. Basic,,,,,,,,,
A28080050O-S,0,DA 80 x 50 Cyl. Basic,,,,,,,,,
A28080050T,0,DA 80 x 50 Cyl. Centre trunnion,,,,,,,,,
A28080055O,0,DA 80 x 55 Cyl. Basic,,,,,,,,,
A28080060O,0,DA 80 x 60 Cyl. Basic,,,,,,,,,
A28080060T,0,DA 80 x 60 Cyl. Centre trunnion,,,,,,,,,
A28080065O,0,DA 80 x 65 Cyl. Basic,,,,,,,,,
A28080075O,0,DA 80 x 75 Cyl. Basic,,,,,,,,,
A28080075S,0,DA 80 x 75 Cyl. Male clevis,,,,,,,,,
A28080075T,0,DA 80 x 75 Cyl. Centre trunnion,,,,,,,,,
A28080080D,0,DA 80  x 80 Cyl. Female clevis,,,,,,,,,
A28080080F,0,DA 80 x 080 Cyl.  Front flange,,,,,,,,,
A28080080O,0,DA 80 x 080 Cyl. Basic,,,,,,,,,
A28080080S,0,DA 80 x 80 Cyl. Male clevis,,,,,,,,,
A28080090O,0,DA 80 x 90 Cyl. Basic,,,,,,,,,
A280801000D,0,DA 80 x 1000 Cyl. Female clevis,,,,,,,,,
A280801000F,0,DA 80 x 1000 Cyl.  Front flange,,,,,,,,,
A280801000O,0,DA 80 x 1000 Cyl. Basic,,,,,,,,,
A280801000O-H,0,DA 80 x 1000 Cyl. High temp Basic,,,,,,,,,
A28080100150MO,0,"Multi position Cyl. Dia 80 (100,150) Basic",,,,,,,,,
A28080100D,0,DA 80  x 100 Cyl. Female clevis,,,,,,,,,
A28080100F,0,DA 80 x 100 Cyl.  Front flange,,,,,,,,,
A28080100L,0,DA 80 x 100 Cyl. Foot mount,,,,,,,,,
A28080100M,0,DA 80 x 100 Cyl. Rear trunnion,,,,,,,,,
A28080100N,0,DA 80 x 100 Cyl. Front trunnion,,,,,,,,,
A28080100O,0,DA 80 x 100 Cyl. Basic,,,,,,,,,
A28080100O-S,0,DA 80 x 100 Cyl. Basic,,,,,,,,,
A28080100T,0,DA 80 x 100 Cyl. Centre trunnion,,,,,,,,,
A280801100O,0,DA 80 x 1100 Cyl. Basic,,,,,,,,,
A28080110O,0,DA 80 x 110 Cyl. Basic,,,,,,,,,
A280801120O,0,DA 80 x 1120 Cyl. Basic,,,,,,,,,
A280801150O,0,DA 80 x 1150 Cyl. Basic,,,,,,,,,
A28080115O,0,DA 80 x 115 Cyl. Basic,,,,,,,,,
A280801200O,0,DA 80 x 1200 Cyl. Basic,,,,,,,,,
A28080120O,0,DA 80 x 120 Cyl. Basic,,,,,,,,,
A28080120T,0,DA 80 x 120 Cyl. Centre trunnion,,,,,,,,,
A280801250O,0,DA 80 x 1250 Cyl. Basic,,,,,,,,,
A28080125F,0,DA 80 x 125 Cyl.  Front flange,,,,,,,,,
A28080125O,0,DA 80 x 125 Cyl. Basic,,,,,,,,,
A28080125S,0,DA 80 x 125 Cyl. Male clevis,,,,,,,,,
A28080125T,0,DA 80 x 125 Cyl. Centre trunnion,,,,,,,,,
A280801300O,0,DA 80 x 1300 Cyl. Basic,,,,,,,,,
A280801300T,0,DA 80 x 1300 Cyl. Centre trunnion,,,,,,,,,
A28080130O,0,DA 80 x 130 Cyl. Basic,,,,,,,,,
A280801350O,0,DA 80 x 1350 Cyl. Basic,,,,,,,,,
A28080140L,0,DA 80 x 140 Cyl. Foot mount,,,,,,,,,
A28080140O,0,DA 80 x 140 Cyl. Basic,,,,,,,,,
A280801500O,0,DA 80 x 1500 Cyl. Basic,,,,,,,,,
A28080150D,0,DA 80 x 150 Cyl. Female clevis,,,,,,,,,
A28080150F,0,DA 80 x 150 Cyl.  Front flange,,,,,,,,,
A28080150M,0,DA 80 x 150 Cyl. Rear trunnion,,,,,,,,,
A28080150O,0,DA 80 x 150 Cyl. Basic,,,,,,,,,
A28080150O-H,0,DA 80 x 150 Cyl. High temp Basic,,,,,,,,,
A28080150T,0,DA 80 x 150 Cyl. Centre trunnion,,,,,,,,,
A280801550N,0,DA 80 x 1550 Cyl. Front trunnion,,,,,,,,,
A280801600T,0,DA 80 x 1600 Cyl. Centre trunnion,,,,,,,,,
A28080160D,0,DA 80  x 160 Cyl. Female clevis,,,,,,,,,
A28080160F,0,DA 80 x 160 Cyl.  Front flange,,,,,,,,,
A28080160O,0,DA 80 x 160 Cyl. Basic,,,,,,,,,
A28080160O-H,0,DA 80 x 160 Cyl. High temp Basic,,,,,,,,,
A28080160O-N,0,DA 80 x 160 Cyl. Basic,,,,,,,,,
A28080160T,0,DA 80 x 160 Cyl. Centre trunnion,,,,,,,,,
A280801700O,0,DA 80 x 1700 Cyl. Basic,,,,,,,,,
A28080170O,0,DA 80 x 170 Cyl. Basic,,,,,,,,,
A28080175D,0,DA 80 x 175 Cyl. Female clevis,,,,,,,,,
A28080175O,0,DA 80 x 175 Cyl. Basic,,,,,,,,,
A28080180O,0,DA 80 x 180 Cyl. Basic,,,,,,,,,
A28080180T,0,DA 80 x 180 Cyl. Centre trunnion,,,,,,,,,
A280802000N,0,DA 80 x 2000 Cyl. Front trunnion,,,,,,,,,
A280802000O,0,DA 80 x 2000 Cyl. Basic,,,,,,,,,
A280802000T,0,DA 80 x 2000 Cyl. Centre trunnion,,,,,,,,,
A28080200D,0,DA 80  x 200 Cyl. Female clevis,,,,,,,,,
A28080200F,0,DA 80 x 200 Cyl.  Front flange,,,,,,,,,
A28080200L,0,DA 80 x 200 Cyl. Foot mount,,,,,,,,,
A28080200O,0,DA 80 x 200 Cyl. Basic,,,,,,,,,
A28080200O-H,0,DA 80 x 200 Cyl. High temp Basic,,,,,,,,,
A28080200O-S,0,DA 80 x 200 Cyl. Basic,,,,,,,,,
A28080200R,0,DA 80 x 200 Cyl. Rear flange,,,,,,,,,
A28080200S,0,DA 80 x 200 Cyl. Male clevis,,,,,,,,,
A28080200T,0,DA 80 x 200 Cyl. Centre trunnion,,,,,,,,,
A28080210O,0,DA 80 x 210 Cyl. Basic,,,,,,,,,
A28080220O,0,DA 80 x 220 Cyl. Basic,,,,,,,,,
A28080230D,0,DA 80 x 230 Cyl. Female clevis,,,,,,,,,
A28080230O,0,DA 80 x 230 Cyl. Basic,,,,,,,,,
A280802400O,0,DA 80 x 2400 Cyl. Basic,,,,,,,,,
A28080240O,0,DA 80 x 240 Cyl. Basic,,,,,,,,,
A28080250D,0,DA 80  x 250 Cyl. Female clevis,,,,,,,,,
A28080250F,0,DA 80 x 250 Cyl. Front flange,,,,,,,,,
A28080250N,0,DA 80 x 250 Cyl. Front trunnion,,,,,,,,,
A28080250O,0,DA 80 x 250 Cyl. Basic,,,,,,,,,
A28080250O-S,0,DA 80 x 250 Cyl. Basic,,,,,,,,,
A28080250S,0,DA 80 x 250 Cyl. Male clevis,,,,,,,,,
A28080250T,0,DA 80 x 250 Cyl. Centre trunnion,,,,,,,,,
A28080260O,0,DA 80 x 260 Cyl. Basic,,,,,,,,,
A28080270O,0,DA 80 x 270 Cyl. Basic,,,,,,,,,
A28080275O,0,DA 80 x 275 Cyl. Basic,,,,,,,,,
A280802800O,0,DA 80 x 2800 Cyl. Basic,,,,,,,,,
A28080280O,0,DA 80 x 280 Cyl. Basic,,,,,,,,,
A28080280T,0,DA 80 x 280 Cyl. Centre trunnion,,,,,,,,,
A28080300F,0,DA 80 x 300 Cyl.  Front flange,,,,,,,,,
A28080300O,0,DA 80 x 300 Cyl. Basic,,,,,,,,,
A28080300O-H,0,DA 80 x 300 Cyl. High temp Basic,,,,,,,,,
A28080300T,0,DA 80 x 300 Cyl. Centre trunnion,,,,,,,,,
A28080310O,0,DA 80 x 310 Cyl. Basic,,,,,,,,,
A28080320D,0,DA 80  x 320 Cyl. Female clevis,,,,,,,,,
A28080320O,0,DA 80 x 320 Cyl. Basic,,,,,,,,,
A28080320S,0,DA 80 x 320 Cyl. Male clevis,,,,,,,,,
A28080320T,0,DA 80 x 320 Cyl. Centre trunnion,,,,,,,,,
A28080325O,0,DA 80 x 325 Cyl. Basic,,,,,,,,,
A28080350D,0,DA 80 x 350 Cyl. Female clevis,,,,,,,,,
A28080350O,0,DA 80 x 350 Cyl. Basic,,,,,,,,,
A28080385O,0,DA 80 x 385 Cyl. Basic,,,,,,,,,
A28080390O,0,DA 80 x 390 Cyl. Basic,,,,,,,,,
A28080400D,0,DA 80  x 400 Cyl. Female clevis,,,,,,,,,
A28080400O,0,DA 80 x 400 Cyl. Basic,,,,,,,,,
A28080400O-H,0,DA 80 x 400 Cyl. High temp Basic,,,,,,,,,
A28080400O-S,0,DA 80 x 400 Cyl. Basic,,,,,,,,,
A28080400T,0,DA 80 x 400 Cyl. Centre trunnion,,,,,,,,,
A28080420O,0,DA 80 x 420 Cyl. Basic,,,,,,,,,
A28080425O,0,DA 80 x 425 Cyl. Basic,,,,,,,,,
A28080450O,0,DA 80 x 450 Cyl. Basic,,,,,,,,,
A28080450S,0,DA 80 x 450 Cyl. Male clevis,,,,,,,,,
A28080475D,0,DA 80 x 475 Cyl. Female clevis,,,,,,,,,
A28080475O,0,DA 80 x 475 Cyl. Basic,,,,,,,,,
A28080480D,0,DA 80 x 480 Cyl. Female clevis,,,,,,,,,
A28080500D,0,DA 80  x 500 Cyl. Female clevis,,,,,,,,,
A28080500F,0,DA 80 x 500 Cyl. Front flange,,,,,,,,,
A28080500O,0,DA 80 x 500 Cyl. Basic,,,,,,,,,
A28080500T,0,DA 80 x 500 Cyl. Centre trunnion,,,,,,,,,
A28080525D,0,DA 80 x 525 Cyl. Female clevis,,,,,,,,,
A28080525O,0,DA 80 x 525 Cyl. Basic,,,,,,,,,
A28080550O,0,DA 80 x 550 Cyl. Basic,,,,,,,,,
A28080560O,0,DA 80 x 560 Cyl. Basic,,,,,,,,,
A28080600D,0,DA 80 x 600 Cyl. Female clevis,,,,,,,,,
A28080600O,0,DA 80 x 600 Cyl. Basic,,,,,,,,,
A28080600S,0,DA 80 x 600 Cyl. Male clevis,,,,,,,,,
A28080650O,0,DA 80 x 650 Cyl. Basic,,,,,,,,,
A28080675O,0,DA 80 x 675 Cyl. Basic,,,,,,,,,
A28080700O,0,DA 80 x 700 Cyl. Basic,,,,,,,,,
A28080750D,0,DA 80 x 750 Cyl. Female clevis,,,,,,,,,
A28080750O,0,DA 80 x 750 Cyl. Basic,,,,,,,,,
A28080750T-H,0,DA 80 x 750 Cyl. High temp Centre trunnion,,,,,,,,,
A28080770L,0,DA 80 x 770 Cyl. Foot mount,,,,,,,,,
A28080800O,0,DA 80 x 800 Cyl. Basic,,,,,,,,,
A28080810O,0,DA 80 x 810 Cyl. Basic,,,,,,,,,
A28080825O,0,DA 80 x 825 Cyl. Basic,,,,,,,,,
A28080850O,0,DA 80 x 850 Cyl. Basic,,,,,,,,,
A28080850O-H,0,DA 80 x 850 Cyl. High temp Basic,,,,,,,,,
A28080900D,0,DA 80 x 900 Cyl. Female clevis,,,,,,,,,
A28080900F,0,DA 80 x 900 Cyl.  Front flange,,,,,,,,,
A28080900L,0,DA 80 x 900 Cyl. Foot mount,,,,,,,,,
A28080900O,0,DA 80 x 900 Cyl. Basic,,,,,,,,,
A28080910O,0,DA 80 x 910 Cyl. Basic,,,,,,,,,
A28080965O,0,DA 80 x 965 Cyl. Basic,,,,,,,,,
A28080980O,0,DA 80 x 980 Cyl. Basic,,,,,,,,,
A28100015O,0,DA 100 x 15 Cyl. Basic,,,,,,,,,
A28100025O,0,DA 100 x 25 Cyl. Basic,,,,,,,,,
A28100025R,0,DA 100 x 25 Cyl. Rear flange,,,,,,,,,
A28100025R-S,0,DA 100 x 25 Cyl. Rear flange,,,,,,,,,
A28100025S,0,DA 100 x 25 Cyl. Male clevis,,,,,,,,,
A28100030O,0,DA 100 x 30 Cyl. Basic,,,,,,,,,
A28100035O,0,DA 100 x 35 Cyl. Basic,,,,,,,,,
A28100040O,0,DA 100 x 40 Cyl. Basic,,,,,,,,,
A28100040S,0,DA 100 x 40 Cyl. Male clevis,,,,,,,,,
A28100050D,0,DA 100  x 50 Cyl. Female clevis,,,,,,,,,
A28100050F,0,DA 100 x 050 Cyl.  Front flange,,,,,,,,,
A28100050O,0,DA 100 x 050 Cyl. Basic,,,,,,,,,
A28100050S,0,DA 100 x 50 Cyl. Male clevis,,,,,,,,,
A28100050T,0,DA 100 x 50 Cyl. Centre trunnion,,,,,,,,,
A28100060O,0,DA 100 x 60 Cyl. Basic,,,,,,,,,
A28100060S,0,DA 100 x 60 Cyl. Male clevis,,,,,,,,,
A28100063T,0,DA 100 x 63 Cyl. Centre trunnion,,,,,,,,,
A28100065O,0,DA 100 x 65 Cyl. Basic,,,,,,,,,
A28100070O,0,DA 100 x 70 Cyl. Basic,,,,,,,,,
A28100075D,0,DA 100 x 75 Cyl. Female clevis,,,,,,,,,
A28100075M,0,DA 100 x 75 Cyl. Rear trunnion,,,,,,,,,
A28100075O,0,DA 100 x 75 Cyl. Basic,,,,,,,,,
A28100080F,0,DA 100 x 080 Cyl.  Front flange,,,,,,,,,
A28100080O,0,DA 100 x 80 Cyl. Basic,,,,,,,,,
A28100080T,0,DA 100 x 80 Cyl. Centre trunnion,,,,,,,,,
A28100085O,0,DA 100 x 85 Cyl. Basic,,,,,,,,,
A28100090O,0,DA 100 x 90 Cyl. Basic,,,,,,,,,
A281001000D,0,DA 100 x 1000 Cyl. Female clevis,,,,,,,,,
A281001000O,0,DA 100 x 1000 Cyl. Basic,,,,,,,,,
A281001000S,0,DA 100 x 1000 Cyl. Male clevis,,,,,,,,,
A281001000T,0,DA 100 x 1000 Cyl. Centre trunnion,,,,,,,,,
A28100100D,0,DA 100  x 100 Cyl. Female clevis,,,,,,,,,
A28100100F,0,DA 100 x 100 Cyl.  Front flange,,,,,,,,,
A28100100L,0,DA 100 x 100 Cyl. Foot mount,,,,,,,,,
A28100100O,0,DA 100 x 100 Cyl. Basic,,,,,,,,,
A28100100O-S,0,DA 100 x 100 Cyl. Basic,,,,,,,,,
A28100100R,0,DA 100 x 100 Cyl. Rear flange,,,,,,,,,
A28100100S,0,DA 100 x 100 Cyl. Male clevis,,,,,,,,,
A28100100T,0,DA 100 x 100 Cyl. Centre trunnion,,,,,,,,,
A28100100T-H,0,DA 100 x 100 Cyl. High temp Centre Trunnion,,,,,,,,,
A281001050D,0,DA 100 x 1050 Cyl. Female clevis,,,,,,,,,
A281001050D-H,0,DA 100 x 1050 Cyl. High temp Female clevis,,,,,,,,,
A281001050O,0,DA 100 x 1050 Cyl. Basic,,,,,,,,,
A281001100O,0,DA 100 x 1100 Cyl. Basic,,,,,,,,,
A281001190O,0,DA 100 x 1190 Cyl. Basic,,,,,,,,,
A281001200O,0,DA 100 x 1200 Cyl. Basic,,,,,,,,,
A281001200O-H,0,DA 100 x 1200 Cyl. High temp Basic,,,,,,,,,
A28100120O,0,DA 100 x 120 Cyl. Basic,,,,,,,,,
A281001250O,0,DA 100 x 1250 Cyl. Basic,,,,,,,,,
A281001250O-H,0,DA 100 x 1250 Cyl. High temp Basic,,,,,,,,,
A28100125D,0,DA 100  x 125 Cyl. Female clevis,,,,,,,,,
A28100125F,0,DA 100 x 125 Cyl.  Front flange,,,,,,,,,
A28100125N,0,DA 100 x 125 Cyl. Front trunnion,,,,,,,,,
A28100125O,0,DA 100 x 125 Cyl. Basic,,,,,,,,,
A28100125O-H,0,DA 100 x 125 Cyl. High temp Basic,,,,,,,,,
A28100125S,0,DA 100 x 125 Cyl. Male clevis,,,,,,,,,
A281001300O,0,DA 100 x 1300 Cyl. Basic,,,,,,,,,
A28100130O,0,DA 100 x 130 Cyl. Basic,,,,,,,,,
A281001350O,0,DA 100 x 1350 Cyl. Basic,,,,,,,,,
A28100135S,0,DA 100 x 135 Cyl. Male clevis,,,,,,,,,
A281001400O,0,DA 100 x 1400 Cyl. Basic,,,,,,,,,
A281001400O-H,0,DA 100 x 1400 Cyl. High temp Basic,,,,,,,,,
A28100140O,0,DA 100 x 140 Cyl. Basic,,,,,,,,,
A281001500O,0,DA 100 x 1500 Cyl. Basic,,,,,,,,,
A28100150D-H,0,DA 100 x 150 Cyl. High temp Female clevis,,,,,,,,,
A28100150F,0,DA 100 x 150 Cyl.  Front flange,,,,,,,,,
A28100150L,0,DA 100 x 150 Cyl. Foot mount,,,,,,,,,
A28100150O,0,DA 100 x 150 Cyl. Basic,,,,,,,,,
A28100150O-H,0,DA 100 x 150 Cyl. High temp Basic,,,,,,,,,
A28100155O,0,DA 100 x 155 Cyl. Basic,,,,,,,,,
A28100160D,0,DA 100  x 160 Cyl. Female clevis,,,,,,,,,
A28100160F,0,DA 100 x 160 Cyl.  Front flange,,,,,,,,,
A28100160O,0,DA 100 x 160 Cyl. Basic,,,,,,,,,
A28100160O-H,0,DA 100 x 160 Cyl. High temp Basic,,,,,,,,,
A28100160S,0,DA 100 x 160 Cyl. Male clevis,,,,,,,,,
A28100160T,0,DA 100 x 160 Cyl. Centre trunnion,,,,,,,,,
A28100160T-H,0,DA 100 x 160 Cyl. High temp Centre Trunnion,,,,,,,,,
A28100165O,0,DA 100 x 165 Cyl. Basic,,,,,,,,,
A28100170O,0,DA 100 x 170 Cyl. Basic,,,,,,,,,
A281001750O,0,DA 100 x 1750 Cyl. Basic,,,,,,,,,
A28100175O,0,DA 100 x 175 Cyl. Basic,,,,,,,,,
A281001800O,0,DA 100 x 1800 Cyl. Basic,,,,,,,,,
A28100180O,0,DA 100 x 180 Cyl. Basic,,,,,,,,,
A28100190O-H,0,DA 100 x 190 Cyl. High temp Basic,,,,,,,,,
A28100200F,0,DA 100 x 200 Cyl.  Front flange,,,,,,,,,
A28100200O,0,DA 100 x 200 Cyl. Basic,,,,,,,,,
A28100200O-H,0,DA 100 x 200 Cyl. High temp Basic,,,,,,,,,
A28100200O-S,0,DA 100 x 200 Cyl. Basic,,,,,,,,,
A28100200S,0,DA 100 x 200 Cyl. Male clevis,,,,,,,,,
A28100200T,0,DA 100 x 200 Cyl. Centre trunnion,,,,,,,,,
A281002100O,0,DA 100 x 2100 Cyl. Basic,,,,,,,,,
A28100215O,0,DA 100 x 215 Cyl. Basic,,,,,,,,,
A281002200O,0,DA 100 x 2200 Cyl. Basic,,,,,,,,,
A28100225D,0,DA 100 x 225 Cyl. Female clevis,,,,,,,,,
A28100225N,0,DA 100 x 225 Cyl. Front trunnion,,,,,,,,,
A28100225O,0,DA 100 x 225 Cyl. Basic,,,,,,,,,
A28100230O,0,DA 100 x 230 Cyl. Basic,,,,,,,,,
A281002500O,0,DA 100 x 2500 Cyl. Basic,,,,,,,,,
A281002500T,0,DA 100 x 2500 Cyl. Centre trunnion,,,,,,,,,
A28100250D,0,DA 100  x 250 Cyl. Female clevis,,,,,,,,,
A28100250F,0,DA 100 x 250 Cyl. Front flange,,,,,,,,,
A28100250N,0,DA 100 x 250 Cyl. Front trunnion,,,,,,,,,
A28100250O,0,DA 100 x 250 Cyl. Basic,,,,,,,,,
A28100250O-H,0,DA 100 x 250 Cyl. High temp Basic,,,,,,,,,
A28100250S,0,DA 100 x 250 Cyl. Male clevis,,,,,,,,,
A28100250T,0,DA 100 x 250 Cyl. Centre trunnion,,,,,,,,,
A28100260O,0,DA 100 x 260 Cyl. Basic,,,,,,,,,
A28100265O,0,DA 100 x 265 Cyl. Basic,,,,,,,,,
A28100280O,0,DA 100 x 280 Cyl. Basic,,,,,,,,,
A281002900O,0,DA 100 x 2900 Cyl. Basic,,,,,,,,,
A28100300O,0,DA 100 x 300 Cyl. Basic,,,,,,,,,
A28100300T,0,DA 100 x 300 Cyl. Centre trunnion,,,,,,,,,
A28100320O,0,DA 100 x 320 Cyl. Basic,,,,,,,,,
A28100320S,0,DA 100 x 320 Cyl. Male clevis,,,,,,,,,
A28100320T,0,DA 100 x 320 Cyl. Centre trunnion,,,,,,,,,
A28100330O,0,DA 100 x 330 Cyl. Basic,,,,,,,,,
A28100330T,0,DA 100 x 330 Cyl. Centre trunnion,,,,,,,,,
A28100350F,0,DA 100 x 350 Cyl. Front flange,,,,,,,,,
A28100350O,0,DA 100 x 350 Cyl. Basic,,,,,,,,,
A28100360O,0,DA 100 x 360 Cyl. Basic,,,,,,,,,
A28100360T,0,DA 100 x 360 Cyl. Centre trunnion,,,,,,,,,
A28100375N,0,DA 100 x 375 Cyl. Front trunnion,,,,,,,,,
A28100375O,0,DA 100 x 375 Cyl. Basic,,,,,,,,,
A28100400D,0,DA 100  x 400 Cyl. Female clevis,,,,,,,,,
A28100400O,0,DA 100 x 400 Cyl. Basic,,,,,,,,,
A28100400O-S,0,DA 100 x 400 Cyl. Basic,,,,,,,,,
A28100400R,0,DA 100 x 400 Cyl. Rear flange,,,,,,,,,
A28100400S,0,DA 100 x 400 Cyl. Male clevis,,,,,,,,,
A28100405O,0,DA 100 x 405 Cyl. Basic,,,,,,,,,
A28100410L,0,DA 100 x 410 Cyl. Foot mount,,,,,,,,,
A28100450O,0,DA 100 x 450 Cyl. Basic,,,,,,,,,
A28100460O,0,DA 100 x 460 Cyl. Basic,,,,,,,,,
A28100475O,0,DA 100 x 475 Cyl. Basic,,,,,,,,,
A28100500F,0,DA 100 x 500 Cyl. Front flange,,,,,,,,,
A28100500O,0,DA 100 x 500 Cyl. Basic,,,,,,,,,
A28100500O-H,0,DA 100 x 500 Cyl. High temp Basic,,,,,,,,,
A28100500S,0,DA 100 x 500 Cyl. Male clevis,,,,,,,,,
A28100500T,0,DA 100 x 500 Cyl. Centre trunnion,,,,,,,,,
A28100500T-H,0,DA 100 x 500 Cyl. High temp Centre Trunnion,,,,,,,,,
A28100525O,0,DA 100 x 525 Cyl. Basic,,,,,,,,,
A28100550O,0,DA 100 x 550 Cyl. Basic,,,,,,,,,
A28100575F,0,DA 100 x 575 Cyl.  Front flange,,,,,,,,,
A28100575O,0,DA 100 x 575 Cyl. Basic,,,,,,,,,
A28100590O-H,0,DA 100 x 590 Cyl. High temp Basic,,,,,,,,,
A28100600D,0,DA 100 x 600 Cyl. Female clevis,,,,,,,,,
A28100600O,0,DA 100 x 600 Cyl. Basic,,,,,,,,,
A28100600T,0,DA 100 x 600 Cyl. Centre trunnion,,,,,,,,,
A28100625O,0,DA 100 x 625 Cyl. Basic,,,,,,,,,
A28100650O,0,DA 100 x 650 Cyl. Basic,,,,,,,,,
A28100670F,0,DA 100 x 670 Cyl.  Front flange,,,,,,,,,
A28100700D,0,DA 100 x 700 Cyl. Female clevis,,,,,,,,,
A28100700O,0,DA 100 x 700 Cyl. Basic,,,,,,,,,
A28100750D,0,DA 100 x 750 Cyl. Female clevis,,,,,,,,,
A28100750O,0,DA 100 x 750 Cyl. Basic,,,,,,,,,
A28100775O,0,DA 100 x 775 Cyl. Basic,,,,,,,,,
A28100800O,0,DA 100 x 800 Cyl. Basic,,,,,,,,,
A28100800O-H,0,DA 100 x 800 Cyl. High temp Basic,,,,,,,,,
A28100850O,0,DA 100 x 850 Cyl. Basic,,,,,,,,,
A28100880O-H,0,DA 100 x 880 Cyl. High temp Basic,,,,,,,,,
A28100900F,0,DA 100 x 900 Cyl.  Front flange,,,,,,,,,
A28100900O,0,DA 100 x 900 Cyl. Basic,,,,,,,,,
A28100915O,0,DA 100 x 915 Cyl. Basic,,,,,,,,,
A28N080160T,0,DA 80 x 160 Cyl. Centre Trunnion (NPT),,,,,,,,,
A2C01,0,Clamp For Regulator-1/4,,,,,,,,,1.25
A2C02,0,Clamp For Regulator-3/8,,,,,,,,,
A2C03,0,Clamp For Regulator-1/2,,,,,,,,,
A2C04,0,"Clamp For Regulator-3/4 ,1",,,,,,,,,
A2C31,0,"Clamp For Filter,Lubricator-1/4",,,,,,,,,
A2C33,0,"Clamp For Filter,Lubricator-1/2",,,,,,,,,
A2C34,0,"Clamp For Filter,Lubricator-3/4 ,1",,,,,,,,,
A2CG01,0,Pressure gauge-G1/4(0-4kg/cm2),,,,,,,,,
A2CG03,0,Pressure gauge-R1/4(0-2.5kg/cm2),,,,,,,,,
A2CG05,0,Pressure gauge-R1/4(0-4kg/cm2),,,,,,,,,
A2CG06,0,Pressure gauge-R1/4(0-10kg/cm2),,,,,,,,,
A2CG08,0,Pressure gauge-R1/8(0-2.5bar),,,,,,,,,
A2CG10,0,"Pressure Gauge-(0-10Kg/cm�)R1/8,Dia 40",,,,,,,,,
A2D01,0,Auto Drain Valve-1/4,,,,,,,,,
A2D02,0,Auto Drain Valve-3/8,,,,,,,,,
A2D03,0,"Auto Drain Valve-1/2 ,3/4 &1",,,,,,,,,
A2G01,0,"Pressure gauge(0-4bar)R1/8,Dia 40",,,,,,,,,
A2G03,0,"Pressure gauge(0-16bar)R1/8,Dia 40",,,,,,,,,
A2G05,0,"Pressure gauge(0-140psi)1/8NPT,Dia 40",,,,,,,,,
A2G06,0,"Pressure gauge(0-225psi)1/8NPT,Dia 40",,,,,,,,,
A2G07,0,"Pressure gauge(0-4bar)R1/4,Dia 50",,,,,,,,,
A2G08,0,"Pressure gauge(0-10bar)R1/4,Dia 50",,,,,,,,,1.25
A2G09,0,"Pressure gauge(0-16bar)R1/4,Dia 50",,,,,,,,,
A2G14,0,"Pressure gauge(0-140psi)1/4NPT,Dia 50",,,,,,,,,
A2GP08,0,"Pressure gauge(0-10bar)R1/4,Dia 60(Panel mounting)",,,,,,,,,1.25
A2M03,0,X-Spacer assy-1/2,,,,,,,,,
A2P01,0,Piping Adaptor Assy-G1/4,,,,,,,,,
A2P02,0,Piping Adaptor Assy-G3/8,,,,,,,,,
A2P03,0,Piping Adaptor Assy-G1/2,,,,,,,,,
A2P06,0,Piping Adaptor Assy-1/2 NPT,,,,,,,,,
A2P07,0,Piping adaptor assy-G3/4,,,,,,,,,
A2P08,0,Piping adaptor assy-G1,,,,,,,,,
A2PG06,0,"Pressure gauge (Precision) R1/8 -6bar, Dia40",,,,,,,,,
A2PG16,0,"Pressure gauge (Precision) R1/8 -16bar, Dia40",,,,,,,,,
A2S01,0,Spacer Assy-1/4,,,,,,,,,
A2S02,0,Spacer assy-3/8,,,,,,,,,
A2S04,0,"Spacer assy-3/4 ,1",,,,,,,,,
A2T01,0,T-Spacer assy-1/4,,,,,,,,,
A2V02,0,T-Spacer with wall mounting bracket assy -3/8,,,,,,,,,
A2W01,0,Wall Mounting Bracket Assy-1/4,,,,,,,,,
A2W03,0,Wall Mounting Bracket Assy-1/2,,,,,,,,,
A2W04,0,"Wall mounting bracket assy-3/4 ,1",,,,,,,,,
A32032025O,0,SA 32 x 25 Cyl. Basic,,,,,,,,,
A32032030O,0,SA 32 x 30 Cyl. Basic,,,,,,,,,
A32032050O,0,SA 32 x 50 Cyl. Basic,,,,,,,,,
A32032080O,0,SA 32 x 80 Cyl. Basic,,,,,,,,,
A32040025O,0,SA 40 x 25 Cyl. Basic,,,,,,,,,
A32040050O,0,SA 40 x 50 Cyl. Basic,,,,,,,,,
A32040080O,0,SA 40 x 80 Cyl. Basic,,,,,,,,,
A32050025O,0,SA 50 x 25 Cyl. Basic,,,,,,,,,
A32063080F,0,SA 63 x 80 Cyl. Front flange,,,,,,,,,
A32100080O,0,SA 100 x 80 Cyl. Basic,,,,,,,,,
A33040050O,0,SA 40 x 50 Cyl. (Mag) Basic,,,,,,,,,
A33050050O,0,SA 50 x 50 Cyl.(Mag) Basic,,,,,,,,,
A34040050O,0,SA 40 x 50 Cyl. Basic,,,,,,,,,
A35040050O,0,SA 40 x 50 SQ Cyl. (Mag) Basic,,,,,,,,,
A3C01,0,Cover plate (22mm),,,,,,,,,
A3C02,0,Cover plate (17mm),,,,,,,,,
A4C01,0,"Dummy plug DS,DS2-1/4",,,,,,,,,
A4C03,0,"Cover plate 3/2,1/4 (DS2)",,,,,,,,,
A4C04,0,"Cover plate 5/2,5/3,1/2 (DS2)",,,,,,,,,
A4C05,0,"Cover plate 3/2,1/2 (DS2)",,,,,,,,,
A4C07,0,"Cover plate 3/2,1/8 (DS2)",,,,,,,,,
A4C08,0,Dummy plug DS2-1/8,,,,,,,,,
A4C09,0,Dummy plug DS2-1/2,,,,,,,,,
A4C10,0,Mounting brackets,,,,,,,,,
A4C11,0,Panel adapters,,,,,,,,,
A4C12,0,Panel adapters and Front protective lid,,,,,,,,,
A4C14,0,Panel adapters and Front protective lid,,,,,,,,,
A51010010O,0,DA 10 x 10 Cyl. Basic,,,,,,,,,
A51010020O,0,DA 10 x 20 Cyl. Basic,,,,,,,,,
A51010025O,0,DA 10 x 25 Cyl. Basic,,,,,,,,,
A51010030O,0,DA 10 x 30 Cyl. Basic,,,,,,,,,
A51010050O,0,DA 10 x 50 Cyl. Basic,,,,,,,,,
A51010100O,0,DA 10 x 100 Cyl. Basic,,,,,,,,,
A51012005O,0,DA 12 x 5 Cyl. Basic,,,,,,,,,
A51012010L,0,DA 12 x 10 Cyl. F.Foot Mount,,,,,,,,,
A51012010O,0,DA 12 x 10 Cyl. Basic,,,,,,,,,
A51012012O,0,DA 12 x 12 Cyl. Basic,,,,,,,,,
A51012014O,0,DA 12 x 14 Cyl. Basic,,,,,,,,,
A51012015O,0,DA 12 x 15 Cyl. Basic,,,,,,,,,
A51012020O,0,DA 12 x 20 Cyl. Basic,,,,,,,,,
A51012025O,0,DA 12 x 25 Cyl. Basic,,,,,,,,,
A51012030O,0,DA 12 x 30 Cyl. Basic,,,,,,,,,
A51012035O,0,DA 12 x 35 Cyl. Basic,,,,,,,,,
A51012040O,0,DA 12 x 40 Cyl. Basic,,,,,,,,,
A51012050D,0,DA 12 x 50 Cyl. D.Foot Mount,,,,,,,,,
A51012050O,0,DA 12 x 50 Cyl. Basic,,,,,,,,,
A51012060O,0,DA 12 x 60 Cyl. Basic,,,,,,,,,
A51012065O,0,DA 12 x 65 Cyl. Basic,,,,,,,,,
A51012070O,0,DA 12 x 70 Cyl. Basic,,,,,,,,,
A51012075O,0,DA 12 x 75 Cyl. Basic,,,,,,,,,
A51012080F,0,DA 12 x 80 Cyl. Front Flange,,,,,,,,,
A51012080L,0,DA 12 x 80 Cyl. F.Foot Mount,,,,,,,,,
A51012080O,0,DA 12 x 80 Cyl. Basic,,,,,,,,,
A51012090O,0,DA 12 x 90 Cyl. Basic,,,,,,,,,
A51012100D,0,DA 12 x 100 Cyl. D.Foot Mount,,,,,,,,,
A51012100O,0,DA 12 x 100 Cyl. Basic,,,,,,,,,
A51012125O,0,DA 12 x 125 Cyl. Basic,,,,,,,,,
A51012140O,0,DA 12 x 140 Cyl. Basic,,,,,,,,,
A51012145O,0,DA 12 x 145 Cyl. Basic,,,,,,,,,
A51012150O,0,DA 12 x 150 Cyl. Basic,,,,,,,,,
A51012160O,0,DA 12 x 160 Cyl. Basic,,,,,,,,,
A51012175O,0,DA 12 x 175 Cyl. Basic,,,,,,,,,
A51012200O,0,DA 12 x 200 Cyl. Basic,,,,,,,,,
A51012250O,0,DA 12 x 250 Cyl. Basic,,,,,,,,,
A51012300O,0,DA 12 x 300 Cyl. Basic,,,,,,,,,
A51012320O,0,DA 12 x 320 Cyl. Basic,,,,,,,,,
A51012370O,0,DA 12 x 370 Cyl. Basic,,,,,,,,,
A51016005O,0,DA 16 x 5 Cyl. Basic,,,,,,,,,
A51016010N,0,DA 16 x 10 Cyl. Rear Trunnion,,,,,,,,,
A51016010O,0,DA 16 x 10 Cyl. Basic,,,,,,,,,
A51016012N,0,DA 16 x 12 Cyl. Rear Trunnion,,,,,,,,,
A51016012O,0,DA 16 x 12 Cyl. Basic,,,,,,,,,
A51016015O,0,DA 16 x 15 Cyl. Basic,,,,,,,,,
A51016016O,0,DA 16 x 16 Cyl. Basic,,,,,,,,,
A51016018O,0,DA 16 x 18 Cyl. Basic,,,,,,,,,
A51016020O,0,DA 16 x 20 Cyl. Basic,,,,,,,,,
A51016025L,0,DA 16 x  25 Cyl. F.Foot Mount,,,,,,,,,
A51016025O,0,DA 16 x 25 Cyl. Basic,,,,,,,,,
A51016030O,0,DA 16 x 30 Cyl. Basic,,,,,,,,,
A51016040O,0,DA 16 x 40 Cyl. Basic,,,,,,,,,
A51016045O,0,DA 16 x 45 Cyl. Basic,,,,,,,,,
A51016050O,0,DA 16 x 50 Cyl. Basic,,,,,,,,,
A51016060O,0,DA 16 x 60 Cyl. Basic,,,,,,,,,
A51016065O,0,DA 16 x 65 Cyl. Basic,,,,,,,,,
A51016070O,0,DA 16 x 70 Cyl. Basic,,,,,,,,,
A51016075O,0,DA 16 x 75 Cyl. Basic,,,,,,,,,
A51016080O,0,DA 16 x 80 Cyl. Basic,,,,,,,,,
A51016085O,0,DA 16 x 85 Cyl. Basic,,,,,,,,,
A51016090O,0,DA 16 x 90 Cyl. Basic,,,,,,,,,
A51016100O,0,DA 16 x 100 Cyl. Basic,,,,,,,,,
A51016110O,0,DA 16 x 110 Cyl. Basic,,,,,,,,,
A51016115O,0,DA 16 x 115 Cyl. Basic,,,,,,,,,
A51016125O,0,DA 16 x 125 Cyl. Basic,,,,,,,,,
A51016140O,0,DA 16 x 140 Cyl. Basic,,,,,,,,,
A51016150O,0,DA 16 x 150 Cyl. Basic,,,,,,,,,
A51016160O,0,DA 16 x 160 Cyl. Basic,,,,,,,,,
A51016175O,0,DA 16 x 175 Cyl. Basic,,,,,,,,,
A51016180O,0,DA 16 x 180 Cyl. Basic,,,,,,,,,
A51016190O,0,DA 16 x 190 Cyl. Basic,,,,,,,,,
A51016200O,0,DA 16 x 200 Cyl. Basic,,,,,,,,,
A51016220O,0,DA 16 x 220 Cyl. Basic,,,,,,,,,
A51016234O,0,DA 16 x 234 Cyl. Basic,,,,,,,,,
A51016235O,0,DA 16 x 235 Cyl. Basic,,,,,,,,,
A51016250O,0,DA 16 x 250 Cyl. Basic,,,,,,,,,
A51016270O,0,DA 16 x 270 Cyl. Basic,,,,,,,,,
A51016300O,0,DA 16 x 300 Cyl. Basic,,,,,,,,,
A51016320O,0,DA 16 x 320 Cyl. Basic,,,,,,,,,
A51016350O,0,DA 16 x 350 Cyl. Basic,,,,,,,,,
A51016450O,0,DA 16 x 450 Cyl. Basic,,,,,,,,,
A51020010O,0,DA 20 x 10 Cyl. Basic,,,,,,,,,
A51020012O,0,DA 20 x 12 Cyl. Basic,,,,,,,,,
A51020015O,0,DA 20 x 15 Cyl. Basic,,,,,,,,,
A51020018L,0,DA 20 x 18 Cyl. F.Foot Mount,,,,,,,,,
A51020020O,0,DA 20 x 20 Cyl. Basic,,,,,,,,,
A51020025F,0,DA 20 x 25 Cyl. Front Flange,,,,,,,,,
A51020025L,0,DA 20 x 25 Cyl. F.Foot Mount,,,,,,,,,
A51020025O,0,DA 20 x 25 Cyl. Basic,,,,,,,,,
A51020030O,0,DA 20 x 30 Cyl. Basic,,,,,,,,,
A51020035O,0,DA 20 x 35 Cyl. Basic,,,,,,,,,
A51020040L,0,DA 20 x 40 Cyl. F.Foot Mount,,,,,,,,,
A51020040O,0,DA 20 x 40 Cyl. Basic,,,,,,,,,
A51020050F,0,DA 20 x 50 Cyl. Front Flange,,,,,,,,,
A51020050O,0,DA 20 x 50 Cyl. Basic,,,,,,,,,
A51020060O,0,DA 20 x 60 Cyl. Basic,,,,,,,,,
A51020065O,0,DA 20 x 65 Cyl. Basic,,,,,,,,,
A51020070O,0,DA 20 x 70 Cyl. Basic,,,,,,,,,
A51020075O,0,DA 20 x 75 Cyl. Basic,,,,,,,,,
A51020080O,0,DA 20 x 80 Cyl. Basic,,,,,,,,,
A51020090O,0,DA 20 x 90 Cyl. Basic,,,,,,,,,
A51020100O,0,DA 20 x 100 Cyl. Basic,,,,,,,,,
A51020110O,0,DA 20 x 110 Cyl. Basic,,,,,,,,,
A51020120D,0,DA 20 x 120 Cyl. D.Foot Mount,,,,,,,,,
A51020125O,0,DA 20 x 125 Cyl. Basic,,,,,,,,,
A51020130O,0,DA 20 x 130 Cyl. Basic,,,,,,,,,
A51020135O,0,DA 20 x 135 Cyl. Basic,,,,,,,,,
A51020140O,0,DA 20 x 140 Cyl. Basic,,,,,,,,,
A51020150O,0,DA 20 x 150 Cyl. Basic,,,,,,,,,
A51020160O,0,DA 20 x 160 Cyl. Basic,,,,,,,,,
A51020170O,0,DA 20 x 170 Cyl. Basic,,,,,,,,,
A51020180O,0,DA 20 x 180 Cyl. Basic,,,,,,,,,
A51020190O,0,DA 20 x 190 Cyl. Basic,,,,,,,,,
A51020200O,0,DA 20 x 200 Cyl. Basic,,,,,,,,,
A51020225O,0,DA 20 x 225 Cyl. Basic,,,,,,,,,
A51020230O,0,DA 20 x 230 Cyl. Basic,,,,,,,,,
A51020250O,0,DA 20 x 250 Cyl. Basic,,,,,,,,,
A51020300O,0,DA 20 x 300 Cyl. Basic,,,,,,,,,
A51020320O,0,DA 20 x 320 Cyl. Basic,,,,,,,,,
A51020325O,0,DA 20 x 325 Cyl. Basic,,,,,,,,,
A51020340O,0,DA 20 x 340 Cyl. Basic,,,,,,,,,
A51020350O,0,DA 20 x 350 Cyl. Basic,,,,,,,,,
A51020375O,0,DA 20 x 375 Cyl. Basic,,,,,,,,,
A51020380O,0,DA 20 x 380 Cyl. Basic,,,,,,,,,
A51020400D,0,DA 20 x 400 Cyl. D.Foot mount,,,,,,,,,
A51020400O,0,DA 20 x 400 Cyl. Basic,,,,,,,,,
A51020425O,0,DA 20 x 425 Cyl. Basic,,,,,,,,,
A51020450O,0,DA 20 x 450 Cyl. Basic,,,,,,,,,
A51020475O,0,DA 20 x 475 Cyl. Basic,,,,,,,,,
A51020500O,0,DA 20 x 500 Cyl. Basic,,,,,,,,,
A51020560O,0,DA 20 x 560 Cyl. Basic,,,,,,,,,
A51020700O,0,DA 20 x 700 Cyl. Basic,,,,,,,,,
A51025005O,0,DA 25 x 5 Cyl. Basic,,,,,,,,,
A51025010O,0,DA 25 x 10 Cyl. Basic,,,,,,,,,
A51025012O,0,DA 25 x 12 Cyl. Basic,,,,,,,,,
A51025015O,0,DA 25 x 15 Cyl. Basic,,,,,,,,,
A51025016O,0,DA 25 x 16 Cyl. Basic,,,,,,,,,
A51025018O,0,DA 25 x 18 Cyl. Basic,,,,,,,,,
A51025020D,0,DA 25 x 20 Cyl. D. Foot Mount,,,,,,,,,
A51025020O,0,DA 25 x 20 Cyl. Basic,,,,,,,,,
A51025023O,0,DA 25 x 23 Cyl. Basic,,,,,,,,,
A51025025D,0,DA 25 x 25 Cyl. D.Foot Mount,,,,,,,,,
A51025025F,0,DA 25 x 25 Cyl. Front Flange,,,,,,,,,
A51025025N,0,DA 25 x 25 Cyl. Rear Trunnion,,,,,,,,,
A51025025O,0,DA 25 x 25 Cyl. Basic,,,,,,,,,
A51025028O,0,DA 25 x 28 Cyl. Basic,,,,,,,,,
A51025030O,0,DA 25 x 30 Cyl. Basic,,,,,,,,,
A51025032O,0,DA 25 x 32 Cyl. Basic,,,,,,,,,
A51025035O,0,DA 25 x 35 Cyl. Basic,,,,,,,,,
A51025038O,0,DA 25 x 38 Cyl. Basic,,,,,,,,,
A51025040F,0,DA 25 x 40 Cyl. Front Flange,,,,,,,,,
A51025040O,0,DA 25 x 40 Cyl. Basic,,,,,,,,,
A51025047O,0,DA 25 x 47 Cyl. Basic,,,,,,,,,
A51025050D,0,DA 25x50 Cyl. Double foot mount,,,,,,,,,
A51025050F,0,DA 25 x 50 Cyl. Front flange,,,,,,,,,
A51025050L,0,DA 25 x 50 Cyl. F.Foot Mount,,,,,,,,,
A51025050O,0,DA 25 x 50 Cyl. Basic,,,,,,,,,
A51025055O,0,DA 25 x 55 Cyl. Basic,,,,,,,,,
A51025060O,0,DA 25 x 60 Cyl. Basic,,,,,,,,,
A51025065O,0,DA 25 x 65 Cyl. Basic,,,,,,,,,
A51025070O,0,DA 25 x 70 Cyl. Basic,,,,,,,,,
A51025075O,0,DA 25 x 75 Cyl. Basic,,,,,,,,,
A51025080D,0,DA 25 x 80 Cyl. D. Foot Mount,,,,,,,,,
A51025080O,0,DA 25 x 80 Cyl. Basic,,,,,,,,,
A51025084O,0,DA 25 x 84 Cyl. Basic,,,,,,,,,
A51025090O,0,DA 25 x 90 Cyl. Basic,,,,,,,,,
A510251000O,0,DA 25 x 1000 Cyl. Basic,,,,,,,,,
A51025100F,0,DA 25 x 100 Cyl. Front flange,,,,,,,,,
A51025100O,0,DA 25 x 100 Cyl. Basic,,,,,,,,,
A51025110O,0,DA 25 x 110 Cyl. Basic,,,,,,,,,
A51025115O,0,DA 25 x 115 Cyl. Basic,,,,,,,,,
A51025120O,0,DA 25 x 120 Cyl. Basic,,,,,,,,,
A51025125O,0,DA 25 x 125 Cyl. Basic,,,,,,,,,
A51025125R,0,DA 25 x 125 Cyl. Rear Flange,,,,,,,,,
A51025140O,0,DA 25 x 140 Cyl. Basic,,,,,,,,,
A51025143O,0,DA 25 x 143 Cyl. Basic,,,,,,,,,
A51025145O,0,DA 25 x 145 Cyl. Basic,,,,,,,,,
A51025150O,0,DA 25 x 150 Cyl. Basic,,,,,,,,,
A51025160L,0,DA 25 x 160 Cyl. F.Foot Mount,,,,,,,,,
A51025160O,0,DA 25 x 160 Cyl. Basic,,,,,,,,,
A51025170O,0,DA 25 x 170 Cyl. Basic,,,,,,,,,
A51025175O,0,DA 25 x 175 Cyl. Basic,,,,,,,,,
A51025180O,0,DA 25 x 180 Cyl. Basic,,,,,,,,,
A51025190O,0,DA 25 x 190 Cyl. Basic,,,,,,,,,
A51025200O,0,DA 25 x 200 Cyl. Basic,,,,,,,,,
A51025220O,0,DA 25 x 220 Cyl. Basic,,,,,,,,,
A51025225O,0,DA 25 x 225 Cyl. Basic,,,,,,,,,
A51025230O,0,DA 25 x 230 Cyl. Basic,,,,,,,,,
A51025250N,0,DA 25 x 250 Cyl. Rear Trunnion,,,,,,,,,
A51025250O,0,DA 25 x 250 Cyl. Basic,,,,,,,,,
A51025260O,0,DA 25 x 260 Cyl. Basic,,,,,,,,,
A51025270O,0,DA 25 x 270 Cyl. Basic,,,,,,,,,
A51025280O,0,DA 25 x 280 Cyl. Basic,,,,,,,,,
A51025290O,0,DA 25 x 290 Cyl. Basic,,,,,,,,,
A51025300O,0,DA 25 x 300 Cyl. Basic,,,,,,,,,
A51025300R,0,DA 25 x 300 Cyl. Rear Flange,,,,,,,,,
A51025310O,0,DA 25 x 310 Cyl. Basic,,,,,,,,,
A51025320O,0,DA 25 x 320 Cyl. Basic,,,,,,,,,
A51025325O,0,DA 25 x 325 Cyl. Basic,,,,,,,,,
A51025350O,0,DA 25 x 350 Cyl. Basic,,,,,,,,,
A51025360O,0,DA 25 x 360 Cyl. Basic,,,,,,,,,
A51025375O,0,DA 25 x 375 Cyl. Basic,,,,,,,,,
A51025400O,0,DA 25 x 400 Cyl. Basic,,,,,,,,,
A51025410O,0,DA 25 x 410 Cyl. Basic,,,,,,,,,
A51025420O,0,DA 25 x 420 Cyl. Basic,,,,,,,,,
A51025425O,0,DA 25 x 425 Cyl. Basic,,,,,,,,,
A51025450O,0,DA 25 x 450 Cyl. Basic,,,,,,,,,
A51025475O,0,DA 25 x 475 Cyl. Basic,,,,,,,,,
A51025500O,0,DA 25 x 500 Cyl. Basic,,,,,,,,,
A51025550O,0,DA 25 x 550 Cyl. Basic,,,,,,,,,
A51025590O,0,DA 25 x 590 Cyl. Basic,,,,,,,,,
A51025600O,0,DA 25 x 600 Cyl. Basic,,,,,,,,,
A51025625O,0,DA 25 x 625 Cyl. Basic,,,,,,,,,
A51025635O,0,DA 25 x 635 Cyl. Basic,,,,,,,,,
A51025650O,0,DA 25 x 650 Cyl. Basic,,,,,,,,,
A51025700O,0,DA 25 x 700 Cyl. Basic,,,,,,,,,
A51025725O,0,DA 25 x 725 Cyl. Basic,,,,,,,,,
A51025750O,0,DA 25 x 750 Cyl. Basic,,,,,,,,,
A52008050O,0,DA 8 x 50 Cyl.(Mag) Basic,,,,,,,,,
A52010010O,0,DA 10 x 010  Cyl. (Mag) Basic,,,,,,,,,
A52012010L,0,DA 12 x 10 Cyl.(Mag) F.Foot Mount,,,,,,,,,
A52012010O,0,DA 12 x 10 Cyl.(Mag) Basic,,,,,,,,,
A52012015O,0,DA 12 x 15 Cyl.(Mag) Basic,,,,,,,,,
A52012018O,0,DA 12 x 18 Cyl.(Mag) Basic,,,,,,,,,
A52012020O,0,DA 12 x 20 Cyl.(Mag) Basic,,,,,,,,,
A52012025O,0,DA 12 x 25 Cyl.(Mag) Basic,,,,,,,,,
A52012030O,0,DA 12 x 30 Cyl.(Mag) Basic,,,,,,,,,
A52012040O,0,DA 12 x 40 Cyl.(Mag) Basic,,,,,,,,,
A52012050F,0,DA 12 x 50 Cyl. (Mag) Front flange,,,,,,,,,
A52012050O,0,DA 12 x 50 Cyl.(Mag) Basic,,,,,,,,,
A52012060O,0,DA 12 x 60 Cyl.(Mag) Basic,,,,,,,,,
A52012065O,0,DA 12 x 65 Cyl.(Mag) Basic,,,,,,,,,
A52012075O,0,DA 12 x 75 Cyl.(Mag) Basic,,,,,,,,,
A52012080O,0,DA 12 x 80 Cyl.(Mag) Basic,,,,,,,,,
A52012090O,0,DA 12 x 90 Cyl.(Mag) Basic,,,,,,,,,
A52012100O,0,DA 12 x 100 Cyl.(Mag) Basic,,,,,,,,,
A52012115O,0,DA 12 x 115 Cyl.(Mag) Basic,,,,,,,,,
A52012125O,0,DA 12 x 125 Cyl.(Mag) Basic,,,,,,,,,
A52012150O,0,DA 12 x 150 Cyl.(Mag) Basic,,,,,,,,,
A52012160O,0,DA 12 x 160 Cyl.(Mag) Basic,,,,,,,,,
A52012175O,0,DA 12 x 175 Cyl.(Mag) Basic,,,,,,,,,
A52012200O,0,DA 12 x 200 Cyl.(Mag) Basic,,,,,,,,,
A52012250O,0,DA 12 x 250 Cyl.(Mag) Basic,,,,,,,,,
A52012300O,0,DA 12 x 300 Cyl.(Mag) Basic,,,,,,,,,
A52012320O,0,DA 12 x 320 Cyl.(Mag) Basic,,,,,,,,,
A52012350O,0,DA 12 x 350 Cyl.(Mag) Basic,,,,,,,,,
A52016010O,0,DA 16 x 10 Cyl.(Mag) Basic,,,,,,,,,
A52016013O,0,DA 16 x 13 Cyl.(Mag) Basic,,,,,,,,,
A52016015O,0,DA 16 x 15 Cyl.(Mag) Basic,,,,,,,,,
A52016018O,0,DA 16 x 18 Cyl.(Mag) Basic,,,,,,,,,
A52016020O,0,DA 16 x 20 Cyl.(Mag) Basic,,,,,,,,,
A52016023O,0,DA 16 x 23 Cyl.(Mag) Basic,,,,,,,,,
A52016025O,0,DA 16 x 25 Cyl.(Mag) Basic,,,,,,,,,
A52016028O,0,DA 16 x 28 Cyl.(Mag) Basic,,,,,,,,,
A52016030O,0,DA 16 x 30 Cyl.(Mag) Basic,,,,,,,,,
A52016040O,0,DA 16 x 40 Cyl.(Mag) Basic,,,,,,,,,
A52016050O,0,DA 16 x 50 Cyl.(Mag) Basic,,,,,,,,,
A52016060O,0,DA 16 x 60 Cyl.(Mag) Basic,,,,,,,,,
A52016065O,0,DA 16 x 65 Cyl.(Mag) Basic,,,,,,,,,
A52016070O,0,DA 16 x 70 Cyl.(Mag) Basic,,,,,,,,,
A52016072O,0,DA 16 x 72 Cyl.(Mag) Basic,,,,,,,,,
A52016075O,0,DA 16 x 75 Cyl.(Mag) Basic,,,,,,,,,
A52016080O,0,DA 16 x 80 Cyl.(Mag) Basic,,,,,,,,,
A52016110O,0,DA 16 x 110 Cyl.(Mag) Basic,,,,,,,,,
A52016120O,0,DA 16 x 120 Cyl.(Mag) Basic,,,,,,,,,
A52016125O,0,DA 16 x 125 Cyl.(Mag) Basic,,,,,,,,,
A52016135O,0,DA 16 x 135 Cyl.(Mag) Basic,,,,,,,,,
A52016140O,0,DA 16 x 140 Cyl.(Mag) Basic,,,,,,,,,
A52016150O,0,DA 16 x 150 Cyl. (Mag) Basic,,,,,,,,,
A52016160N,0,DA 16 x 160 Cyl.(Mag) Rear Trunnion,,,,,,,,,
A52016160O,0,DA 16 x 160 Cyl.(Mag) Basic,,,,,,,,,
A52016175O,0,DA 16 x 175 Cyl.(Mag) Basic,,,,,,,,,
A52016180O,0,DA 16 x 180 Cyl.(Mag) Basic,,,,,,,,,
A52016190O,0,DA 16 x 190 Cyl.(Mag) Basic,,,,,,,,,
A52016200O,0,DA 16 x 200 Cyl.(Mag) Basic,,,,,,,,,
A52016220O,0,DA 16 x 220 Cyl.(Mag) Basic,,,,,,,,,
A52016230O,0,DA 16 x 230 Cyl.(Mag) Basic,,,,,,,,,
A52016250O,0,DA 16 x 250 Cyl.(Mag) Basic,,,,,,,,,
A52016300O,0,DA 16 x 300 Cyl.(Mag) Basic,,,,,,,,,
A52016320O,0,DA 16 x 320 Cyl.(Mag) Basic,,,,,,,,,
A52020010O,0,DA 20 x 10 Cyl.(Mag) Basic,,,,,,,,,
A52020012O,0,DA 20 x 12 Cyl.(Mag) Basic,,,,,,,,,
A52020015O,0,DA 20 x 15 Cyl.(Mag) Basic,,,,,,,,,
A52020020O,0,DA 20 x 20 Cyl.(Mag) Basic,,,,,,,,,
A52020025F,0,DA 20 x 25 Cyl.(Mag) Front Flange,,,,,,,,,
A52020025O,0,DA 20 x 25 Cyl.(Mag) Basic,,,,,,,,,
A52020030O,0,DA 20 x 30 Cyl.(Mag) Basic,,,,,,,,,
A52020035O,0,DA 20 x 35 Cyl.(Mag) Basic,,,,,,,,,
A52020040O,0,DA 20 x 40 Cyl.(Mag) Basic,,,,,,,,,
A52020050O,0,DA 20 x 50 Cyl.(Mag) Basic,,,,,,,,,
A52020050R,0,DA 20 x 50 Cyl.(Mag) Rear Flange,,,,,,,,,
A52020060O,0,DA 20 x 60 Cyl.(Mag) Basic,,,,,,,,,
A52020065O,0,DA 20 x 65 Cyl.(Mag) Basic,,,,,,,,,
A52020070O,0,DA 20 x 70 Cyl.(Mag) Basic,,,,,,,,,
A52020075O,0,DA 20 x 75 Cyl.(Mag) Basic,,,,,,,,,
A52020080D,0,DA 20 x 80 Cyl.(Mag) D.Foot Mount,,,,,,,,,
A52020080L,0,DA 20 x 80 Cyl.(Mag) F.Foot Mount,,,,,,,,,
A52020080O,0,DA 20 x 80 Cyl.(Mag) Basic,,,,,,,,,
A52020085O,0,DA 20 x 85 Cyl. (Mag) Basic,,,,,,,,,
A52020100O,0,DA 20 x 100 Cyl.(Mag) Basic,,,,,,,,,
A52020120O,0,DA 20 x 120 Cyl.(Mag) Basic,,,,,,,,,
A52020125O,0,DA 20 x 125 Cyl.(Mag) Basic,,,,,,,,,
A52020140O,0,DA 20 x 140 Cyl.(Mag) Basic,,,,,,,,,
A52020150O,0,DA 20 x 150 Cyl.(Mag) Basic,,,,,,,,,
A52020160O,0,DA 20 x 160 Cyl.(Mag) Basic,,,,,,,,,
A52020170O,0,DA 20 x 170 Cyl.(Mag) Basic,,,,,,,,,
A52020175O,0,DA 20 x 175 Cyl.(Mag) Basic,,,,,,,,,
A52020180O,0,DA 20 x 180 Cyl.(Mag) Basic,,,,,,,,,
A52020200O,0,DA 20 x 200 Cyl.(Mag) Basic,,,,,,,,,
A52020210O,0,DA 20 x 210 Cyl.(Mag) Basic,,,,,,,,,
A52020220O,0,DA 20 x 220 Cyl.(Mag) Basic,,,,,,,,,
A52020225O,0,DA 20 x 225 Cyl.(Mag) Basic,,,,,,,,,
A52020230O,0,DA 20 x 230 Cyl.(Mag) Basic,,,,,,,,,
A52020250O,0,DA 20 x 250 Cyl.(Mag) Basic,,,,,,,,,
A52020260O,0,DA 20 x 260 Cyl.(Mag) Basic,,,,,,,,,
A52020300O,0,DA 20 x 300 Cyl.(Mag) Basic,,,,,,,,,
A52020320O,0,DA 20 x 320 Cyl.(Mag) Basic,,,,,,,,,
A52020325O,0,DA 20 x 325 Cyl.(Mag) Basic,,,,,,,,,
A52020330O,0,DA 20 x 330 Cyl.(Mag) Basic,,,,,,,,,
A52020350O,0,DA 20 x 350 Cyl.(Mag) Basic,,,,,,,,,
A52020375O,0,DA 20 x 375 Cyl.(Mag) Basic,,,,,,,,,
A52020400O,0,DA 20 x 400 Cyl.(Mag) Basic,,,,,,,,,
A52020420O,0,DA 20 x 420 Cyl.(Mag) Basic,,,,,,,,,
A52020425O,0,DA 20 x 425 Cyl.(Mag) Basic,,,,,,,,,
A52020450O,0,DA 20 x 450 Cyl.(Mag) Basic,,,,,,,,,
A52020475O,0,DA 20 x 475 Cyl.(Mag) Basic,,,,,,,,,
A52020500D,0,DA 20 x 500 Cyl.(Mag) D.Foot Mount,,,,,,,,,
A52020500O,0,DA 20 x 500 Cyl.(Mag) Basic,,,,,,,,,
A52020525O,0,DA 20 x 525 Cyl.(Mag) Basic,,,,,,,,,
A52020650O,0,DA 20 x 650 Cyl.(Mag) Basic,,,,,,,,,
A52020700O,0,DA 20 x 700 Cyl.(Mag) Basic,,,,,,,,,
A52025010O,0,DA 25 x 10 Cyl.(Mag) Basic,,,,,,,,,
A52025015O,0,DA 25 x 15 Cyl.(Mag) Basic,,,,,,,,,
A52025016O,0,DA 25 x 16 Cyl.(Mag) Basic,,,,,,,,,
A52025020O,0,DA 25 x 20 Cyl.(Mag) Basic,,,,,,,,,
A52025030O,0,DA 25 x 30 Cyl.(Mag) Basic,,,,,,,,,
A52025035O,0,DA 25 x 35 Cyl.(Mag) Basic,,,,,,,,,
A52025038O,0,DA 25 x 38 Cyl.(Mag) Basic,,,,,,,,,
A52025040O,0,DA 25 x 40 Cyl.(Mag) Basic,,,,,,,,,
A52025050O,0,DA 25 x 50 Cyl.(Mag) Basic,,,,,,,,,
A52025060F,0,DA 25 x 60 Cyl.(Mag) Front Flange,,,,,,,,,
A52025060O,0,DA 25 x 60 Cyl.(Mag) Basic,,,,,,,,,
A52025065O,0,DA 25 x 65 Cyl.(Mag) Basic,,,,,,,,,
A52025070O,0,DA 25 x 70 Cyl.(Mag) Basic,,,,,,,,,
A52025075F,0,DA 25 x 75 Cyl.(Mag) Front Flange,,,,,,,,,
A52025075O,0,DA 25 x 75 Cyl.(Mag) Basic,,,,,,,,,
A52025080F,0,DA 25 x 80 Cyl.(Mag) Front Flange,,,,,,,,,
A52025080O,0,DA 25 x 80 Cyl.(Mag) Basic,,,,,,,,,
A52025085O,0,DA 25 x 85 Cyl.(Mag) Basic,,,,,,,,,
A52025100D,0,DA 25 x 100 Cyl.(Mag) D.Foot Mount,,,,,,,,,
A52025100O,0,DA 25 x 100 Cyl.(Mag) Basic,,,,,,,,,
A52025110O,0,DA 25 x 110 Cyl.(Mag) Basic,,,,,,,,,
A52025120O,0,DA 25 x 120 Cyl.(Mag) Basic,,,,,,,,,
A52025125D,0,DA 25 x 125 Cyl.(Mag) D.Foot Mount,,,,,,,,,
A52025125O,0,DA 25 x 125 Cyl.(Mag) Basic,,,,,,,,,
A52025140O,0,DA 25 x 140 Cyl.(Mag) Basic,,,,,,,,,
A52025145O,0,DA 25 x 145 Cyl.(Mag) Basic,,,,,,,,,
A52025150O,0,DA 25 x 150 Cyl.(Mag) Basic,,,,,,,,,
A52025160O,0,DA 25 x 160 Cyl.(Mag) Basic,,,,,,,,,
A52025170O,0,DA 25 x 170 Cyl.(Mag) Basic,,,,,,,,,
A52025175O,0,DA 25 x 175 Cyl.(Mag) Basic,,,,,,,,,
A52025180O,0,DA 25 x 180 Cyl.(Mag) Basic,,,,,,,,,
A52025185O,0,DA 25 x 185 Cyl.(Mag) Basic,,,,,,,,,
A52025200O,0,DA 25 x 200 Cyl.(Mag) Basic,,,,,,,,,
A52025225O,0,DA 25 x 225 Cyl.(Mag) Basic,,,,,,,,,
A52025230O,0,DA 25 x 230 Cyl.(Mag) Basic,,,,,,,,,
A52025250O,0,DA 25 x 250 Cyl.(Mag) Basic,,,,,,,,,
A52025260O,0,DA 25 x 260 Cyl.(Mag) Basic,,,,,,,,,
A52025270O,0,DA 25 x 270 Cyl.(Mag) Basic,,,,,,,,,
A52025275O,0,DA 25 x 275 Cyl.(Mag) Basic,,,,,,,,,
A52025280O,0,DA 25 x 280 Cyl.(Mag) Basic,,,,,,,,,
A52025300F,0,DA 25 x 300 Cyl.(Mag) Front Flange,,,,,,,,,
A52025300L,0,DA 25 x 300 Cyl.(Mag) F.Foot Mount,,,,,,,,,
A52025300O,0,DA 25 x 300 Cyl.(Mag) Basic,,,,,,,,,
A52025320O,0,DA 25 x 320 Cyl.(Mag) Basic,,,,,,,,,
A52025325O,0,DA 25 x 325 Cyl.(Mag) Basic,,,,,,,,,
A52025340O,0,DA 25 x 340 Cyl.(Mag) Basic,,,,,,,,,
A52025350O,0,DA 25 x 350 Cyl.(Mag) Basic,,,,,,,,,
A52025360O,0,DA 25 x 360 Cyl.(Mag) Basic,,,,,,,,,
A52025368O,0,DA 25 x 368 Cyl.(Mag) Basic,,,,,,,,,
A52025375O,0,DA 25 x 375 Cyl.(Mag) Basic,,,,,,,,,
A52025380O,0,DA 25 x 380 Cyl.(Mag) Basic,,,,,,,,,
A52025400O,0,DA 25 x 400 Cyl.(Mag) Basic,,,,,,,,,
A52025420O,0,DA 25 x 420 Cyl.(Mag) Basic,,,,,,,,,
A52025425O,0,DA 25 x 425 Cyl.(Mag) Basic,,,,,,,,,
A52025450O,0,DA 25 x 450 Cyl.(Mag) Basic,,,,,,,,,
A52025460O,0,DA 25 x 460 Cyl.(Mag) Basic,,,,,,,,,
A52025475O,0,DA 25 x 475 Cyl.(Mag) Basic,,,,,,,,,
A52025500O,0,DA 25 x 500 Cyl.(Mag) Basic,,,,,,,,,
A52025525O,0,DA 25 x 525 Cyl.(Mag) Basic,,,,,,,,,
A52025540O,0,DA 25 x 540 Cyl.(Mag) Basic,,,,,,,,,
A52025550O,0,DA 25 x 550 Cyl.(Mag) Basic,,,,,,,,,
A52025600O,0,DA 25 x 600 Cyl.(Mag) Basic,,,,,,,,,
A52025620O,0,DA 25 x 620 Cyl.(Mag) Basic,,,,,,,,,
A52025650O,0,DA 25 x 650 Cyl.(Mag) Basic,,,,,,,,,
A52025700O,0,DA 25 x 700 Cyl.(Mag) Basic,,,,,,,,,
A52025750O,0,DA 25 x 750 Cyl.(Mag) Basic,,,,,,,,,
A53025060O,0,DA 25 x 60 Cyl. (Mag) (DE) Basic,,,,,,,,,
A54016050O,0,DA 16 x 50 Cyl.(DE) Basic,,,,,,,,,
A54020025O,0,DA 20 x 25 Cyl.(DE) Basic,,,,,,,,,
A54020050O,0,DA 20 x 50 Cyl.(DE) Basic,,,,,,,,,
A54025015O,0,DA 25 x 15 Cyl.(DE) Basic,,,,,,,,,
A54025025O,0,DA 25 x 25 Cyl.(DE) Basic,,,,,,,,,
A54025050O,0,DA 25 x 50 Cyl.(DE) Basic,,,,,,,,,
A55025010O,0,DA 25 x 10 Cyl. (Mag) Basic with Adj. Cushioning,,,,,,,,,
A55025025O,0,DA 25 x 25 Cyl. (Mag) Basic with Adj. Cushioning,,,,,,,,,
A55025040O,0,DA 25 x 40 Cyl. (Mag) Basic with Adj. Cushioning,,,,,,,,,
A55025050O,0,DA 25 x 50 Cyl. (Mag) Basic with Adj. Cushioning,,,,,,,,,
A55025060O,0,DA 25 x 60 Cyl. (Mag) Basic with Adj. Cushioning,,,,,,,,,
A55025075O,0,DA 25 x 75 Cyl. (Mag) Basic with Adj. Cushioning,,,,,,,,,
A55025080O,0,DA 25 x 80 Cyl. (Mag) Basic with Adj. Cushioning,,,,,,,,,
A55025100O,0,DA 25 x 100 Cyl. (Mag) Basic with Adj. Cushioning,,,,,,,,,
A55025110O,0,DA 25 x 110 Cyl. (Mag) Basic with Adj. Cushioning,,,,,,,,,
A55025125O,0,DA 25 x 125 Cyl. (Mag) Basic with Adj. Cushioning,,,,,,,,,
A55025135O,0,DA 25 x 135 Cyl. (Mag) Basic with Adj. Cushioning,,,,,,,,,
A55025150O,0,DA 25 x 150 Cyl. (Mag) Basic with Adj. Cushioning],,,,,,,,,
A55025160L,0,DA 25 x 160 Cyl. (Mag) F.Foot Mount with Adj. Cushioning,,,,,,,,,
A55025160O,0,DA 25 x 160 Cyl. (Mag) Basic with Adj. Cushioning,,,,,,,,,
A55025175O,0,DA 25 x 175 Cyl. (Mag) Basic with Adj. Cushioning,,,,,,,,,
A55025200O,0,DA 25 x 200 Cyl. (Mag) Basic with Adj. Cushioning,,,,,,,,,
A55025250O,0,DA 25 x 250 Cyl. (Mag) Basic with Adj. Cushioning,,,,,,,,,
A55025300O,0,DA 25 x 300 Cyl. (Mag) Basic with Adj. Cushioning,,,,,,,,,
A55025315O,0,DA 25 x 315 Cyl. (Mag) Basic with Adj. Cushioning,,,,,,,,,
A55025350O,0,DA 25 x 350 Cyl. (Mag) Basic with Adj. Cushioning,,,,,,,,,
A55025400O,0,DA 25 x 400 Cyl. (Mag) Basic with Adj. Cushioning,,,,,,,,,
A55025450O,0,DA 25 x 450 Cyl. (Mag) Basic with Adj. Cushioning,,,,,,,,,
A55025500O,0,DA 25 x 500 Cyl. (Mag) Basic with Adj. Cushioning,,,,,,,,,
A55025550O,0,DA 25 x 550 Cyl. (Mag) Basic with Adj. Cushioning,,,,,,,,,
A55025600O,0,DA 25 x 600 Cyl. (Mag) Basic with Adj. Cushioning,,,,,,,,,
A56025010O,0,DA 25 x 10 Cyl. Basic with Adj. Cushioning,,,,,,,,,
A56025015O,0,DA 25 x 15 Cyl. Basic with Adj. Cushioning,,,,,,,,,
A56025025O,0,DA 25 x 25 Cyl. Basic with Adj. Cushioning,,,,,,,,,
A56025035O,0,DA 25 x 35 Cyl. Basic with Adj. Cushioning,,,,,,,,,
A56025040O,0,DA 25 x 40 Cyl. Basic with Adj. Cushioning,,,,,,,,,
A56025050D,0,DA 25 x 50 Cyl. D.Foot mount with Adj. Cushioning,,,,,,,,,
A56025050O,0,DA 25 x 50 Cyl. Basic with Adj. Cushioning,,,,,,,,,
A56025060O,0,DA 25 x 60 Cyl. Basic with Adj. Cushioning,,,,,,,,,
A56025065O,0,DA 25 x 65 Cyl. Basic with Adj. Cushioning,,,,,,,,,
A56025080O,0,DA 25 x 80 Cyl. Basic with Adj. Cushioning,,,,,,,,,
A56025100O,0,DA 25 x 100 Cyl. Basic with Adj. Cushioning,,,,,,,,,
A56025125O,0,DA 25 x 125 Cyl. Basic with Adj. Cushioning,,,,,,,,,
A56025150O,0,DA 25 x 150 Cyl. Basic with Adj. Cushioning,,,,,,,,,
A56025160O,0,DA 25 x 160 Cyl. Basic with Adj. Cushioning,,,,,,,,,
A56025175O,0,DA 25 x 175 Cyl. Basic with Adj. Cushioning,,,,,,,,,
A56025250O,0,DA 25 x 250 Cyl. Basic with Adj. Cushioning,,,,,,,,,
A56025300O,0,DA 25 x 300 Cyl. Basic with Adj. Cushioning,,,,,,,,,
A56025320O,0,DA 25 x 320 Cyl. Basic with Adj. Cushioning,,,,,,,,,
A60032010O,0,DA 32 x 10 Compact(ISO) Cyl.(Mag)(DE) Basic,,,,,,,,,
A60032010O-M,0,DA 32 x 10 Compact(ISO) Cyl.(Mag)(DE) Basic,,,,,,,,,
A60032015O,0,DA 32 x 15 Compact(ISO) Cyl.(Mag)(DE) Basic,,,,,,,,,
A60032015O-M,0,DA 32 x 15 Compact(ISO) Cyl.(Mag)(DE) Basic,,,,,,,,,
A60032020O,0,DA 32 x 20 Compact(ISO) Cyl.(Mag)(DE) Basic,,,,,,,,,
A60032020O-M,0,DA 32 x 20 Compact(ISO) Cyl.(Mag)(DE) Basic,,,,,,,,,
A60032025O,0,DA 32 x 25 Compact(ISO) Cyl.(Mag)(DE) Basic,,,,,,,,,
A60032025O-M,0,DA 32 x 25 Compact(ISO) Cyl.(Mag)(DE) Basic,,,,,,,,,
A60032030O,0,DA 32 x 30 Compact(ISO) Cyl.(Mag)(DE) Basic,,,,,,,,,
A60032030O-M,0,DA 32 x 30 Compact(ISO) Cyl.(Mag)(DE) Basic,,,,,,,,,
A60032040O,0,DA 32 x 40 Compact(ISO) Cyl.(Mag)(DE) Basic,,,,,,,,,
A60032040O-M,0,DA 32 x 40 Compact(ISO) Cyl.(Mag)(DE) Basic,,,,,,,,,
A60032050O,0,DA 32 x 50 Compact(ISO) Cyl.(Mag)(DE) Basic,,,,,,,,,
A60032050O-M,0,DA 32 x 50 Compact(ISO) Cyl.(Mag)(DE) Basic,,,,,,,,,
A60032060O,0,DA 32 x 60 Compact(ISO) Cyl.(Mag)(DE) Basic,,,,,,,,,
A60032060O-M,0,DA 32 x 60 Compact(ISO) Cyl.(Mag)(DE) Basic,,,,,,,,,
A60032070O,0,DA 32 x 70 Compact(ISO) Cyl.(Mag)(DE) Basic,,,,,,,,,
A60032070O-M,0,DA 32 x 70 Compact(ISO) Cyl.(Mag)(DE) Basic,,,,,,,,,
A60032080O,0,DA 32 x 80 Compact(ISO) Cyl.(Mag)(DE) Basic,,,,,,,,,
A60032080O-M,0,DA 32 x 80 Compact(ISO) Cyl.(Mag)(DE) Basic,,,,,,,,,
A60040010O,0,DA 40 x 10 Compact(ISO) Cyl.(Mag)(DE) Basic,,,,,,,,,
A60040010O-M,0,DA 40 x 10 Compact(ISO) Cyl.(Mag)(DE) Basic,,,,,,,,,
A60040015O,0,DA 40 x 15 Compact(ISO) Cyl.(Mag)(DE) Basic,,,,,,,,,
A60040015O-M,0,DA 40 x 15 Compact(ISO) Cyl.(Mag)(DE) Basic,,,,,,,,,
A60040020O,0,DA 40 x 20 Compact(ISO) Cyl.(Mag)(DE) Basic,,,,,,,,,
A60040020O-M,0,DA 40 x 20 Compact(ISO) Cyl.(Mag)(DE) Basic,,,,,,,,,
A60040025O-M,0,DA 40 x 25 Compact(ISO) Cyl.(Mag)(DE) Basic,,,,,,,,,
A60040030O,0,DA 40 x 30 Compact(ISO) Cyl.(Mag)(DE) Basic,,,,,,,,,
A60040030O-M,0,DA 40 x 30 Compact(ISO) Cyl.(Mag)(DE) Basic,,,,,,,,,
A60040040O,0,DA 40 x 40 Compact(ISO) Cyl.(Mag)(DE) Basic,,,,,,,,,
A60040040O-M,0,DA 40 x 40 Compact(ISO) Cyl.(Mag)(DE) Basic,,,,,,,,,
A60040050O,0,DA 40 x 50 Compact(ISO) Cyl.(Mag)(DE) Basic,,,,,,,,,
A60040050O-M,0,DA 40 x 50 Compact(ISO) Cyl.(Mag)(DE) Basic,,,,,,,,,
A60040060O,0,DA 40 x 60 Compact(ISO) Cyl.(Mag)(DE) Basic,,,,,,,,,
A60040060O-M,0,DA 40 x 60 Compact(ISO) Cyl.(Mag)(DE) Basic,,,,,,,,,
A60040070O,0,DA 40 x 70 Compact(ISO) Cyl.(Mag)(DE) Basic,,,,,,,,,
A60040070O-M,0,DA 40 x 70 Compact(ISO) Cyl.(Mag)(DE) Basic,,,,,,,,,
A60040080O,0,DA 40 x 80 Compact(ISO) Cyl.(Mag)(DE) Basic,,,,,,,,,
A60040080O-M,0,DA 40 x 80 Compact(ISO) Cyl.(Mag)(DE) Basic,,,,,,,,,
A60040125O-M,0,DA 40 x 125 Compact(ISO) Cyl.(Mag)(DE) Basic,,,,,,,,,
A60050010O,0,DA 50 x 10 Compact(ISO) Cyl.(Mag)(DE) Basic,,,,,,,,,
A60050010O-M,0,DA 50 x 10 Compact(ISO) Cyl.(Mag)(DE) Basic,,,,,,,,,
A60050015O,0,DA 50 x 15 Compact(ISO) Cyl.(Mag)(DE) Basic,,,,,,,,,
A60050015O-M,0,DA 50 x 15 Compact(ISO) Cyl.(Mag)(DE) Basic,,,,,,,,,
A60050020O,0,DA 50 x 20 Compact(ISO) Cyl.(Mag)(DE) Basic,,,,,,,,,
A60050020O-M,0,DA 50 x 20 Compact(ISO) Cyl.(Mag)(DE) Basic,,,,,,,,,
A60050025O,0,DA 50 x 25 Compact(ISO) Cyl.(Mag)(DE) Basic,,,,,,,,,
A60050025O-M,0,DA 50 x 25 Compact(ISO) Cyl.(Mag)(DE) Basic,,,,,,,,,
A60050030O,0,DA 50 x 30 Compact(ISO) Cyl.(Mag)(DE) Basic,,,,,,,,,
A60050030O-M,0,DA 50 x 30 Compact(ISO) Cyl.(Mag)(DE) Basic,,,,,,,,,
A60050040O,0,DA 50 x 40 Compact(ISO) Cyl.(Mag)(DE) Basic,,,,,,,,,
A60050040O-M,0,DA 50 x 40 Compact(ISO) Cyl.(Mag)(DE) Basic,,,,,,,,,
A60050050O,0,DA 50 x 50 Compact(ISO) Cyl.(Mag)(DE) Basic,,,,,,,,,
A60050050O-M,0,DA 50 x 50 Compact(ISO) Cyl.(Mag)(DE) Basic,,,,,,,,,
A60050060O,0,DA 50 x 60 Compact(ISO) Cyl.(Mag)(DE) Basic,,,,,,,,,
A60050060O-M,0,DA 50 x 60 Compact(ISO) Cyl.(Mag)(DE) Basic,,,,,,,,,
A60050070O,0,DA 50 x 70 Compact(ISO) Cyl.(Mag)(DE) Basic,,,,,,,,,
A60050070O-M,0,DA 50 x 70 Compact(ISO) Cyl.(Mag)(DE) Basic,,,,,,,,,
A60050080O,0,DA 50 x 80 Compact(ISO) Cyl.(Mag)(DE) Basic,,,,,,,,,
A60050080O-M,0,DA 50 x 80 Compact(ISO) Cyl.(Mag)(DE) Basic,,,,,,,,,
A60050100O,0,DA 50 x 100 Compact(ISO) Cyl.(Mag)(DE) Basic,,,,,,,,,
A60063010O,0,DA 63 x 10 Compact(ISO) Cyl.(Mag)(DE) Basic,,,,,,,,,
A60063010O-M,0,DA 63 x 10 Compact(ISO) Cyl.(Mag)(DE) Basic,,,,,,,,,
A60063015O,0,DA 63 x 15 Compact(ISO) Cyl.(Mag)(DE) Basic,,,,,,,,,
A60063015O-M,0,DA 63 x 15 Compact(ISO) Cyl.(Mag)(DE) Basic,,,,,,,,,
A60063020O,0,DA 63 x 20 Compact(ISO) Cyl.(Mag)(DE) Basic,,,,,,,,,
A60063020O-M,0,DA 63 x 20 Compact(ISO) Cyl.(Mag)(DE) Basic,,,,,,,,,
A60063025O,0,DA 63 x 25 Compact(ISO) Cyl.(Mag)(DE) Basic,,,,,,,,,
A60063025O-M,0,DA 63 x 25 Compact(ISO) Cyl.(Mag)(DE) Basic,,,,,,,,,
A60063030O,0,DA 63 x 30 Compact(ISO) Cyl.(Mag)(DE) Basic,,,,,,,,,
A60063030O-M,0,DA 63 x 30 Compact(ISO) Cyl.(Mag)(DE) Basic,,,,,,,,,
A60063040O,0,DA 63 x 40 Compact(ISO) Cyl.(Mag)(DE) Basic,,,,,,,,,
A60063040O-M,0,DA 63 x 40 Compact(ISO) Cyl.(Mag)(DE) Basic,,,,,,,,,
A60063050O,0,DA 63 x 50 Compact(ISO) Cyl.(Mag)(DE) Basic,,,,,,,,,
A60063050O-M,0,DA 63 x 50 Compact(ISO) Cyl.(Mag)(DE) Basic,,,,,,,,,
A60063060O,0,DA 63 x 60 Compact(ISO) Cyl.(Mag)(DE) Basic,,,,,,,,,
A60063060O-M,0,DA 63 x 60 Compact(ISO) Cyl.(Mag)(DE) Basic,,,,,,,,,
A60063070O,0,DA 63 x 70 Compact(ISO) Cyl.(Mag)(DE) Basic,,,,,,,,,
A60063070O-M,0,DA 63 x 70 Compact(ISO) Cyl.(Mag)(DE) Basic,,,,,,,,,
A60063080O,0,DA 63 x 80 Compact(ISO) Cyl.(Mag)(DE) Basic,,,,,,,,,
A60063080O-M,0,DA 63 x 80 Compact(ISO) Cyl.(Mag)(DE) Basic,,,,,,,,,
A60063100O,0,DA 63 x 100 Compact(ISO) Cyl.(Mag)(DE) Basic,,,,,,,,,
A60080010O,0,DA 80 x 10 Compact(ISO) Cyl.(Mag)(DE) Basic,,,,,,,,,
A60080010O-M,0,DA 80 x 10 Compact(ISO) Cyl.(Mag)(DE) Basic,,,,,,,,,
A60080015O,0,DA 80 x 15 Compact(ISO) Cyl.(Mag)(DE) Basic,,,,,,,,,
A60080015O-M,0,DA 80 x 15 Compact(ISO) Cyl.(Mag)(DE) Basic,,,,,,,,,
A60080020O,0,DA 80 x 20 Compact(ISO) Cyl.(Mag)(DE) Basic,,,,,,,,,
A60080020O-M,0,DA 80 x 20 Compact(ISO) Cyl.(Mag)(DE) Basic,,,,,,,,,
A60080025O,0,DA 80 x 25 Compact(ISO) Cyl.(Mag)(DE) Basic,,,,,,,,,
A60080025O-M,0,DA 80 x 25 Compact(ISO) Cyl.(Mag)(DE) Basic,,,,,,,,,
A60080030O,0,DA 80 x 30 Compact(ISO) Cyl.(Mag)(DE) Basic,,,,,,,,,
A60080030O-M,0,DA 80 x 30 Compact(ISO) Cyl.(Mag)(DE) Basic,,,,,,,,,
A60080040O,0,DA 80 x 40 Compact(ISO) Cyl.(Mag)(DE) Basic,,,,,,,,,
A60080040O-M,0,DA 80 x 40 Compact(ISO) Cyl.(Mag)(DE) Basic,,,,,,,,,
A60080050O,0,DA 80 x 50 Compact(ISO) Cyl.(Mag)(DE) Basic,,,,,,,,,
A60080050O-M,0,DA 80 x 50 Compact(ISO) Cyl.(Mag)(DE) Basic,,,,,,,,,
A60080060O,0,DA 80 x 60 Compact(ISO) Cyl.(Mag)(DE) Basic,,,,,,,,,
A60080060O-M,0,DA 80 x 60 Compact(ISO) Cyl.(Mag)(DE) Basic,,,,,,,,,
A60080070O,0,DA 80 x 70 Compact(ISO) Cyl.(Mag)(DE) Basic,,,,,,,,,
A60080070O-M,0,DA 80 x 70 Compact(ISO) Cyl.(Mag)(DE) Basic,,,,,,,,,
A60080080O,0,DA 80 x 80 Compact(ISO) Cyl.(Mag)(DE) Basic,,,,,,,,,
A60080080O-M,0,DA 80 x 80 Compact(ISO) Cyl.(Mag)(DE) Basic,,,,,,,,,
A60100010O,0,DA 100 x 10 Compact(ISO) Cyl.(Mag)(DE) Basic,,,,,,,,,
A60100010O-M,0,DA 100 x 10 Compact(ISO) Cyl.(Mag)(DE) Basic,,,,,,,,,
A60100015O,0,DA 100 x 15 Compact(ISO) Cyl.(Mag)(DE) Basic,,,,,,,,,
A60100015O-M,0,DA 100 x 15 Compact(ISO) Cyl.(Mag)(DE) Basic,,,,,,,,,
A60100020O,0,DA 100 x 20 Compact(ISO) Cyl.(Mag)(DE) Basic,,,,,,,,,
A60100020O-M,0,DA 100 x 20 Compact(ISO) Cyl.(Mag)(DE) Basic,,,,,,,,,
A60100025O,0,DA 100 x 25 Compact(ISO) Cyl.(Mag)(DE) Basic,,,,,,,,,
A60100025O-M,0,DA 100 x 25 Compact(ISO) Cyl.(Mag)(DE) Basic,,,,,,,,,
A60100030O,0,DA 100 x 30 Compact(ISO) Cyl.(Mag)(DE) Basic,,,,,,,,,
A60100030O-M,0,DA 100 x 30 Compact(ISO) Cyl.(Mag)(DE) Basic,,,,,,,,,
A60100040O,0,DA 100 x 40 Compact(ISO) Cyl.(Mag)(DE) Basic,,,,,,,,,
A60100040O-M,0,DA 100 x 40 Compact(ISO) Cyl.(Mag)(DE) Basic,,,,,,,,,
A60100050O,0,DA 100 x 50 Compact(ISO) Cyl.(Mag)(DE) Basic,,,,,,,,,
A60100050O-M,0,DA 100 x 50 Compact(ISO) Cyl.(Mag)(DE) Basic,,,,,,,,,
A60100060O,0,DA 100 x 60 Compact(ISO) Cyl.(Mag)(DE) Basic,,,,,,,,,
A60100060O-M,0,DA 100 x 60 Compact(ISO) Cyl.(Mag)(DE) Basic,,,,,,,,,
A60100070O,0,DA 100 x 70 Compact(ISO) Cyl.(Mag)(DE) Basic,,,,,,,,,
A60100070O-M,0,DA 100 x 70 Compact(ISO) Cyl.(Mag)(DE) Basic,,,,,,,,,
A60100080O,0,DA 100 x 80 Compact(ISO) Cyl.(Mag)(DE) Basic,,,,,,,,,
A60100080O-M,0,DA 100 x 80 Compact(ISO) Cyl.(Mag)(DE) Basic,,,,,,,,,
A61025080O-M,0,DA 25 x 80 Compact (ISO) Cyl. (DE) Basic,,,,,,,,,
A61032010O,0,DA 32 x 10 Compact(ISO) Cyl.(DE) Basic,,,,,,,,,
A61032010O-M,0,DA 32 x 10 Compact(ISO) Cyl.(DE) Basic,,,,,,,,,
A61032015O,0,DA 32 x 15 Compact(ISO) Cyl.(DE) Basic,,,,,,,,,
A61032015O-M,0,DA 32 x 15 Compact(ISO) Cyl.(DE) Basic,,,,,,,,,
A61032020O,0,DA 32 x 20 Compact(ISO) Cyl.(DE) Basic,,,,,,,,,
A61032020O-M,0,DA 32 x 20 Compact(ISO) Cyl.(DE) Basic,,,,,,,,,
A61032025O,0,DA 32 x 25 Compact(ISO) Cyl.(DE) Basic,,,,,,,,,
A61032025O-M,0,DA 32 x 25 Compact(ISO) Cyl.(DE) Basic,,,,,,,,,
A61032030O,0,DA 32 x 30 Compact(ISO) Cyl.(DE) Basic,,,,,,,,,
A61032030O-M,0,DA 32 x 30 Compact(ISO) Cyl.(DE) Basic,,,,,,,,,
A61032031O-M,0,DA 32 x 31 Compact(ISO) Cyl.(DE) Basic,,,,,,,,,
A61032040O,0,DA 32 x 40 Compact(ISO) Cyl.(DE) Basic,,,,,,,,,
A61032040O-M,0,DA 32 x 40 Compact(ISO) Cyl.(DE) Basic,,,,,,,,,
A61032050O,0,DA 32 x 50 Compact(ISO) Cyl.(DE) Basic,,,,,,,,,
A61032050O-M,0,DA 32 x 50 Compact(ISO) Cyl.(DE) Basic,,,,,,,,,
A61032060O,0,DA 32 x 60 Compact(ISO) Cyl.(DE) Basic,,,,,,,,,
A61032060O-M,0,DA 32 x 60 Compact(ISO) Cyl.(DE) Basic,,,,,,,,,
A61032070O,0,DA 32 x 70 Compact(ISO) Cyl.(DE) Basic,,,,,,,,,
A61032070O-M,0,DA 32 x 70 Compact(ISO) Cyl.(DE) Basic,,,,,,,,,
A61032080O,0,DA 32 x 80 Compact(ISO) Cyl.(DE) Basic,,,,,,,,,
A61032080O-M,0,DA 32 x 80 Compact(ISO) Cyl.(DE) Basic,,,,,,,,,
A61032125O-M,0,DA 32 x 125 Compact(ISO) Cyl.(DE) Basic,,,,,,,,,
A61040010O,0,DA 40 x 10 Compact(ISO) Cyl.(DE) Basic,,,,,,,,,
A61040010O-M,0,DA 40 x 10 Compact(ISO) Cyl.(DE) Basic,,,,,,,,,
A61040015O,0,DA 40 x 15 Compact(ISO) Cyl.(DE) Basic,,,,,,,,,
A61040015O-M,0,DA 40 x 15 Compact(ISO) Cyl.(DE) Basic,,,,,,,,,
A61040020O,0,DA 40 x 20 Compact(ISO) Cyl.(DE) Basic,,,,,,,,,
A61040020O-M,0,DA 40 x 20 Compact(ISO) Cyl.(DE) Basic,,,,,,,,,
A61040025O,0,DA 40 x 25 Compact(ISO) Cyl.(DE) Basic,,,,,,,,,
A61040025O-M,0,DA 40 x 25 Compact(ISO) Cyl.(DE) Basic,,,,,,,,,
A61040030O,0,DA 40 x 30 Compact(ISO) Cyl.(DE) Basic,,,,,,,,,
A61040030O-M,0,DA 40 x 30 Compact(ISO) Cyl.(DE) Basic,,,,,,,,,
A61040040O,0,DA 40 x 40 Compact(ISO) Cyl.(DE) Basic,,,,,,,,,
A61040040O-M,0,DA 40 x 40 Compact(ISO) Cyl.(DE) Basic,,,,,,,,,
A61040050O,0,DA 40 x 50 Compact(ISO) Cyl.(DE) Basic,,,,,,,,,
A61040050O-M,0,DA 40 x 50 Compact(ISO) Cyl.(DE) Basic,,,,,,,,,
A61040060O,0,DA 40 x 60 Compact(ISO) Cyl.(DE) Basic,,,,,,,,,
A61040060O-M,0,DA 40 x 60 Compact(ISO) Cyl.(DE) Basic,,,,,,,,,
A61040070O,0,DA 40 x 70 Compact(ISO) Cyl.(DE) Basic,,,,,,,,,
A61040070O-M,0,DA 40 x 70 Compact(ISO) Cyl.(DE) Basic,,,,,,,,,
A61040080O,0,DA 40 x 80 Compact(ISO) Cyl.(DE) Basic,,,,,,,,,
A61040080O-M,0,DA 40 x 80 Compact(ISO) Cyl.(DE) Basic,,,,,,,,,
A61050010O,0,DA 50 x 10 Compact(ISO) Cyl.(DE) Basic,,,,,,,,,
A61050010O-M,0,DA 50 x 10 Compact(ISO) Cyl.(DE) Basic,,,,,,,,,
A61050015O,0,DA 50 x 15 Compact(ISO) Cyl.(DE) Basic,,,,,,,,,
A61050015O-M,0,DA 50 x 15 Compact(ISO) Cyl.(DE) Basic,,,,,,,,,
A61050020O,0,DA 50 x 20 Compact(ISO) Cyl.(DE) Basic,,,,,,,,,
A61050020O-M,0,DA 50 x 20 Compact(ISO) Cyl.(DE) Basic,,,,,,,,,
A61050025O,0,DA 50 x 25 Compact(ISO) Cyl.(DE) Basic,,,,,,,,,
A61050025O-M,0,DA 50 x 25 Compact(ISO) Cyl.(DE) Basic,,,,,,,,,
A61050030O,0,DA 50 x 30 Compact(ISO) Cyl.(DE) Basic,,,,,,,,,
A61050030O-M,0,DA 50 x 30 Compact(ISO) Cyl.(DE) Basic,,,,,,,,,
A61050040O,0,DA 50 x 40 Compact(ISO) Cyl.(DE) Basic,,,,,,,,,
A61050040O-M,0,DA 50 x 40 Compact(ISO) Cyl.(DE) Basic,,,,,,,,,
A61050050O,0,DA 50 x 50 Compact(ISO) Cyl.(DE) Basic,,,,,,,,,
A61050050O-M,0,DA 50 x 50 Compact(ISO) Cyl.(DE) Basic,,,,,,,,,
A61050060O,0,DA 50 x 60 Compact(ISO) Cyl.(DE) Basic,,,,,,,,,
A61050060O-M,0,DA 50 x 60 Compact(ISO) Cyl.(DE) Basic,,,,,,,,,
A61050070O,0,DA 50 x 70 Compact(ISO) Cyl.(DE) Basic,,,,,,,,,
A61050070O-M,0,DA 50 x 70 Compact(ISO) Cyl.(DE) Basic,,,,,,,,,
A61050080O,0,DA 50 x 80 Compact(ISO) Cyl.(DE) Basic,,,,,,,,,
A61050080O-M,0,DA 50 x 80 Compact(ISO) Cyl.(DE) Basic,,,,,,,,,
A61063010O,0,DA 63 x 10 Compact(ISO) Cyl.(DE) Basic,,,,,,,,,
A61063010O-M,0,DA 63 x 10 Compact(ISO) Cyl.(DE) Basic,,,,,,,,,
A61063015O,0,DA 63 x 15 Compact(ISO) Cyl.(DE) Basic,,,,,,,,,
A61063015O-M,0,DA 63 x 15 Compact(ISO) Cyl.(DE) Basic,,,,,,,,,
A61063020O,0,DA 63 x 20 Compact(ISO) Cyl.(DE) Basic,,,,,,,,,
A61063020O-M,0,DA 63 x 20 Compact(ISO) Cyl.(DE) Basic,,,,,,,,,
A61063025O,0,DA 63 x 25 Compact(ISO) Cyl.(DE) Basic,,,,,,,,,
A61063025O-M,0,DA 63 x 25 Compact(ISO) Cyl.(DE) Basic,,,,,,,,,
A61063030O,0,DA 63 x 30 Compact(ISO) Cyl.(DE) Basic,,,,,,,,,
A61063030O-M,0,DA 63 x 30 Compact(ISO) Cyl.(DE) Basic,,,,,,,,,
A61063040O,0,DA 63 x 40 Compact(ISO) Cyl.(DE) Basic,,,,,,,,,
A61063040O-M,0,DA 63 x 40 Compact(ISO) Cyl.(DE) Basic,,,,,,,,,
A61063050O,0,DA 63 x 50 Compact(ISO) Cyl.(DE) Basic,,,,,,,,,
A61063050O-M,0,DA 63 x 50 Compact(ISO) Cyl.(DE) Basic,,,,,,,,,
A61063060O,0,DA 63 x 60 Compact(ISO) Cyl.(DE) Basic,,,,,,,,,
A61063060O-M,0,DA 63 x 60 Compact(ISO) Cyl.(DE) Basic,,,,,,,,,
A61063070O,0,DA 63 x 70 Compact(ISO) Cyl.(DE) Basic,,,,,,,,,
A61063070O-M,0,DA 63 x 70 Compact(ISO) Cyl.(DE) Basic,,,,,,,,,
A61063080O,0,DA 63 x 80 Compact(ISO) Cyl.(DE) Basic,,,,,,,,,
A61063080O-M,0,DA 63 x 80 Compact(ISO) Cyl.(DE) Basic,,,,,,,,,
A61063100O,0,DA 63 x 100 Compact(ISO) Cyl.(DE) Basic,,,,,,,,,
A61080010O,0,DA 80 x 10 Compact(ISO) Cyl.(DE) Basic,,,,,,,,,
A61080010O-M,0,DA 80 x 10 Compact(ISO) Cyl.(DE) Basic,,,,,,,,,
A61080015O,0,DA 80 x 15 Compact(ISO) Cyl.(DE) Basic,,,,,,,,,
A61080015O-M,0,DA 80 x 15 Compact(ISO) Cyl.(DE) Basic,,,,,,,,,
A61080020O,0,DA 80 x 20 Compact(ISO) Cyl.(DE) Basic,,,,,,,,,
A61080020O-M,0,DA 80 x 20 Compact(ISO) Cyl.(DE) Basic,,,,,,,,,
A61080025O,0,DA 80 x 25 Compact(ISO) Cyl.(DE) Basic,,,,,,,,,
A61080025O-M,0,DA 80 x 25 Compact(ISO) Cyl.(DE) Basic,,,,,,,,,
A61080030O,0,DA 80 x 30 Compact(ISO) Cyl.(DE) Basic,,,,,,,,,
A61080030O-M,0,DA 80 x 30 Compact(ISO) Cyl.(DE) Basic,,,,,,,,,
A61080040O,0,DA 80 x 40 Compact(ISO) Cyl.(DE) Basic,,,,,,,,,
A61080040O-M,0,DA 80 x 40 Compact(ISO) Cyl.(DE) Basic,,,,,,,,,
A61080050O,0,DA 80 x 50 Compact(ISO) Cyl.(DE) Basic,,,,,,,,,
A61080050O-M,0,DA 80 x 50 Compact(ISO) Cyl.(DE) Basic,,,,,,,,,
A61080060O,0,DA 80 x 60 Compact(ISO) Cyl.(DE) Basic,,,,,,,,,
A61080060O-M,0,DA 80 x 60 Compact(ISO) Cyl.(DE) Basic,,,,,,,,,
A61080070O,0,DA 80 x 70 Compact(ISO) Cyl.(DE) Basic,,,,,,,,,
A61080070O-M,0,DA 80 x 70 Compact(ISO) Cyl.(DE) Basic,,,,,,,,,
A61080080O,0,DA 80 x 80 Compact(ISO) Cyl.(DE) Basic,,,,,,,,,
A61080080O-M,0,DA 80 x 80 Compact(ISO) Cyl.(DE) Basic,,,,,,,,,
A61100010O,0,DA 100 x 10 Compact(ISO) Cyl.(DE) Basic,,,,,,,,,
A61100010O-M,0,DA 100 x 10 Compact(ISO) Cyl.(DE) Basic,,,,,,,,,
A61100015O,0,DA 100 x 15 Compact(ISO) Cyl.(DE) Basic,,,,,,,,,
A61100015O-M,0,DA 100 x 15 Compact(ISO) Cyl.(DE) Basic,,,,,,,,,
A61100020O,0,DA 100 x 20 Compact(ISO) Cyl.(DE) Basic,,,,,,,,,
A61100020O-M,0,DA 100 x 20 Compact(ISO) Cyl.(DE) Basic,,,,,,,,,
A61100025O,0,DA 100 x 25 Compact(ISO) Cyl.(DE) Basic,,,,,,,,,
A61100025O-M,0,DA 100 x 25 Compact(ISO) Cyl.(DE) Basic,,,,,,,,,
A61100030O,0,DA 100 x 30 Compact(ISO) Cyl.(DE) Basic,,,,,,,,,
A61100030O-M,0,DA 100 x 30 Compact(ISO) Cyl.(DE) Basic,,,,,,,,,
A61100040O,0,DA 100 x 40 Compact(ISO) Cyl.(DE) Basic,,,,,,,,,
A61100040O-M,0,DA 100 x 40 Compact(ISO) Cyl.(DE) Basic,,,,,,,,,
A61100050O,0,DA 100 x 50 Compact(ISO) Cyl.(DE) Basic,,,,,,,,,
A61100050O-M,0,DA 100 x 50 Compact(ISO) Cyl.(DE) Basic,,,,,,,,,
A61100060O,0,DA 100 x 60 Compact(ISO) Cyl.(DE) Basic,,,,,,,,,
A61100060O-M,0,DA 100 x 60 Compact(ISO) Cyl.(DE) Basic,,,,,,,,,
A61100070O,0,DA 100 x 70 Compact(ISO) Cyl.(DE) Basic,,,,,,,,,
A61100070O-M,0,DA 100 x 70 Compact(ISO) Cyl.(DE) Basic,,,,,,,,,
A61100080O,0,DA 100 x 80 Compact(ISO) Cyl.(DE) Basic,,,,,,,,,
A61100080O-M,0,DA 100 x 80 Compact(ISO) Cyl.(DE) Basic,,,,,,,,,
A63025005O,0,DA 25 x 5 Compact (ISO) Cyl. (Mag) Basic,,,,,,,,,
A63025005O-M,0,DA 25 x 5 Compact (ISO) Cyl. (Mag) Basic,,,,,,,,,
A63025010O,0,DA 25 x 10 Compact (ISO) Cyl. (Mag) Basic,,,,,,,,,
A63025010O-M,0,DA 25 x 10 Compact (ISO) Cyl. (Mag) Basic,,,,,,,,,
A63025015O,0,DA 25 x 15 Compact (ISO) Cyl. (Mag) Basic,,,,,,,,,
A63025015O-M,0,DA 25 x 15 Compact (ISO) Cyl. (Mag) Basic,,,,,,,,,
A63025020O,0,DA 25 x 20 Compact (ISO) Cyl. (Mag) Basic,,,,,,,,,
A63025020O-M,0,DA 25 x 20 Compact (ISO) Cyl. (Mag) Basic,,,,,,,,,
A63025025O,0,DA 25 x 25 Compact (ISO) Cyl. (Mag) Basic,,,,,,,,,
A63025030O,0,DA 25 x 30 Compact (ISO) Cyl. (Mag) Basic,,,,,,,,,
A63025030O-M,0,DA 25 x 30 Compact (ISO) Cyl. (Mag) Basic,,,,,,,,,
A63025035O-M,0,DA 25 x 035 Compact (ISO) Cyl. (Mag) Basic,,,,,,,,,
A63025040F,0,DA 25 x 40 Compact (ISO) Cyl. (Mag) Front flange,,,,,,,,,
A63025040O,0,DA 25 x 40 Compact (ISO) Cyl. (Mag) Basic,,,,,,,,,
A63025040O-M,0,DA 25 x 40 Compact (ISO) Cyl. (Mag) Basic,,,,,,,,,
A63025045O-M,0,DA 25 x 45 Compact (ISO) Cyl. (Mag) Basic,,,,,,,,,
A63025050O,0,DA 25 x 50 Compact (ISO) Cyl. (Mag) Basic,,,,,,,,,
A63025050O-M,0,DA 25 x 50 Compact (ISO) Cyl. (Mag) Basic,,,,,,,,,
A63025060O,0,DA 25 x 60 Compact (ISO) Cyl. (Mag) Basic,,,,,,,,,
A63025060O-M,0,DA 25 x 60 Compact (ISO) Cyl. (Mag) Basic,,,,,,,,,
A63025075O,0,DA 25 x 75 Compact (ISO) Cyl. (Mag) Basic,,,,,,,,,
A63025075O-M,0,DA 25 x 75 Compact (ISO) Cyl. (Mag) Basic,,,,,,,,,
A63025080O-M,0,DA 25 x 80 Compact (ISO) Cyl. (Mag) Basic,,,,,,,,,
A63025100O,0,DA 25 x 100 Compact (ISO) Cyl. (Mag) Basic,,,,,,,,,
A63025100O-M,0,DA 25 x 100 Compact (ISO) Cyl. (Mag) Basic,,,,,,,,,
A63032005O,0,DA 32 x 5 Compact(ISO) Cyl.(Mag) Basic,,,,,,,,,
A63032005O-M,0,DA 32 x 5 Compact(ISO) Cyl.(Mag) Basic,,,,,,,,,
A63032010O,0,DA 32 x 10 Compact(ISO) Cyl.(Mag) Basic,,,,,,,,,
A63032010O-M,0,DA 32 x 10 Compact(ISO) Cyl.(Mag) Basic,,,,,,,,,
A63032012O,0,DA 32 x 12 Compact(ISO) Cyl.(Mag) Basic,,,,,,,,,
A63032014O,0,DA 32 x 14 Compact(ISO) Cyl.(Mag) Basic,,,,,,,,,
A63032015O,0,DA 32 x 15 Compact(ISO) Cyl.(Mag) Basic,,,,,,,,,
A63032015O-M,0,DA 32 x 15 Compact(ISO) Cyl.(Mag) Basic,,,,,,,,,
A63032020O,0,DA 32 x 20 Compact(ISO) Cyl.(Mag) Basic,,,,,,,,,
A63032020O-M,0,DA 32 x 20 Compact(ISO) Cyl.(Mag) Basic,,,,,,,,,
A63032025O,0,DA 32 x 25 Compact(ISO) Cyl.(Mag) Basic,,,,,,,,,
A63032025O-M,0,DA 32 x 25 Compact(ISO) Cyl.(Mag) Basic,,,,,,,,,
A63032030O,0,DA 32 x 30 Compact(ISO) Cyl.(Mag) Basic,,,,,,,,,
A63032030O-M,0,DA 32 x 30 Compact(ISO) Cyl.(Mag) Basic,,,,,,,,,
A63032031O-M,0,DA 32 x 31 Compact(ISO) Cyl.(Mag) Basic,,,,,,,,,
A63032035O,0,DA 32 x 35 Compact(ISO) Cyl.(Mag) Basic,,,,,,,,,
A63032035O-M,0,DA 32 x 35 Compact(ISO) Cyl.(Mag) Basic,,,,,,,,,
A63032040080MOM,0,"Multi position cyl.(Mag) Dia 32 (40,80) Basic",,,,,,,,,
A63032040O,0,DA 32 x 40 Compact(ISO) Cyl.(Mag) Basic,,,,,,,,,
A63032040O-M,0,DA 32 x 40 Compact(ISO) Cyl.(Mag) Basic,,,,,,,,,
A63032050F-M,0,DA 32 x 50 Compact(ISO) Cyl.(Mag) Front Flange,,,,,,,,,
A63032050O,0,DA 32 x 50 Compact(ISO) Cyl.(Mag) Basic,,,,,,,,,
A63032050O-M,0,DA 32 x 50 Compact(ISO) Cyl.(Mag) Basic,,,,,,,,,
A63032060O,0,DA 32 x 60 Compact(ISO) Cyl.(Mag) Basic,,,,,,,,,
A63032060O-M,0,DA 32 x 60 Compact(ISO) Cyl.(Mag) Basic,,,,,,,,,
A63032070O,0,DA 32 x 70 Compact(ISO) Cyl.(Mag) Basic,,,,,,,,,
A63032070O-M,0,DA 32 x 70 Compact(ISO) Cyl.(Mag) Basic,,,,,,,,,
A63032075O,0,DA 32 x 75 Compact(ISO) Cyl.(Mag) Basic,,,,,,,,,
A63032080030MOM,0,"Multi position cyl.(Mag) Dia 32 (80,30) Basic",,,,,,,,,
A63032080080MOM,0,"Multi position cyl.(Mag) Dia 32 (80,80) Basic",,,,,,,,,
A63032080F-M,0,DA 32 x 80 Compact(ISO) Cyl.(Mag) Front Flange,,,,,,,,,
A63032080O,0,DA 32 x 80 Compact(ISO) Cyl.(Mag) Basic,,,,,,,,,
A63032080O-M,0,DA 32 x 80 Compact(ISO) Cyl.(Mag) Basic,,,,,,,,,
A63032100O,0,DA 32 x 100 Compact(ISO) Cyl.(Mag) Basic,,,,,,,,,
A63032100O-M,0,DA 32 x 100 Compact(ISO) Cyl.(Mag) Basic,,,,,,,,,
A63032120O-M,0,DA 32 x 120 Compact(ISO) Cyl.(Mag) Basic,,,,,,,,,
A63032125O-M,0,DA 32 x 125 Compact(ISO) Cyl.(Mag) Basic,,,,,,,,,
A63032130O,0,DA 32 x 130 Compact(ISO) Cyl.(Mag) Basic,,,,,,,,,
A63032150O-M,0,DA 32 x 150 Compact(ISO) Cyl.(Mag) Basic,,,,,,,,,
A63032160O,0,DA 32 x 160 Compact(ISO) Cyl.(Mag) Basic,,,,,,,,,
A63032160O-M,0,DA 32 x 160 Compact(ISO) Cyl.(Mag) Basic,,,,,,,,,
A63032200200MOM,0,"Multi position cyl.(Mag) Dia 32 (200,200) Basic",,,,,,,,,
A63032200O,0,DA 32 x 200 Compact(ISO) Cyl.(Mag) Basic,,,,,,,,,
A63032200O-M,0,DA 32 x 200 Compact(ISO) Cyl.(Mag) Basic,,,,,,,,,
A63032250O-M,0,DA 32 x 250 Compact(ISO) Cyl.(Mag) Basic,,,,,,,,,
A63040010O,0,DA 40 x 10 Compact(ISO) Cyl.(Mag) Basic,,,,,,,,,
A63040010O-M,0,DA 40 x 10 Compact(ISO) Cyl.(Mag) Basic,,,,,,,,,
A63040015O,0,DA 40 x 15 Compact(ISO) Cyl.(Mag) Basic,,,,,,,,,
A63040015O-M,0,DA 40 x 15 Compact(ISO) Cyl.(Mag) Basic,,,,,,,,,
A63040016O-M,0,DA 40 x 16 Compact(ISO) Cyl.(Mag) Basic,,,,,,,,,
A63040020O,0,DA 40 x 20 Compact(ISO) Cyl.(Mag) Basic,,,,,,,,,
A63040020O-M,0,DA 40 x 20 Compact(ISO) Cyl.(Mag) Basic,,,,,,,,,
A63040025010MOM,0,"Multi position cyl.(Mag) Dia 40 (25,10) Basic",,,,,,,,,
A63040025O,0,DA 40 x 25 Compact(ISO) Cyl.(Mag) Basic,,,,,,,,,
A63040025O-M,0,DA 40 x 25 Compact(ISO) Cyl.(Mag) Basic,,,,,,,,,
A63040030O,0,DA 40 x 30 Compact(ISO) Cyl.(Mag) Basic,,,,,,,,,
A63040030O-M,0,DA 40 x 30 Compact(ISO) Cyl.(Mag) Basic,,,,,,,,,
A63040035O,0,DA 40 x 35 Compact(ISO) Cyl.(Mag) Basic,,,,,,,,,
A63040035O-M,0,DA 40 x 35 Compact(ISO) Cyl.(Mag) Basic,,,,,,,,,
A63040040L,0,DA 40 x 40 Compact(ISO) Cyl.(Mag) Foot Mount,,,,,,,,,
A63040040L-M,0,DA 40 x 40 Compact(ISO) Cyl.(Mag) Foot Mount,,,,,,,,,
A63040040O,0,DA 40 x 40 Compact(ISO) Cyl.(Mag) Basic,,,,,,,,,
A63040040O-M,0,DA 40 x 40 Compact(ISO) Cyl.(Mag) Basic,,,,,,,,,
A63040050F,0,DA 40 x 50 Compact(ISO) Cyl.(Mag) Front Flange,,,,,,,,,
A63040050L-M,0,DA 40 x 50 Compact(ISO) Cyl.(Mag) Foot Mount,,,,,,,,,
A63040050O,0,DA 40 x 50 Compact(ISO) Cyl.(Mag) Basic,,,,,,,,,
A63040050O-M,0,DA 40 x 50 Compact(ISO) Cyl.(Mag) Basic,,,,,,,,,
A63040050S-M,0,DA 40 x 50 Compact(ISO) Cyl.(Mag) Male Clevis,,,,,,,,,
A63040060O,0,DA 40 x 60 Compact(ISO) Cyl.(Mag) Basic,,,,,,,,,
A63040060O-M,0,DA 40 x 60 Compact(ISO) Cyl.(Mag) Basic,,,,,,,,,
A63040060S,0,DA 40 x 60 Compact(ISO) Cyl.(Mag) Male Clevis,,,,,,,,,
A63040070O,0,DA 40 x 70 Compact(ISO) Cyl.(Mag) Basic,,,,,,,,,
A63040070O-M,0,DA 40 x 70 Compact(ISO) Cyl.(Mag) Basic,,,,,,,,,
A63040075O,0,DA 40 x 75 Compact(ISO) Cyl.(Mag) Basic,,,,,,,,,
A63040075O-M,0,DA 40 x 75 Compact(ISO) Cyl.(Mag) Basic,,,,,,,,,
A63040080O,0,DA 40 x 80 Compact(ISO) Cyl.(Mag) Basic,,,,,,,,,
A63040080O-M,0,DA 40 x 80 Compact(ISO) Cyl.(Mag) Basic,,,,,,,,,
A63040090O-M,0,DA 40 x 90 Compact(ISO) Cyl.(Mag) Basic,,,,,,,,,
A63040100O,0,DA 40 x 100 Compact(ISO) Cyl.(Mag) Basic,,,,,,,,,
A63040100O-M,0,DA 40 x 100 Compact(ISO) Cyl.(Mag) Basic,,,,,,,,,
A63040120O-M,0,DA 40 x 120 Compact(ISO) Cyl.(Mag) Basic,,,,,,,,,
A63040125200MO,0,"Multi position cyl. (Mag) Dia 40 (125,200) Basic",,,,,,,,,
A63040125O,0,DA 40 x 125 Compact(ISO) Cyl.(Mag) Basic,,,,,,,,,
A63040125O-M,0,DA 40 x 125 Compact(ISO) Cyl.(Mag) Basic,,,,,,,,,
A63040125S,0,DA 40 x 125 Compact(ISO) Cyl.(Mag) Male Clevis,,,,,,,,,
A63040150O,0,DA 40 x 150 Compact(ISO) Cyl.(Mag) Basic,,,,,,,,,
A63040150O-M,0,DA 40 x 150 Compact (ISO) Cyl. (Mag) Basic,,,,,,,,,
A63040160O,0,DA 40 x 160 Compact(ISO) Cyl.(Mag) Basic,,,,,,,,,
A63040160O-M,0,DA 40 x 160 Compact(ISO) Cyl.(Mag) Basic,,,,,,,,,
A63040180O-M,0,DA 40 x 180 Compact (ISO) Cyl. (Mag) Basic,,,,,,,,,
A63040200O,0,DA 40 x 200 Compact (ISO) Cyl. (Mag) Basic,,,,,,,,,
A63040200O-M,0,DA 40 x 200 Compact (ISO) Cyl. (Mag) Basic,,,,,,,,,
A63040250O,0,DA 40 x 250 Compact(ISO) Cyl.(Mag) Basic,,,,,,,,,
A63040250O-M,0,DA 40 x 250 Compact(ISO) Cyl.(Mag) Basic,,,,,,,,,
A63050010O,0,DA 50 x 10 Compact(ISO) Cyl.(Mag) Basic,,,,,,,,,
A63050010O-M,0,DA 50 x 10 Compact(ISO) Cyl.(Mag) Basic,,,,,,,,,
A63050015O,0,DA 50 x 15 Compact(ISO) Cyl.(Mag) Basic,,,,,,,,,
A63050015O-M,0,DA 50 x 15 Compact(ISO) Cyl.(Mag) Basic,,,,,,,,,
A63050018O,0,DA 50 x 18 Compact(ISO) Cyl.(Mag) Basic,,,,,,,,,
A63050020020MOM,0,"Multi position cyl.(Mag) Dia 50 (20,20) Basic",,,,,,,,,
A63050020O,0,DA 50 x 20 Compact(ISO) Cyl.(Mag) Basic,,,,,,,,,
A63050020O-M,0,DA 50 x 20 Compact(ISO) Cyl.(Mag) Basic,,,,,,,,,
A63050025O,0,DA 50 x 25 Compact(ISO) Cyl.(Mag) Basic,,,,,,,,,
A63050025O-M,0,DA 50 x 25 Compact(ISO) Cyl.(Mag) Basic,,,,,,,,,
A63050030O,0,DA 50 x 30 Compact(ISO) Cyl.(Mag) Basic,,,,,,,,,
A63050030O-M,0,DA 50 x 30 Compact(ISO) Cyl.(Mag) Basic,,,,,,,,,
A63050035O-M,0,DA 50 x 35 Compact (ISO) Cyl. (Mag) Basic,,,,,,,,,
A63050040040MOM,0,"Multi position cyl.(Mag) Dia 50 (40,40) Basic",,,,,,,,,
A63050040O,0,DA 50 x 40 Compact(ISO) Cyl.(Mag) Basic,,,,,,,,,
A63050040O-M,0,DA 50 x 40 Compact(ISO) Cyl.(Mag) Basic,,,,,,,,,
A63050050F-M,0,DA 50 x 50 Compact(ISO) Cyl.(Mag) Front Flange,,,,,,,,,
A63050050L-M,0,DA 50 x 50 Compact(ISO) Cyl.(Mag) Foot Mount,,,,,,,,,
A63050050O,0,DA 50 x 50 Compact(ISO) Cyl.(Mag) Basic,,,,,,,,,
A63050050O-M,0,DA 50 x 50 Compact(ISO) Cyl.(Mag) Basic,,,,,,,,,
A63050060O,0,DA 50 x 60 Compact(ISO) Cyl.(Mag) Basic,,,,,,,,,
A63050060O-M,0,DA 50 x 60 Compact(ISO) Cyl.(Mag) Basic,,,,,,,,,
A63050070O,0,DA 50 x 70 Compact(ISO) Cyl.(Mag) Basic,,,,,,,,,
A63050070O-M,0,DA 50 x 70 Compact(ISO) Cyl.(Mag) Basic,,,,,,,,,
A63050080O,0,DA 50 x 80 Compact(ISO) Cyl.(Mag) Basic,,,,,,,,,
A63050080O-M,0,DA 50 x 80 Compact(ISO) Cyl.(Mag) Basic,,,,,,,,,
A63050080O-M-S,0,DA 50 x 80 Compact(ISO) Cyl. (Mag) Basic,,,,,,,,,
A63050100O,0,DA 50 x 100 Compact(ISO) Cyl.(Mag) Basic,,,,,,,,,
A63050100O-M,0,DA 50 x 100 Compact(ISO) Cyl.(Mag) Basic,,,,,,,,,
A63050120O-M,0,DA 50 x 120 Compact(ISO) Cyl.(Mag) Basic,,,,,,,,,
A63050125O,0,DA 50 x 125 Compact(ISO) Cyl.(Mag) Basic,,,,,,,,,
A63050125O-M,0,DA 50 x 125 Compact (ISO) Cyl. (Mag) Basic,,,,,,,,,
A63050150O-M,0,DA 50 x 150 Compact (ISO) Cyl.(Mag) Basic,,,,,,,,,
A63050160O,0,DA 50 x 160 Compact(ISO) Cyl.(Mag) Basic,,,,,,,,,
A63050160O-M,0,DA 50 x 160 Compact(ISO) Cyl.(Mag) Basic,,,,,,,,,
A63050300O-M,0,DA 50 x 300 Compact(ISO) Cyl.(Mag) Basic,,,,,,,,,
A63063010O,0,DA 63 x 10 Compact(ISO) Cyl.(Mag) Basic,,,,,,,,,
A63063010O-M,0,DA 63 x 10 Compact(ISO) Cyl.(Mag) Basic,,,,,,,,,
A63063015O,0,DA 63 x 15 Compact(ISO) Cyl.(Mag) Basic,,,,,,,,,
A63063015O-M,0,DA 63 x 15 Compact(ISO) Cyl.(Mag) Basic,,,,,,,,,
A63063020L-M,0,DA 63 x 20 Compact(ISO) Cyl.(Mag) Foot Mount,,,,,,,,,
A63063020O,0,DA 63 x 20 Compact(ISO) Cyl.(Mag) Basic,,,,,,,,,
A63063020O-M,0,DA 63 x 20 Compact(ISO) Cyl.(Mag) Basic,,,,,,,,,
A63063025O,0,DA 63 x 25 Compact(ISO) Cyl.(Mag) Basic,,,,,,,,,
A63063025O-M,0,DA 63 x 25 Compact(ISO) Cyl.(Mag) Basic,,,,,,,,,
A63063030O,0,DA 63 x 30 Compact(ISO) Cyl.(Mag) Basic,,,,,,,,,
A63063030O-M,0,DA 63 x 30 Compact(ISO) Cyl.(Mag) Basic,,,,,,,,,
A63063040O,0,DA 63 x 40 Compact(ISO) Cyl.(Mag) Basic,,,,,,,,,
A63063040O-M,0,DA 63 x 40 Compact(ISO) Cyl.(Mag) Basic,,,,,,,,,
A63063045O,0,DA 63 x 45 Compact(ISO) Cyl.(Mag) Basic,,,,,,,,,
A63063050O,0,DA 63 x 50 Compact(ISO) Cyl.(Mag) Basic,,,,,,,,,
A63063050O-M,0,DA 63 x 50 Compact(ISO) Cyl.(Mag) Basic,,,,,,,,,
A63063060O,0,DA 63 x 60 Compact(ISO) Cyl.(Mag) Basic,,,,,,,,,
A63063060O-M,0,DA 63 x 60 Compact(ISO) Cyl.(Mag) Basic,,,,,,,,,
A63063065O,0,DA 63 x 65 Compact(ISO) Cyl.(Mag) Basic,,,,,,,,,
A63063065O-M,0,DA 63 x 65 Compact(ISO) Cyl.(Mag) Basic,,,,,,,,,
A63063070O,0,DA 63 x 70 Compact(ISO) Cyl.(Mag) Basic,,,,,,,,,
A63063070O-M,0,DA 63 x 70 Compact(ISO) Cyl.(Mag) Basic,,,,,,,,,
A63063070R,0,DA 63 x 70 Compact(ISO) Cyl.(Mag) Rear Flange,,,,,,,,,
A63063075O-M,0,DA 63 x 75 Compact(ISO) Cyl.(Mag) Basic,,,,,,,,,
A63063080O,0,DA 63 x 80 Compact(ISO) Cyl.(Mag) Basic,,,,,,,,,
A63063080O-M,0,DA 63 x 80 Compact(ISO) Cyl.(Mag) Basic,,,,,,,,,
A63063100O,0,DA 63 x 100 Compact(ISO) Cyl.(Mag) Basic,,,,,,,,,
A63063100O-M,0,DA 63 x 100 Compact(ISO) Cyl.(Mag) Basic,,,,,,,,,
A63063250O,0,DA 63 x 250 Compact(ISO) Cyl.(Mag) Basic,,,,,,,,,
A63063300O,0,DA 63 x 300 Compact(ISO) Cyl.(Mag) Basic,,,,,,,,,
A63080010O,0,DA 80 x 10 Compact(ISO) Cyl.(Mag) Basic,,,,,,,,,
A63080010O-M,0,DA 80 x 10 Compact(ISO) Cyl.(Mag) Basic,,,,,,,,,
A63080015O,0,DA 80 x 15 Compact(ISO) Cyl.(Mag) Basic,,,,,,,,,
A63080015O-M,0,DA 80 x 15 Compact(ISO) Cyl.(Mag) Basic,,,,,,,,,
A63080020O,0,DA 80 x 20 Compact(ISO) Cyl.(Mag) Basic,,,,,,,,,
A63080020O-M,0,DA 80 x 20 Compact(ISO) Cyl.(Mag) Basic,,,,,,,,,
A63080025O,0,DA 80 x 25 Compact(ISO) Cyl.(Mag) Basic,,,,,,,,,
A63080025O-M,0,DA 80 x 25 Compact(ISO) Cyl.(Mag) Basic,,,,,,,,,
A63080030O,0,DA 80 x 30 Compact(ISO) Cyl.(Mag) Basic,,,,,,,,,
A63080030O-M,0,DA 80 x 30 Compact(ISO) Cyl.(Mag) Basic,,,,,,,,,
A63080030S,0,DA 80 x 30 Compact(ISO) Cyl.(Mag) Male Clevis,,,,,,,,,
A63080040O,0,DA 80 x 40 Compact(ISO) Cyl.(Mag) Basic,,,,,,,,,
A63080040O-M,0,DA 80 x 40 Compact(ISO) Cyl.(Mag) Basic,,,,,,,,,
A63080050D-M,0,DA 80 x 50 Compact(ISO) Cyl.(Mag) Female Clevis,,,,,,,,,
A63080050O,0,DA 80 x 50 Compact(ISO) Cyl.(Mag) Basic,,,,,,,,,
A63080050O-M,0,DA 80 x 50 Compact(ISO) Cyl.(Mag) Basic,,,,,,,,,
A63080060O,0,DA 80 x 60 Compact(ISO) Cyl.(Mag) Basic,,,,,,,,,
A63080060O-M,0,DA 80 x 60 Compact(ISO) Cyl.(Mag) Basic,,,,,,,,,
A63080065O-M,0,DA 80 x 65 Compact(ISO) Cyl.(Mag) Basic,,,,,,,,,
A63080070O,0,DA 80 x 70 Compact(ISO) Cyl.(Mag) Basic,,,,,,,,,
A63080070O-M,0,DA 80 x 70 Compact(ISO) Cyl.(Mag) Basic,,,,,,,,,
A63080070O-M-S,0,DA 80 x 70 Compact(ISO) Cyl.(Mag) Basic,,,,,,,,,
A63080075O,0,DA 80 x 75 Compact(ISO) Cyl.(Mag) Basic,,,,,,,,,
A63080080O,0,DA 80 x 80 Compact(ISO) Cyl.(Mag) Basic,,,,,,,,,
A63080080O-M,0,DA 80 x 80 Compact(ISO) Cyl.(Mag) Basic,,,,,,,,,
A63080090O-M,0,DA 80 x 90 Compact(ISO) Cyl.(Mag) Basic,,,,,,,,,
A63080100O,0,DA 80 x 100 Compact(ISO) Cyl.(Mag) Basic,,,,,,,,,
A63080100O-M,0,DA 80 x 100 Compact(ISO) Cyl.(Mag) Basic,,,,,,,,,
A63080110O-M,0,DA 80 x 110 Compact(ISO) Cyl.(Mag) Basic,,,,,,,,,
A63080120O,0,DA 80 x 120 Compact(ISO) Cyl.(Mag) Basic,,,,,,,,,
A63080120O-M,0,DA 80 x 120 Compact(ISO) Cyl.(Mag) Basic,,,,,,,,,
A63080125O,0,DA 80 x 125 Compact(ISO) Cyl.(Mag) Basic,,,,,,,,,
A63080125O-M,0,DA 80 x 125 Compact(ISO) Cyl.(Mag) Basic,,,,,,,,,
A63080150010MOM,0,"Multi position cyl.(Mag) Dia 80 (150,10) Basic",,,,,,,,,
A63080150O,0,DA 80 x 150 Compact(ISO) Cyl.(Mag) Basic,,,,,,,,,
A63080150O-M,0,DA 80 x 150 Compact(ISO) Cyl.(Mag) Basic,,,,,,,,,
A63080160O,0,DA 80 x 160 Compact(ISO) Cyl.(Mag) Basic,,,,,,,,,
A63080200O-M,0,DA 80 x 200 Compact(ISO) Cyl.(Mag) Basic,,,,,,,,,
A63100010O,0,DA 100 x 10 Compact(ISO) Cyl.(Mag) Basic,,,,,,,,,
A63100015O,0,DA 100 x 15 Compact(ISO) Cyl.(Mag) Basic,,,,,,,,,
A63100015O-M,0,DA 100 x 15 Compact(ISO) Cyl.(Mag) Basic,,,,,,,,,
A63100020O,0,DA 100 x 20 Compact(ISO) Cyl.(Mag) Basic,,,,,,,,,
A63100020O-M,0,DA 100 x 20 Compact(ISO) Cyl.(Mag) Basic,,,,,,,,,
A63100025F,0,DA 100 x 25 Compact(ISO) Cyl.(Mag) Front Flange,,,,,,,,,
A63100025O,0,DA 100 x 25 Compact(ISO) Cyl.(Mag) Basic,,,,,,,,,
A63100025O-M,0,DA 100 x 25 Compact(ISO) Cyl.(Mag) Basic,,,,,,,,,
A63100030L-M,0,DA 100 x 30 Compact(ISO) Cyl.(Mag) Foot Mount,,,,,,,,,
A63100030O,0,DA 100 x 30 Compact(ISO) Cyl.(Mag) Basic,,,,,,,,,
A63100030O-M,0,DA 100 x 30 Compact(ISO) Cyl.(Mag) Basic,,,,,,,,,
A63100040O,0,DA 100 x 40 Compact(ISO) Cyl.(Mag) Basic,,,,,,,,,
A63100040O-M,0,DA 100 x 40 Compact (ISO) Cyl. Mag Basic,,,,,,,,,
A63100050O,0,DA 100 x 50 Compact(ISO) Cyl.(Mag) Basic,,,,,,,,,
A63100050O-M,0,DA 100 x 50 Compact(ISO) Cyl.(Mag) Basic,,,,,,,,,
A63100060O,0,DA 100 x 60 Compact(ISO) Cyl.(Mag) Basic,,,,,,,,,
A63100060O-M,0,DA 100 x 60 Compact(ISO) Cyl.(Mag) Basic,,,,,,,,,
A63100063O-M,0,DA 100 x 63 Compact(ISO) Cyl.(Mag) Basic,,,,,,,,,
A63100070O,0,DA 100 x 70 Compact(ISO) Cyl.(Mag) Basic,,,,,,,,,
A63100070O-M,0,DA 100 x 70 Compact(ISO) Cyl.(Mag) Basic,,,,,,,,,
A63100075O-M,0,DA 100 x 75 Compact(ISO) Cyl.(Mag) Basic,,,,,,,,,
A63100080O,0,DA 100 x 80 Compact(ISO) Cyl.(Mag) Basic,,,,,,,,,
A63100080O-M,0,DA 100 x 80 Compact(ISO) Cyl.(Mag) Basic,,,,,,,,,
A63100100O,0,DA 100 x 100 Compact(ISO) Cyl.(Mag) Basic,,,,,,,,,
A63100100O-M,0,DA 100 x 100 Compact(ISO) Cyl.(Mag) Basic,,,,,,,,,
A63100125O-M,0,DA 100 x 125 Compact(ISO) Cyl.(Mag) Basic,,,,,,,,,
A63100200O-M,0,DA 100 x 200 Compact(ISO) Cyl.(Mag) Basic,,,,,,,,,
A63100250O,0,DA 100 x 250 Compact(ISO) Cyl.(Mag) Basic,,,,,,,,,
A63100250O-M,0,DA 100 x 250 Compact (ISO) Cyl. (Mag) Basic,,,,,,,,,
A64025005O,0,DA 25 x 5 Compact (ISO) Cyl. Basic,,,,,,,,,
A64025010O,0,DA 25 x 10 Compact (ISO) Cyl. Basic,,,,,,,,,
A64025010O-M,0,DA 25 x 10 Compact (ISO) Cyl. Basic,,,,,,,,,
A64025015O,0,DA 25 x 15 Compact (ISO) Cyl. Basic,,,,,,,,,
A64025015O-M,0,DA 25 x 15 Compact (ISO) Cyl. Basic,,,,,,,,,
A64025020O,0,DA 25 x 20 Compact (ISO) Cyl. Basic,,,,,,,,,
A64025020O-M,0,DA 25 x 20 Compact (ISO) Cyl. Basic,,,,,,,,,
A64025025O,0,DA 25 x 25 Compact (ISO) Cyl. Basic,,,,,,,,,
A64025025O-M,0,DA 25 x 25 Compact (ISO) Cyl. Basic,,,,,,,,,
A64025030O-M,0,DA 25 x 30 Compact (ISO) Cyl. Basic,,,,,,,,,
A64025040O,0,DA 25 x 40 Compact (ISO) Cyl. Basic,,,,,,,,,
A64025040O-M,0,DA 25 x 40 Compact (ISO) Cyl. Basic,,,,,,,,,
A64025050O,0,DA 25 x 50 Compact (ISO) Cyl. Basic,,,,,,,,,
A64025050O-M,0,DA 25 x 50 Compact (ISO) Cyl. Basic,,,,,,,,,
A64025075O,0,DA 25 x 75 Compact (ISO) Cyl. Basic,,,,,,,,,
A64025080O,0,DA 25 x 80 Compact (ISO) Cyl. Basic,,,,,,,,,
A64025080O-M,0,DA 25 x 80 Compact (ISO) Cyl.  Basic,,,,,,,,,
A64025100O,0,DA 25 x 100 Compact (ISO) Cyl. Basic,,,,,,,,,
A64025100O-M,0,DA 25 x 100 Compact (ISO) Cyl. Basic,,,,,,,,,
A64025125O,0,DA 25 x 125 Compact (ISO) Cyl. Basic,,,,,,,,,
A64032005D,0,DA 32 x 5 Compact(ISO) Cyl. Female Clevis,,,,,,,,,
A64032005O,0,DA 32 x 5 Compact(ISO) Cyl. Basic,,,,,,,,,
A64032005O-M,0,DA 32 x 5 Compact(ISO) Cyl. Basic,,,,,,,,,
A64032010005MO,0,"Multi position cyl. Dia 32 (10, 5) Basic",,,,,,,,,
A64032010010MOM,0,"Multi position cyl. Dia 32 (010,010) Basic",,,,,,,,,
A64032010O,0,DA 32 x 10 Compact(ISO) Cyl. Basic,,,,,,,,,
A64032010O-M,0,DA 32 x 10 Compact(ISO) Cyl. Basic,,,,,,,,,
A64032014O,0,DA 32 x 14 Compact(ISO) Cyl. Basic,,,,,,,,,
A64032015015MOM,0,"Multi position cyl. Dia 32 (015,015) Basic",,,,,,,,,
A64032015O,0,DA 32 x 15 Compact(ISO) Cyl. Basic,,,,,,,,,
A64032015O-M,0,DA 32 x 15 Compact(ISO) Cyl. Basic,,,,,,,,,
A64032020F,0,DA 32 x 20 Compact(ISO) Cyl. Front Flange,,,,,,,,,
A64032020O,0,DA 32 x 20 Compact(ISO) Cyl. Basic,,,,,,,,,
A64032020O-M,0,DA 32 x 20 Compact(ISO) Cyl. Basic,,,,,,,,,
A64032025025MO,0,"Multi position cyl. Dia 32 (25, 25) Basic",,,,,,,,,
A64032025F,0,DA 32 x 25 Compact(ISO) Cyl. Front Flange,,,,,,,,,
A64032025F-M,0,DA 32 x 25 Compact(ISO) Cyl. Front Flange,,,,,,,,,
A64032025O,0,DA 32 x 25 Compact(ISO) Cyl. Basic,,,,,,,,,
A64032025O-M,0,DA 32 x 25 Compact(ISO) Cyl. Basic,,,,,,,,,
A64032030O,0,DA 32 x 30 Compact(ISO) Cyl. Basic,,,,,,,,,
A64032030O-M,0,DA 32 x 30 Compact(ISO) Cyl. Basic,,,,,,,,,
A64032030O-M-S,0,DA 32 x 30 Compact(ISO) Cyl. Basic,,,,,,,,,
A64032032F-M,0,DA 32 x 32 Compact(ISO) Cyl. Front Flange,,,,,,,,,
A64032035O,0,DA 32 x 35 Compact(ISO) Cyl. Basic,,,,,,,,,
A64032035O-M,0,DA 32 x 35 Compact(ISO) Cyl. Basic,,,,,,,,,
A64032040D-M,0,DA 32 x 40 Compact(ISO) Cyl. Female Clevis,,,,,,,,,
A64032040O,0,DA 32 x 40 Compact(ISO) Cyl. Basic,,,,,,,,,
A64032040O-M,0,DA 32 x 40 Compact(ISO) Cyl. Basic,,,,,,,,,
A64032045O-M,0,DA 32 x 45 Compact(ISO) Cyl. Basic,,,,,,,,,
A64032050F-M,0,DA 32 x 50 Compact(ISO) Cyl. Front Flange,,,,,,,,,
A64032050O,0,DA 32 x 50 Compact(ISO) Cyl. Basic,,,,,,,,,
A64032050O-M,0,DA 32 x 50 Compact(ISO) Cyl. Basic,,,,,,,,,
A64032050O-M-S,0,DA 32 x 50 Compact(ISO) Cyl. Basic,,,,,,,,,
A64032055O-M,0,DA 32 x 55 Compact(ISO) Cyl. Basic,,,,,,,,,
A64032060O,0,DA 32 x 60 Compact(ISO) Cyl. Basic,,,,,,,,,
A64032060O-M,0,DA 32 x 60 Compact(ISO) Cyl. Basic,,,,,,,,,
A64032070O,0,DA 32 x 70 Compact(ISO) Cyl. Basic,,,,,,,,,
A64032070O-M,0,DA 32 x 70 Compact(ISO) Cyl. Basic,,,,,,,,,
A64032075O-M,0,DA 32 x 75 Compact(ISO) Cyl. Basic,,,,,,,,,
A64032080F-M,0,DA 32 x 80 Compact(ISO) Cyl. Front Flange,,,,,,,,,
A64032080O,0,DA 32 x 80 Compact(ISO) Cyl. Basic,,,,,,,,,
A64032080O-M,0,DA 32 x 80 Compact(ISO) Cyl. Basic,,,,,,,,,
A64032080O-M-S,0,DA 32 x 80 Compact(ISO) Cyl. Basic,,,,,,,,,
A64032085O,0,DA 32 x 85 Compact(ISO) Cyl. Basic,,,,,,,,,
A64032085O-M,0,DA 32 x 85 Compact(ISO) Cyl. Basic,,,,,,,,,
A64032100O,0,DA 32 x 100 Compact(ISO) Cyl. Basic,,,,,,,,,
A64032100O-M,0,DA 32 x 100 Compact(ISO) Cyl. Basic,,,,,,,,,
A64032110O-M,0,DA 32 x 110 Compact(ISO) Cyl. Basic,,,,,,,,,
A64032118O-M,0,DA 32 x 118 Compact(ISO) Cyl. Basic,,,,,,,,,
A64032125O,0,DA 32 x 125 Compact(ISO) Cyl. Basic,,,,,,,,,
A64032125O-M,0,DA 32 x 125 Compact(ISO) Cyl. Basic,,,,,,,,,
A64032200O,0,DA 32 x 200 Compact(ISO) Cyl. Basic,,,,,,,,,
A64032200O-M,0,DA 32 x 200 Compact (ISO) Cyl. Basic,,,,,,,,,
A64040005O-M,0,DA 40 x 5 Compact(ISO) Cyl. Basic,,,,,,,,,
A64040010O,0,DA 40 x 10 Compact(ISO) Cyl. Basic,,,,,,,,,
A64040010O-M,0,DA 40 x 10 Compact(ISO) Cyl. Basic,,,,,,,,,
A64040015F,0,DA 40 x 15 Compact(ISO) Cyl. Front Flange,,,,,,,,,
A64040015F-M,0,DA 40 x 15 Compact(ISO) Cyl. Front Flange,,,,,,,,,
A64040015O,0,DA 40 x 15 Compact(ISO) Cyl. Basic,,,,,,,,,
A64040015O-M,0,DA 40 x 15 Compact(ISO) Cyl. Basic,,,,,,,,,
A64040020O,0,DA 40 x 20 Compact(ISO) Cyl. Basic,,,,,,,,,
A64040020O-M,0,DA 40 x 20 Compact(ISO) Cyl. Basic,,,,,,,,,
A64040020O-M-S,0,DA 40 x 20 Compact(ISO) Cyl. Basic,,,,,,,,,
A64040025010MOM,0,"Multi position cyl. Dia 40 (025,010) Basic",,,,,,,,,
A64040025O,0,DA 40 x 25 Compact(ISO) Cyl. Basic,,,,,,,,,
A64040025O-M,0,DA 40 x 25 Compact(ISO) Cyl. Basic,,,,,,,,,
A64040030O,0,DA 40 x 30 Compact(ISO) Cyl. Basic,,,,,,,,,
A64040030O-M,0,DA 40 x 30 Compact(ISO) Cyl. Basic,,,,,,,,,
A64040035O-M,0,DA 40 x 35 Compact(ISO) Cyl. Basic,,,,,,,,,
A64040040040MOM,0,"Multi position cyl. Dia 40 (40,40) Basic",,,,,,,,,
A64040040L-M,0,DA 40 x 40 Compact(ISO) Cyl. Foot Mount,,,,,,,,,
A64040040O,0,DA 40 x 40 Compact(ISO) Cyl. Basic,,,,,,,,,
A64040040O-M,0,DA 40 x 40 Compact(ISO) Cyl. Basic,,,,,,,,,
A64040045O-M,0,DA 40 x 45 Compact (ISO) Cyl. Basic,,,,,,,,,
A64040050050MO,0,"Multi position cylinder Dia.40 (50, 50) Basic",,,,,,,,,
A64040050050MOM,0,"Multi position cyl. Dia 40 (050,050) Basic",,,,,,,,,
A64040050O,0,DA 40 x 50 Compact(ISO) Cyl. Basic,,,,,,,,,
A64040050O-M,0,DA 40 x 50 Compact(ISO) Cyl. Basic,,,,,,,,,
A64040050O-S,0,DA 40 x 50 Compact(ISO) Cyl. Basic,,,,,,,,,
A64040055O-M,0,DA 40 x 55 Compact(ISO) Cyl. Basic,,,,,,,,,
A64040060O,0,DA 40 x 60 Compact(ISO) Cyl. Basic,,,,,,,,,
A64040060O-M,0,DA 40 x 60 Compact(ISO) Cyl. Basic,,,,,,,,,
A64040060S,0,DA 40 x 60 Compact(ISO) Cyl. Male Clevis,,,,,,,,,
A64040062O,0,DA 40 x 62 Compact(ISO) Cyl. Basic,,,,,,,,,
A64040070O,0,DA 40 x 70 Compact(ISO) Cyl. Basic,,,,,,,,,
A64040070O-M,0,DA 40 x 70 Compact(ISO) Cyl. Basic,,,,,,,,,
A64040075O,0,DA 40 x 75 Cyl. Compact (ISO) Basic,,,,,,,,,
A64040080O,0,DA 40 x 80 Compact(ISO) Cyl. Basic,,,,,,,,,
A64040080O-M,0,DA 40 x 80 Compact(ISO) Cyl. Basic,,,,,,,,,
A64040100200MOM,0,"Multi position cyl. Dia 40 (100,200) Basic",,,,,,,,,
A64040100O,0,DA 40 x 100 Compact(ISO) Cyl. Basic,,,,,,,,,
A64040100O-M,0,DA 40 x 100 Compact(ISO) Cyl. Basic,,,,,,,,,
A64040125O,0,DA 40 x 125 Compact(ISO) Cyl. Basic,,,,,,,,,
A64040125S,0,DA 40 x 125 Compact(ISO) Cyl. Male Clevis,,,,,,,,,
A64040150O,0,DA 40 x 150 Compact(ISO) Cyl. Basic,,,,,,,,,
A64040180O-M,0,DA 40 x 180 Compact(ISO) Cyl. Basic,,,,,,,,,
A64040250O,0,DA 40 x 250 Compact(ISO) Cyl. Basic,,,,,,,,,
A64040250O-M,0,DA 40 x 250 Compact(ISO) Cyl. Basic,,,,,,,,,
A64050010O,0,DA 50 x 10 Compact(ISO) Cyl. Basic,,,,,,,,,
A64050010O-M,0,DA 50 x 10 Compact(ISO) Cyl. Basic,,,,,,,,,
A64050015O,0,DA 50 x 15 Compact(ISO) Cyl. Basic,,,,,,,,,
A64050015O-M,0,DA 50 x 15 Compact(ISO) Cyl. Basic,,,,,,,,,
A64050020O,0,DA 50 x 20 Compact(ISO) Cyl. Basic,,,,,,,,,
A64050020O-M,0,DA 50 x 20 Compact(ISO) Cyl. Basic,,,,,,,,,
A64050025025MOM,0,"Multi position cyl. Dia 50 (025,025) Basic",,,,,,,,,
A64050025L-M,0,DA 50 x 25 Compact(ISO) Cyl. Foot Mount,,,,,,,,,
A64050025O,0,DA 50 x 25 Compact(ISO) Cyl. Basic,,,,,,,,,
A64050025O-M,0,DA 50 x 25 Compact(ISO) Cyl. Basic,,,,,,,,,
A64050030O,0,DA 50 x 30 Compact(ISO) Cyl. Basic,,,,,,,,,
A64050030O-M,0,DA 50 x 30 Compact(ISO) Cyl. Basic,,,,,,,,,
A64050040040MOM,0,"Multi position cyl. Dia 50 (040,040) Basic",,,,,,,,,
A64050040O,0,DA 50 x 40 Compact(ISO) Cyl. Basic,,,,,,,,,
A64050040O-M,0,DA 50 x 40 Compact(ISO) Cyl. Basic,,,,,,,,,
A64050050100MOM,0,"Multi position cyl. Dia 50 (050,100) Basic",,,,,,,,,
A64050050D-M,0,DA 50 x 50 Compact(ISO) Cyl. Female Clevis,,,,,,,,,
A64050050F-M,0,DA 50 x 50 Compact(ISO) Cyl. Front Flange,,,,,,,,,
A64050050O,0,DA 50 x 50 Compact(ISO) Cyl. Basic,,,,,,,,,
A64050050O-M,0,DA 50 x 50 Compact(ISO) Cyl. Basic,,,,,,,,,
A64050060O,0,DA 50 x 60 Compact(ISO) Cyl. Basic,,,,,,,,,
A64050060O-M,0,DA 50 x 60 Compact(ISO) Cyl. Basic,,,,,,,,,
A64050070O,0,DA 50 x 70 Compact(ISO) Cyl. Basic,,,,,,,,,
A64050070O-M,0,DA 50 x 70 Compact(ISO) Cyl. Basic,,,,,,,,,
A64050070S-M,0,DA 50 x 70 Compact(ISO) Cyl. Male Clevis,,,,,,,,,
A64050075O,0,DA 50 x 75 Compact(ISO) Cyl. Basic,,,,,,,,,
A64050075O-M,0,DA 50 x 75 Compact(ISO) Cyl. Basic,,,,,,,,,
A64050080O,0,DA 50 x 80 Compact(ISO) Cyl. Basic,,,,,,,,,
A64050080O-M,0,DA 50 x 80 Compact(ISO) Cyl. Basic,,,,,,,,,
A64050085O-M,0,DA 50 x 85 Compact(ISO) Cyl. Basic,,,,,,,,,
A64050090O,0,DA 50 x 90 Compact(ISO) Cyl. Basic,,,,,,,,,
A64050100O,0,DA 50 x 100 Compact(ISO) Cyl. Basic,,,,,,,,,
A64050100O-M,0,DA 50 x 100 Compact(ISO) Cyl. Basic,,,,,,,,,
A64050180O,0,DA 50 x 180 Compact(ISO) Cyl. Basic,,,,,,,,,
A64050250O-M,0,DA 50 x 250 Compact(ISO) Cyl. Basic,,,,,,,,,
A64063005O,0,DA 63 x 5 Compact(ISO) Cyl. Basic,,,,,,,,,
A64063005O-M,0,DA 63 x 5 Compact(ISO) Cyl. Basic,,,,,,,,,
A64063010D-M,0,DA 63 x 10 Compact(ISO) Cyl. Female Clevis,,,,,,,,,
A64063010O,0,DA 63 x 10 Compact(ISO) Cyl. Basic,,,,,,,,,
A64063010O-M,0,DA 63 x 10 Compact(ISO) Cyl. Basic,,,,,,,,,
A64063010O-S,0,DA 63 x 10 Compact (ISO) Cyl. Basic,,,,,,,,,
A64063015O,0,DA 63 x 15 Compact(ISO) Cyl. Basic,,,,,,,,,
A64063015O-M,0,DA 63 x 15 Compact(ISO) Cyl. Basic,,,,,,,,,
A64063020O,0,DA 63 x 20 Compact(ISO) Cyl. Basic,,,,,,,,,
A64063020O-M,0,DA 63 x 20 Compact(ISO) Cyl. Basic,,,,,,,,,
A64063020R-M,0,DA 63 x 20 Compact(ISO) Cyl. Rear Flange,,,,,,,,,
A64063025O,0,DA 63 x 25 Compact(ISO) Cyl. Basic,,,,,,,,,
A64063025O-M,0,DA 63 x 25 Compact(ISO) Cyl. Basic,,,,,,,,,
A64063030O,0,DA 63 x 30 Compact(ISO) Cyl. Basic,,,,,,,,,
A64063030O-M,0,DA 63 x 30 Compact(ISO) Cyl. Basic,,,,,,,,,
A64063040O,0,DA 63 x 40 Compact(ISO) Cyl. Basic,,,,,,,,,
A64063040O-M,0,DA 63 x 40 Compact(ISO) Cyl. Basic,,,,,,,,,
A64063050050MOM,0,"Multi position cyl. Dia 63 (050,050) Basic",,,,,,,,,
A64063050O,0,DA 63 x 50 Compact(ISO) Cyl. Basic,,,,,,,,,
A64063050O-M,0,DA 63 x 50 Compact(ISO) Cyl. Basic,,,,,,,,,
A64063060O,0,DA 63 x 60 Compact(ISO) Cyl. Basic,,,,,,,,,
A64063060O-M,0,DA 63 x 60 Compact(ISO) Cyl. Basic,,,,,,,,,
A64063070030MOM,0,"Multi position cyl. Dia 63 (070,030) Basic",,,,,,,,,
A64063070O,0,DA 63 x 70 Compact(ISO) Cyl. Basic,,,,,,,,,
A64063070O-M,0,DA 63 x 70 Compact(ISO) Cyl. Basic,,,,,,,,,
A64063075075MOM,0,"Multi position cyl. Dia 63 (075,075) Basic",,,,,,,,,
A64063075O,0,DA 63 x 75 Compact(ISO) Cyl. Basic,,,,,,,,,
A64063075O-M,0,DA 63 x 75 Compact(ISO) Cyl. Basic,,,,,,,,,
A64063080F,0,DA 63 x 80 Compact(ISO) Cyl. Front Flange,,,,,,,,,
A64063080O,0,DA 63 x 80 Compact(ISO) Cyl. Basic,,,,,,,,,
A64063080O-M,0,DA 63 x 80 Compact(ISO) Cyl. Basic,,,,,,,,,
A64063090O-M,0,DA 63 x 90 Compact(ISO) Cyl. Basic,,,,,,,,,
A64063100O,0,DA 63 x 100 Compact(ISO) Cyl. Basic,,,,,,,,,
A64063100O-M,0,DA 63 x 100 Compact(ISO) Cyl. Basic,,,,,,,,,
A64063110O,0,DA 63 x 110 Compact(ISO) Cyl. Basic,,,,,,,,,
A64063120O-M,0,DA 63 x 120 Compact(ISO) Cyl. Basic,,,,,,,,,
A64063125125MOM,0,"Multi position cyl. Dia 63 (125,125) Basic",,,,,,,,,
A64063125O,0,DA 63 x 125 Compact(ISO) Cyl. Basic,,,,,,,,,
A64063125O-M,0,DA 63 x 125 Compact(ISO) Cyl. Basic,,,,,,,,,
A64063160O,0,DA 63 x 160 Compact(ISO) Cyl. Basic,,,,,,,,,
A64063160O-M,0,DA 63 x 160 Compact(ISO) Cyl. Basic,,,,,,,,,
A64063200O-M,0,DA 63 x 200 Compact(ISO) Cyl. Basic,,,,,,,,,
A64080010O,0,DA 80 x 10 Compact(ISO) Cyl. Basic,,,,,,,,,
A64080010O-M,0,DA 80 x 10 Compact(ISO) Cyl. Basic,,,,,,,,,
A64080012O-M,0,DA 80 x 12 Compact(ISO) Cyl. Basic,,,,,,,,,
A64080015O,0,DA 80 x 15 Compact(ISO) Cyl. Basic,,,,,,,,,
A64080015O-M,0,DA 80 x 15 Compact(ISO) Cyl. Basic,,,,,,,,,
A64080020D,0,DA 80 x 20 Compact(ISO) Cyl. Female Clevis,,,,,,,,,
A64080020O,0,DA 80 x 20 Compact(ISO) Cyl. Basic,,,,,,,,,
A64080020O-M,0,DA 80 x 20 Compact(ISO) Cyl. Basic,,,,,,,,,
A64080025O,0,DA 80 x 25 Compact(ISO) Cyl. Basic,,,,,,,,,
A64080025O-M,0,DA 80 x 25 Compact(ISO) Cyl. Basic,,,,,,,,,
A64080030O,0,DA 80 x 30 Compact(ISO) Cyl. Basic,,,,,,,,,
A64080030O-M,0,DA 80 x 30 Compact(ISO) Cyl. Basic,,,,,,,,,
A64080040040MOM,0,"Multi position Cyl. Dia. 80 (40,40) Basic",,,,,,,,,
A64080040O,0,DA 80 x 40 Compact(ISO) Cyl. Basic,,,,,,,,,
A64080040O-M,0,DA 80 x 40 Compact(ISO) Cyl. Basic,,,,,,,,,
A64080040O-M-S,0,DA 80 x 40 Compact(ISO) Cyl. Basic,,,,,,,,,
A64080040x40MO-M,0,"Multi position cyl. Dia 80 (040,40) Basic",,,,,,,,,
A64080050F,0,DA 80 x 50 Compact(ISO) Cyl. Front Flange,,,,,,,,,
A64080050O,0,DA 80 x 50 Compact(ISO) Cyl. Basic,,,,,,,,,
A64080050O-M,0,DA 80 x 50 Compact(ISO) Cyl. Basic,,,,,,,,,
A64080060O,0,DA 80 x 60 Compact(ISO) Cyl. Basic,,,,,,,,,
A64080060O-M,0,DA 80 x 60 Compact(ISO) Cyl. Basic,,,,,,,,,
A64080070O,0,DA 80 x 70 Compact(ISO) Cyl. Basic,,,,,,,,,
A64080070O-M,0,DA 80 x 70 Compact(ISO) Cyl. Basic,,,,,,,,,
A64080075O,0,DA 80 x 75 Compact(ISO) Cyl. Basic,,,,,,,,,
A64080080O,0,DA 80 x 80 Compact(ISO) Cyl. Basic,,,,,,,,,
A64080080O-M,0,DA 80 x 80 Compact(ISO) Cyl. Basic,,,,,,,,,
A64080085O,0,DA 80 x 85 Compact(ISO) Cyl. Basic,,,,,,,,,
A64080100O,0,DA 80 x 100 Compact(ISO) Cyl. Basic,,,,,,,,,
A64080100O-M,0,DA 80 x 100 Compact (ISO) Cyl. Basic,,,,,,,,,
A64080110O,0,DA 80 x 110 Compact(ISO) Cyl. Basic,,,,,,,,,
A64080120O,0,DA 80 x 120 Compact(ISO) Cyl. Basic,,,,,,,,,
A64080125O,0,DA 80 x 125 Compact(ISO) Cyl. Basic,,,,,,,,,
A64080160O,0,DA 80 x 160 Compact(ISO) Cyl. Basic,,,,,,,,,
A64080200O-M,0,DA 80 x 200 Compact(ISO) Cyl. Basic,,,,,,,,,
A64080250O,0,DA 80 x 250 Compact(ISO) Cyl. Basic,,,,,,,,,
A64080250O-M,0,DA 80 x 250 Compact(ISO) Cyl. Basic,,,,,,,,,
A64100010O,0,DA 100 x 10 Compact(ISO) Cyl. Basic,,,,,,,,,
A64100010O-M,0,DA 100 x 10 Compact(ISO) Cyl. Basic,,,,,,,,,
A64100015O,0,DA 100 x 15 Compact(ISO) Cyl. Basic,,,,,,,,,
A64100015O-M,0,DA 100 x 15 Compact(ISO) Cyl. Basic,,,,,,,,,
A64100020O,0,DA 100 x 20 Compact(ISO) Cyl. Basic,,,,,,,,,
A64100020O-M,0,DA 100 x 20 Compact(ISO) Cyl. Basic,,,,,,,,,
A64100025O,0,DA 100 x 25 Compact(ISO) Cyl. Basic,,,,,,,,,
A64100025O-M,0,DA 100 x 25 Compact(ISO) Cyl. Basic,,,,,,,,,
A64100030O,0,DA 100 x 30 Compact(ISO) Cyl. Basic,,,,,,,,,
A64100030O-M,0,DA 100 x 30 Compact(ISO) Cyl. Basic,,,,,,,,,
A64100040O,0,DA 100 x 40 Compact(ISO) Cyl. Basic,,,,,,,,,
A64100040O-M,0,DA 100 x 40 Compact(ISO) Cyl. Basic,,,,,,,,,
A64100050O,0,DA 100 x 50 Compact(ISO) Cyl. Basic,,,,,,,,,
A64100050O-M,0,DA 100 x 50 Compact(ISO) Cyl. Basic,,,,,,,,,
A64100060O,0,DA 100 x 60 Compact(ISO) Cyl. Basic,,,,,,,,,
A64100060O-M,0,DA 100 x 60 Compact(ISO) Cyl. Basic,,,,,,,,,
A64100070O,0,DA 100 x 70 Compact(ISO) Cyl. Basic,,,,,,,,,
A64100070O-M,0,DA 100 x 70 Compact(ISO) Cyl. Basic,,,,,,,,,
A64100080040MOM,0,"Multi position Cyl. Dia 100 (80,40) Basic",,,,,,,,,
A64100080O,0,DA 100 x 80 Compact(ISO) Cyl. Basic,,,,,,,,,
A64100080O-M,0,DA 100 x 80 Compact(ISO) Cyl. Basic,,,,,,,,,
A64100090O,0,DA 100 x 90 Compact(ISO) Cyl. Basic,,,,,,,,,
A64100090O-M,0,DA 100 x 90 Compact(ISO) Cyl. Basic,,,,,,,,,
A64100100O,0,DA 100 x 100 Compact(ISO) Cyl. Basic,,,,,,,,,
A64100100O-M,0,DA 100 x 100 Compact(ISO) Cyl. Basic,,,,,,,,,
A64100125O,0,DA 100 x 125 Compact(ISO) Cyl. Basic,,,,,,,,,
A64100150O,0,DA 100 x 150 Compact(ISO) Cyl. Basic,,,,,,,,,
A64100150O-M,0,DA 100 x 150 Compact(ISO) Cyl. Basic,,,,,,,,,
A64100160O-M,0,DA 100 x 160 Compact(ISO) Cyl. Basic,,,,,,,,,
A64100200100MOM,0,"Multi position Cyl. Dia 100 (200,100) Basic",,,,,,,,,
A64100250O-M,0,DA 100 x 250 Compact(ISO) Cyl. Basic,,,,,,,,,
A67032010O,0,SA 32 x 10 Compact (ISO) Cyl.(Mag) Basic,,,,,,,,,
A67032020O,0,SA 32 x 20 Compact (ISO) Cyl.(Mag) Basic,,,,,,,,,
A67032025O-M,0,SA 32 x 25 Compact (ISO) Cyl.(Mag) Basic,,,,,,,,,
A67040010O,0,SA 40 x 10 Compact (ISO) Cyl.(Mag) Basic,,,,,,,,,
A67050010O,0,SA 50 x 10 Compact (ISO) Cyl.(Mag) Basic,,,,,,,,,
A67050025O,0,SA 50 x 25 Compact (ISO) Cyl.(Mag) Basic,,,,,,,,,
A67063025O,0,SA 63 x 25 Compact (ISO) Cyl.(Mag) Basic,,,,,,,,,
A68032005O,0,SA 32 x 5 Compact (ISO) Cyl. Basic,,,,,,,,,
A68032010O,0,SA 32 x 10 Compact (ISO) Cyl. Basic,,,,,,,,,
A68032010O-M,0,SA 32 x 10 Compact (ISO) Cyl. Basic,,,,,,,,,
A68032015O,0,SA 32 x 15 Compact (ISO) Cyl. Basic,,,,,,,,,
A68032015O-M,0,SA 32 x 15 Compact (ISO) Cyl. Basic,,,,,,,,,
A68032025O,0,SA 32 x 25 Compact (ISO) Cyl. Basic,,,,,,,,,
A68040010O,0,SA 40 x 10 Compact (ISO) Cyl. Basic,,,,,,,,,
A68040025O,0,SA 40 x 25 Compact (ISO) Cyl. Basic,,,,,,,,,
A68050015O,0,SA 50 x 15 Compact (ISO) Cyl. Basic,,,,,,,,,
A68050025O,0,SA 50 x 25 Compact (ISO) Cyl. Basic,,,,,,,,,
A68063025O,0,SA 63 x 25 Compact (ISO) Cyl. Basic,,,,,,,,,
A68080020O-M,0,SA 80 x 20 Compact (ISO) Cyl. Basic,,,,,,,,,
A76040050,0,DA 40 x 50 Cyl. Basic with Adj. Cushioning,,,,,,,,,
A76040080,3807.5,DA 40 x 80 Cyl. Basic with Adj. Cushioning,,,,,,,,3046,1.25
A81012005O,0,SA 12 x 5 Cyl. Basic,,,,,,,,,
A81012010O,0,SA 12 x 10 Cyl. Basic,,,,,,,,,
A81012012O,0,SA 12 x 12 Cyl. Basic,,,,,,,,,
A81012025O,0,SA 12 x 25 Cyl. Basic,,,,,,,,,
A81012030O,0,SA 12 x 30 Cyl. Basic,,,,,,,,,
A81012040O,0,SA 12 x 40 Cyl. Basic,,,,,,,,,
A81012050O,0,SA 12 x 50 Cyl. Basic,,,,,,,,,
A81016010O,0,SA 16 x 10 Cyl. Basic,,,,,,,,,
A81016020O,0,SA 16 x 20 Cyl. Basic,,,,,,,,,
A81016025O,0,SA 16 x 25 Cyl. Basic,,,,,,,,,
A81016030O,0,SA 16 x 30 Cyl. Basic,,,,,,,,,
A81016040O,0,SA 16 x 40 Cyl. Basic,,,,,,,,,
A81016050O,0,SA 16 x 50 Cyl. Basic,,,,,,,,,
A81020010O,0,SA 20 x 10 Cyl. Basic,,,,,,,,,
A81020025O,0,SA 20 x 25 Cyl. Basic,,,,,,,,,
A81020050O,0,SA 20 x 50 Cyl. Basic,,,,,,,,,
A81025010O,0,SA 25 x 10 Cyl. Basic,,,,,,,,,
A81025015O,0,SA 25 x 15 Cyl. Basic,,,,,,,,,
A81025020O,0,SA 25 x 20 Cyl. Basic,,,,,,,,,
A81025025O,0,SA 25 x 25 Cyl. Basic,,,,,,,,,
A81025030O,0,SA 25 x 30 Cyl. Basic,,,,,,,,,
A81025040O,0,SA 25 x 40 Cyl. Basic,,,,,,,,,
A81025050O,0,SA 25 x 50 Cyl. Basic,,,,,,,,,
A82016035O,0,SA 16 x 35 Cyl. (Mag) Basic,,,,,,,,,
A82020025O,0,SA 20 x 25 Cyl.(Mag) Basic,,,,,,,,,
A82025050O,0,SA 25 x 50 Cyl.(Mag) Basic,,,,,,,,,
A90006,0,Relay box assy,,,,,,,,,
A90012,0,Sensor mounting plate assy,,,,,,,,,
A91SL040030,0,DA 40 x 30 Compact guided cylinder,,,,,,,,,
A91SL040080,0,DA 40 x 80 Compact guided cylinder,,,,,,,,,
A91SL040100,0,DA 40 x 100 Compact guided cylinder,,,,,,,,,
A91SL040150,0,DA 40 x 150 Compact guided cylinder,,,,,,,,,
AA0125,0,CLEVIS FOOT BRACKET (DIA 125),,,,,,,,,
AA016,0,"CLEVIS FOOT BRACKET (DIA 12,DIA 16)",,,,,,,,,
AA0160,0,CLEVIS FOOT BRACKET (DIA 160),,,,,,,,,
AA0200,0,CLEVIS FOOT BRACKET (DIA 200),,,,,,,,,1.25
AA022,0,"CLEVIS FOOT BRACKET (DIA 20,DIA 25)",,,,,,,,,
AA0250,0,CLEVIS FOOT BRACKET (DIA 250),,,,,,,,,1.25
AA032,0,CLEVIS FOOT BRACKET,,,,,,,,,
AA040,0,CLEVIS FOOT BRACKET (DIA 40),,,,,,,,,
AA050,0,CLEVIS FOOT BRACKET (DIA 50),,,,,,,,,
AA063,0,CLEVIS FOOT BRACKET (DIA 63),,,,,,,,,
AA080,0,CLEVIS FOOT BRACKET (DIA 80),,,,,,,,,
AA100,0,Clevis foot bracket (DIA 100),,,,,,,,,
AA1032,0,CLEVIS FOOT BRACKET (DIA 32),,,,,,,,,
AA1040,0,CLEVIS FOOT BRACKET (DIA 40),,,,,,,,,
AA1050,0,CLEVIS FOOT BRACKET (DIA 50),,,,,,,,,
AA1063,0,CLEVIS FOOT BRACKET (DIA 63),,,,,,,,,
AA1080,0,CLEVIS FOOT BRACKET (DIA 80),,,,,,,,,
AB1040,0,"Clevis foot bracket (Sph) Dia 40 (A23,A24)",,,,,,,,,
AB1063,0,"Clevis foot bracket (Sph) Dia 63 (A23,A24)",,,,,,,,,
AB1125,0,"Clevis foot bracket (Sph) Dia 125 (A23,A24)",,,,,,,,,
AB1160,0,Clevis foot bracket (Sph) Dia 160,,,,,,,,,
AC100M83L-PUR2M,0,M8 Connector with cable (Angle),,,,,,,,,
AC100M83L-PUR5M,0,M8 Connector with cable (Angle),,,,,,,,,
AC100M83S-PUR2M,0,M8 Connector with cable (Straight),,,,,,,,,
AC100M83S-PUR5M,0,M8 Connector with cable (Straight),,,,,,,,,
AC11A,0,SOLENOID COIL 220V AC 32MM - 6WATTS,,,,,,,,,
AC11B,0,"32mm COIL-110V AC 50Hz,6W",,,,,,,,,
AC11D,0,"32mm COIL-48V AC 50Hz,6W",,,,,,,,,
AC11G,0,"32mm COIL-24V AC 50Hz,6W",,,,,,,,,
AC23A,0,"22mm COIL ,220V AC , 6VA",,,,,,,,,
AC23B,0,22mm COIL ASSY 110V AC 6VA,,,,,,,,,
AC23D,0,22mm COIL ASSY 48V AC 6VA,,,,,,,,,
AC23G,0,22mm COIL ASSY 24V AC 6VA,,,,,,,,,
AC34A,0,"17mm Coil assy 220V AC,3.6VA",,,,,,,,,
AC34B,0,"17mm Coil assy 110V AC,3.6VA",,,,,,,,,
AC34G,0,"17mm Coil assy 24V AC,3.6VA",,,,,,,,,
AF006,0,"ROD END FORK (DIA 12,DIA 16)",,,,,,,,,
AF008,0,Rod end fork,,,,,,,,,
AF012,0,ROD END FORK,,,,,,,,,
AF016,0,ROD END FORK,,,,,,,,,
AF020,0,"ROD END FORK (DIA 80,DIA 100)",,,,,,,,,
AF030,0,ROD END FORK (DIA 125),,,,,,,,,
AF035,0,"ROD END FORK (DIA 160,DIA 200)",,,,,,,,,
AG1A01010B,0,Angular Gripper,,,,,,,,,
AG1A01016B,0,Angular Gripper,,,,,,,,,
AG1A01020B,0,Angular Gripper,,,,,,,,,
AG1A01025B,0,Angular Gripper,,,,,,,,,
AG1A01032B,0,Angular Gripper,,,,,,,,,
AG1J01025B,0,Gripper (Three point chuck),,,,,,,,,
AG1J01032B,0,Gripper (Three point chuck),,,,,,,,,
AG1J01040B,0,Gripper (Three point chuck),,,,,,,,,
AG1J01050B,0,Gripper (Three point chuck),,,,,,,,,
AG1J01063B,0,Gripper (Three point chuck),,,,,,,,,
AG1P01010B,0,Gripper (Parrallel),,,,,,,,,
AG1P01016B,0,Gripper (Parrallel),,,,,,,,,
AG1P01025B,0,Gripper (Parrallel),,,,,,,,,
AG1P01032B,0,Gripper (Parrallel),,,,,,,,,
AG1P01040B,0,Gripper (Parrallel),,,,,,,,,
AJ2032,0,Intermediate flange (A63032),,,,,,,,,
AJ2050,0,Intermediate flange (A63050),,,,,,,,,
AJ2063,0,Intermediate flange (A63063),,,,,,,,,
AK2012A,0,Assy Kit-1/4 FRLM,,,,,,,,,
AK2013A,0,Assy Kit-3/8 FRLM,,,,,,,,,
AK2014A,0,Assy Kit-1/2 FRLM,,,,,,,,,
AK2015,0,Seal kit-1/4 FRCLM,,,,,,,,,
AK2015A,0,Assy Kit-1/4 FRCLM,,,,,,,,,
AK2016A,0,Assy Kit-3/8 FRCLM,,,,,,,,,
AK2017A,0,Assy Kit-1/2 FRCLM,,,,,,,,,
AM1012,0,Reed switch with clamp (A52012),,,,,,,,,
AM1020,0,Reed switch with clamp (A52020),,,,,,,,,
AM1025,0,Reed switch with clamp (A52025),,,,,,,,,
AM1063,0,Reed switch with clamp (A13063),,,,,,,,,
AM1080,0,"Reed switch with clamp (A13080,100)",,,,,,,,,1.25
AM1125,0,Reed switch with clamp (A13125),,,,,,,,,
AM1160,0,Reed switch with clamp (A13160),,,,,,,,,
AM1200,0,Reed switch with clamp (A13200),,,,,,,,,
AM2012,0,"Reed switch with clamp (A03012,16,20,25)",,,,,,,,,
AM2032,0,"Reed switch with clamp(A03032,40,50,63,80,100)",,,,,,,,,
AM40-0-FL-04,0,Magnetic sensor with flying lead (Reedswitch 2wire,,,,,,,,,
AM40-0-QD-02,0,Magnetic Sensor with QD Connector(Reed switch 2wir,,,,,,,,,
AM40-1-FL-04,0,Magnetic sensor with flying lead (Reedswitch 3wire,,,,,,,,,
AM40-1-FL-08,0,Magnetic sensor with flying lead (Reedswitch 3wire),,,,,,,,,
AM40-1-QD-02,0,Magnetic sensor with QD Connector (Reed switch 3wi,,,,,,,,,
AM40-2-FL-04,0,"Magnetic sensor with flying lead (Solid state PNP,",,,,,,,,,
AM40-2-QD-02,0,Magnetic sensor with QD Connector (Solid state PNP,,,,,,,,,
AM40-3-FL-04,0,"Magnetic sensor with flying lead(Solid state NPN,2",,,,,,,,,
AM40-3-QD-02,0,"Magnetic sensor with QD Connector(Solid state NPN,",,,,,,,,,
AM41-2-FL-05,0,"	
Turnable Magnetic sensor with flying lead (Solid state PNP,5M Cable)",,,,,,,,,
AM5006-0-FL-04,0,Reed switch with clamp,,,,,,,,,
AM5006-1-FL-04,0,Reed switch with clamp,,,,,,,,,1.25
AM5006-2-FL-04,0,Reed switch with clamp assy,,,,,,,,,
AM5008-1-FL-04,0,Reed switch with clamp,,,,,,,,,
AM5008-2-FL-04,0,Reed switch with clamp assy,,,,,,,,,
AM5010-2-FL-04,0,Reed switch with clamp assy,,,,,,,,,
AM5012-2-FL-04,0,Reed switch with clamp,,,,,,,,,
AM5016-1-FL-04,0,Reed switch with clamp,,,,,,,,,
AM5016-1-QD-02,0,Reed switch with clamp,,,,,,,,,
AM5016-2-QD-02,0,Reed switch with clamp,,,,,,,,,
AM5020-0-FL-04,0,Reed switch with clamp assy (Dia 250),,,,,,,,,
AP006,0,"ROD END SPHERICAL EYE (DIA 12,DIA 16)",,,,,,,,,
AP008,0,ROD END SPHERICAL EYE (DIA 20),,,,,,,,,
AP010,0,"ROD END SPHERICAL EYE (DIA 25,DIA 32)",,,,,,,,,
AP012,0,ROD END SPHERICAL EYE(DIA 40),,,,,,,,,
AP016,0,ROD END SPHERICAL EYE,,,,,,,,,
AP027,0,ROD END SPHERICAL EYE (DIA 125),,,,,,,,,
AP036,0,"ROD END SPHERICAL EYE (DIA 160,DIA 200)",,,,,,,,,1.25
AP040,0,ROD END SPHERICAL EYE (DIA 250),,,,,,,,,1.25
AR006,0,"ROD END ALIGNER (DIA 12,DIA 16)",,,,,,,,,
AR008,0,ROD END ALIGNER (DIA 20),,,,,,,,,
AR010,0,"ROD ALIGNER DIA 25,DIA32",,,,,,,,,
AR012,0,ROD END ALIGNER (DIA 40),,,,,,,,,
AR016,0,"ROD ALIGNER Dia 50,Dia 63",,,,,,,,,
AR020,0,"ROD ALIGNER Dia 80,Dia 100",,,,,,,,,
AS0161,0,SILENCER-1/4,,,,,,,,,
ASB0160,0,SILENCER(BUTTON),,,,,,,,,
ASB0162,0,SILENCER(BUTTON) 3/8,,,,,,,,,
ASB0163,0,SILENCER(BUTTON)-G1/2,,,,,,,,,
ASC0163,0,SILENCER(CONICAL) 1/2,,,,,,,,,1.25
ASC0170,0,SILENCER(CONICAL) M5,,,,,,,,,
ASC0191,0,Silencer conical NPT 1/4,,,,,,,,,
ASC0193,0,Silencer conical NPT 1/2,,,,,,,,,
ASL0160,0,SILENCER,,,,,,,,,
ASL0161,0,SILENCER CUM FLOW CONTROL(WITH LOCK NUT) 1/4,,,,,,,,,
ASL0162,0,SILENCER CUM FLOW CONTROL(WITH LOCK NUT) 3/8,,,,,,,,,
ASL0163,0,SILENCER CUM FLOW CONTROL(WITH LOCK NUT) 1/2,,,,,,,,,
ASP125-61M60F,4452.5,Spring Plunger 25 mm stroke - G1/4,,,,,,,,3562,1.25
ASR0160,0,SILENCER CUM FLOW CONTROL(WITH SPRING) 1/8,,,,,,,,,
ASR0161,0,SILENCER CUM FLOW CONTROL(WITH SPRING) 1/4,,,,,,,,,
ASR0162,0,SILENCER CUM FLOW CONTROL(WITH SPRING) 3/8,,,,,,,,,
ASR0163,0,SILENCER CUM FLOW CONTROL(WITH SPRING) 1/2,,,,,,,,,
AT016,0,"TRUNNION BRACKET (DIA 12,DIA 16)",,,,,,,,,
AT0160,0,"TRUNNION BRACKET (DIA 160,DIA 200)",,,,,,,,,
AT022,0,"TRUNNION BRACKET (DIA 20,DIA 25)",,,,,,,,,
AT032,0,Trunnion Bracket (Dia 32),,,,,,,,,
AT040,0,"TRUNNION BRACKET (DIA 40,DIA 50)",,,,,,,,,
AT063,0,"TRUNNION BRACKET (DIA 63,DIA 80)",,,,,,,,,
AT100,0,"TRUNNION BRACKET (DIA 100,DIA 125)",,,,,,,,,
AV0125,0,WALL MOUNTING BRACKET (DIA 125),,,,,,,,,
AV0160,0,Wall mounting Bracket (Dia 160),,,,,,,,,
AV0200,0,WALL MOUNTING BRACKET (DIA 200),,,,,,,,,
AV032,0,WALL MOUNTING BRACKET (DIA 32),,,,,,,,,
AV040,0,WALL MOUNTING BRACKET (DIA 40),,,,,,,,,
AV050,0,WALL MOUNTING BRACKET (DIA 50),,,,,,,,,
AV063,0,WALL MOUNTING BRACKET (DIA 63),,,,,,,,,
AV100,0,WALL MOUNTING BRACKET (DIA 100),,,,,,,,,
AV1032,0,WALL MOUNTING BRACKET (DIA 32),,,,,,,,,
AV1040,0,WALL MOUNTING BRACKET (DIA 40),,,,,,,,,
AV1050,0,WALL MOUNTING BRACKET (DIA 50),,,,,,,,,
AV1063,0,WALL MOUNTING BRACKET (DIA 63),,,,,,,,,
AV1080,0,WALL MOUNTING BRACKET (DIA 80),,,,,,,,,
AW0125,0,WALL MOUNTING BRACKET (DIA 125),,,,,,,,,
AW0160,0,WALL MOUNTING BRACKET (DIA 160),,,,,,,,,
AW0200,0,WALL MOUNTING BRACKET (DIA 200),,,,,,,,,
AW032,0,WALL MOUNTING BRACKET (DIA 32),,,,,,,,,
AW040,0,WALL MOUNTING BRACKET (DIA 40),,,,,,,,,
AW050,0,WALL MOUNTING BRACKET (DIA 50),,,,,,,,,
AW063,0,WALL MOUNTING BRACKET (DIA 63),,,,,,,,,
AW080,0,WALL MOUNTING BRACKET (DIA 80),,,,,,,,,
AW1032,0,WALL MOUNTING BRACKET (DIA 32),,,,,,,,,
AW1040,0,WALL MOUNTING BRACKET (DIA 40),,,,,,,,,
AW1050,0,WALL MOUNTING BRACKET (DIA 50),,,,,,,,,
AW1063,0,WALL MOUNTING BRACKET (DIA 63),,,,,,,,,
AW1080,0,WALL MOUNTING BRACKET (DIA 80),,,,,,,,,
AW1100,0,Wall mounting Bracket (Dia 100),,,,,,,,,
C100,0,SAFETY VALVE 1/4 (10 - 11.5bar setting),,,,,,,,,
C101,0,"SOL.VALVE 1/4 3/2 NO,7bar,220V AC(DA)",,,,,,,,,
C102,0,"SOL.VALVE 1/4  3/2 NC,7bar 220V AC(DA)",,,,,,,,,
C111,0,PNEUMATIC CYLINDER (DIA 50 x 26),,,,,,,,,
C112,0,Pneumatic cylinder (DIA 50 x 53),,,,,,,,,
C113,0,PNEUMATIC CYLINDER (DIA 30 x 45),,,,,,,,,
C114,0,PNEUMATIC CYLINDER (DIA 30 x 143),,,,,,,,,
C116,0,PNEUMATIC CYLINDER (DIA 60 x 215),,,,,,,,,
C118,0,Dampening Cylinder-(Dia 100 X 264),,,,,,,,,
C12,0,PNEUMATIC CYLINDER (DIA 80 x 300),,,,,,,,,
C123,0,"SOL.VALVE 1/4  3/2 NO,20bar,220V AC(DA)",,,,,,,,,
C13,0,PNEUMATIC CYLINDER (DIA 60 x 407),,,,,,,,,
C136,0,Safety Valve-1/4,,,,,,,,,
C137,0,ROTARY SEAL-1/8,,,,,,,,,
C138,0,MICRO VALVE,,,,,,,,,
C14,0,PNEUMATIC CYLINDER (DIA 60 x 160),,,,,,,,,
C143,0,RAPID RELIEF VALVE,,,,,,,,,
C146,0,SAFETY VALVE 1/2 (9.5 - 12bar setting),,,,,,,,,
C15,0,Pneumatic cylinder (Dia 35 x 10),,,,,,,,,
C151,0,PNEUMATIC CYLINDER (DIA 50 x 80),,,,,,,,,
C152,0,Pneumatic cylinder (Dia 50 x 5),,,,,,,,,
C153,0,PNEUMATIC CYLINDER (DIA 50 x 600),,,,,,,,,
C154,0,PNEUMATIC CYLINDER (DIA 50 x 80),,,,,,,,,
C156,0,PNEUMATIC CYLINDER (DIA 60 x 25),,,,,,,,,
C157,0,PNEUMATIC CYLINDER (DIA 63 x 80),,,,,,,,,
C162,0,PNEUMATIC CYLINDER (DIA 40 x 142),,,,,,,,,
C163,0,VALVE TAP-1/4,,,,,,,,,
C183,0,VALVE TAP-1/2,,,,,,,,,
C185,0,Rapid relief valve-1/4,,,,,,,,,
C196,0,"SOL.VALVE 1/4  3/2 UNI,4bar, 220V AC(DA)",,,,,,,,,
C199,0,Pneumatic cylinder (Dia 25 x 143),,,,,,,,,
C207,0,Flow control valve - 1/4,,,,,,,,,
C21,0,PNEUMATIC CYLINDER (DIA 40 x 8),,,,,,,,,
C22,0,PNEUMATIC CYLINDER (DIA 60 x 17),,,,,,,,,
C23,0,RAPID RELIEF VALVE-1/8,,,,,,,,,
C273,0,PNEUMATIC CYLINDER (DIA 40 x 100),,,,,,,,,
C274,0,PNEUMATIC CYLINDER (DIA 40 x 50),,,,,,,,,
C275,0,PNEUMATIC CYLINDER (DIA 100 x 75),,,,,,,,,
C276,0,Pneumatic cylinder (Dia 50 x 765),,,,,,,,,
C277,0,"SOL.VALVE 1/2  5/2,2-10bar,24V DC(PO)",,,,,,,,,
C283,0,"SOL.VALVE 3/2 NC,10bar,24V DC(Gang Mounting)",,,,,,,,,
C299,0,Flow control valve - 1/2,,,,,,,,,
C300,0,CHECK VALVE - 1/2,,,,,,,,,
C301,0,"SOL.VALVE 1/4  3/2 NC,7bar,220V AC(DA)",,,,,,,,,
C302,0,"SOL.VALVE 1/4  2/2 NC,25bar,220V AC(DA)",,,,,,,,,
C303,0,"SOL.VALVE 1/4  3/2 NC,2-10bar,220V AC(PO)",,,,,,,,,
C304,0,"SOL.VALVE 1/4  3/2 NO,2-10bar,220V AC(PO)",,,,,,,,,
C309,0,"SOL.VALVE 1/4  3/2 NC,7bar, 24V DC(DA)",,,,,,,,,
C321,0,"SOL.VALVE 1/4  3/2 NO,35bar 220V AC(DA)",,,,,,,,,
C333,0,"SOL VALVE 3/2 UNI,2.5NW,220V AC(DA)",,,,,,,,,
C341,0,"SOL.VALVE 1/4  3/2 NC,7bar,220V AC(DA)",,,,,,,,,
C349,0,BUTTON OPERATED VALVE 3/2 WAY - 1/8,,,,,,,,,
C38,0,CHECK VALVE,,,,,,,,,
C391,0,PNEUMATIC CYLINDER (DIA 50 x 48)(DIA 25 x 48.5),,,,,,,,,
C402,0,"SOL.VALVE 3/2 NC,10bar,220V AC(Gang Mounting)",,,,,,,,,
C420,0,"SOL.VALVE 1/4  3/2 NC,20bar,220V AC (DA)",,,,,,,,,
C4532,0,FITTINGS+PU TUBES FOR SLIVER LAP,,,,,,,,,
C4533,0,FITTINGS+PU TUBES FOR RIBBION LAP,,,,,,,,,
C4538,0,FITTINGS+PU TUBES FOR SPEED FRAME LF1400A (W.O.DRA,,,,,,,,,
C4540,0,FITTINGS+PU TUBES FOR RING FRAME G5/1(W.DRAFT),,,,,,,,,
C4541,0,FITTINGS+PU TUBES FOR RING FRAME G5/1(W.O. DRAFT),,,,,,,,,
C456,0,"SOL.VALVE 1/4  3/2 NC,20bar,110V AC(DA)",,,,,,,,,
C4590,0,"Panel assy for LR machine(Y25,Y26)",,,,,,,,,
C4626,0,Pneumatic cyl. kit for Sliver cut DK740/DK780 card,,,,,,,,,
C4629,0,Pneumatic kit for Trumac blow room conversion,,,,,,,,,
C4630,0,Pneumatic kit for Auto coner Regulator Panel,,,,,,,,,
C4630/L,0,Pneumatic kit for Auto coner Reg. Panel-left,,,,,,,,,
C4745/M,0,Double acting cyl with fittings (Dia50x80),,,,,,,,,
C484,0,"SOL.VALVE 1/4  5/2, 2-10bar,220V AC(PO)",,,,,,,,,
C49,0,Non return valve - 1/4,,,,,,,,,
C5008,0,DA 40 x 160 Cyl. Basic,,,,,,,,,
C501,0,PNEUMATIC CYLINDER (DIA 60 x 229),,,,,,,,,
C5021,0,DA 50 x 80 Cyl. Female clevis,,,,,,,,,
C5022,0,DA 50 x 40 Cyl. Male clevis,,,,,,,,,
C503,0,"SOL.VALVE 1/2  5/2, 2-10bar,220V AC(PO)",,,,,,,,,
C5039,0,DA 20 x 125 Cyl. Basic,,,,,,,,,
C504,0,PNEUMATIC CYLINDER (DIA 40 x 120),,,,,,,,,
C5058,0,DA 100 x 145 Cyl. Sp.Clevis,,,,,,,,,
C5059,0,DA 100 x 90 and 21 Cyl. Sp.Clevis,,,,,,,,,
C5063,0,DA 50 x 40 Cyl. (Mag) Basic,,,,,,,,,
C5078,0,SA 25 x 30 Cyl. Basic,,,,,,,,,
C5091,0,SA 25 x 28 Cyl. Basic,,,,,,,,,
C5092,0,DA 25 x 20 Cyl.(Mag) Basic,,,,,,,,,
C5118,0,DA 25 x 10 Cyl. Basic,,,,,,,,,
C5132,0,DA 63 x 160 Cyl. (Mag) Female Clevis,,,,,,,,,
C5159,0,DA 63 x 125 Cyl. Male Clevis,,,,,,,,,
C5161,0,DA 40 x 50 Cyl. (Mag) Basic,,,,,,,,,
C5190,0,Variator Cylinder (Dia.100 x 125),,,,,,,,,
C52,0,GR FLOW CONTROL VALVE - 1/8,,,,,,,,,
C522,0,"SOL VALVE 1/2  3/2 NC,2-10bar,220V AC(PO)",,,,,,,,,
C5221,0,DA 40 x 25 Compact(ISO) Cyl. Basic,,,,,,,,,
C5278,0,DA 25 x 40 Cyl. Basic,,,,,,,,,
C5289,0,SA 32 x 50 Cyl. with Trunnion,,,,,,,,,
C5297,0,DA 25 x 150 Cyl.(Mag) Basic,,,,,,,,,
C5298,0,DA 63 x 154 SQ Cyl. (Mag) Male clevis (SPH),,,,,,,,,
C5328,0,Pneumatic cylinder (Dia 32 x 14)(Pr.cyl 1),,,,,,,,,
C5338,0,SA 32 x 25 Compact (ISO) Cyl. Basic,,,,,,,,,
C5342,0,DA 25 x 25 Compact (ISO) Cyl.(Mag) Male Clevis,,,,,,,,,
C5382,0,SA 25 x 50 Cyl. Basic (Rear Spring),,,,,,,,,
C54,0,PNEUMATIC CYLINDER (DIA 40 x 57),,,,,,,,,
C5463,0,DA 25 x 160 Cyl. Basic,,,,,,,,,
C5525,0,DA 125 x 160 SQ Cyl. Female clevis (King Pin),,,,,,,,,
C5546,0,Reed switch,,,,,,,,,
C5547,0,Reed swtich,,,,,,,,,
C557,0,"SOL.VALVE 1/4  5/2, 2-10bar,24V DC(PO)",,,,,,,,,
C561,0,"SOL.VALVE 1/4  2/2 NC,10bar,24V AC (DA)",,,,,,,,,
C5748,0,SA 80 x 215 Cyl. Basic (Front spring),,,,,,,,,
C5751,0,Compact Guided Cylinder Dia 32 x 50 (Slide bearing),,,,,,,,,
C5768,0,Compact guided cylinder Dia 25 x 40 (slide bearing),,,,,,,,,
C578,0,SAFETY VALVE 1/2  (11.5 - 14bar setting),,,,,,,,,
C579,0,SAFETY VALVE 3/4  (9.5 - 12bar setting),,,,,,,,,
C583,0,Pneumatic Cylinder (Dia40 x 104),,,,,,,,,
C585,0,"SOL.VALVE 1/4  3/2 NC,35bar, 220V AC(DA)",,,,,,,,,
C600,0,PNEUMATIC CYLINDER (DIA 40 x 80),,,,,,,,,
C601,0,Pneumatic cylinder  (Dia 40 x 160),,,,,,,,,
C6043,0,"Sol. valve 1/2 ,2/2 NC,10 bar,220V AC (DA)",,,,,,,,,
C608,0,"SOL.VALVE 1/4  3/2 NO,20bar, 220V AC(DA)",,,,,,,,,
C609,0,"SOL.VALVE 1/4  3/2 NC,20bar,220V AC(DA)",,,,,,,,,
C61,0,PNEUMATIC CYLINDER (DIA 104 x 76),,,,,,,,,
C612,0,"SOL.VALVE 3/2 NC,10bar,220V AC (GANG MOUNTING)",,,,,,,,,
C614,0,DA 40 x 70 Cyl. Female clevis,,,,,,,,,
C636,0,"MANIFOLD (8 VALVES)-3/2 NC,220V AC",,,,,,,,,
C64,0,ROLLER LEVER VALVE 3/2 WAY V3 - 1/8,,,,,,,,,
C641,0,"SOL.VALVE 1/4  3/2 NC,7bar,220V AC(DA)",,,,,,,,,
C65,0,BUTTON OPERATED VALVE 3/2 WAY - 1/8,,,,,,,,,
C650,0,"SOL.VALVE 3/2 NC,10bar,220V AC(GANG MOUNTING)",,,,,,,,,
C695,0,"SOL.VALVE 1/4 NPT 3/2 NO, 20bar, 220V AC(DA)",,,,,,,,,
C696,0,"SOL.VALVE 1/4 NPT 3/2 NC,20bar 220V AC(DA)",,,,,,,,,
C700,0,Pneumatic cylinder (Dia 50 X 765),,,,,,,,,
C7004,0,5/2 SINGLE SOLENOID VALVE (WITH SPRING RETURN),,,,,,,,,
C7006,0,SILENCER WITH CONTROL-1/8,,,,,,,,,
C7007,0,NON RETURN VALVE DIA6,,,,,,,,,
C7008,0,NON RETURN VALVE Dia 8,,,,,,,,,
C7009,0,Flow control valve (R3/8xDia 6) (Supply control),,,,,,,,,
C7020,0,"1/4 -5/2,24V DC Sin.Sol.Double pilot valve(Impulse",,,,,,,,,
C7021,0,"1/4 -5/2,24V DC Sin.Sol.Double pilot valve (Impulse) & Fittings",,,,,,,,,
C7022,0,Flow control valve (R3/8xDia 6) (Exhaust control),,,,,,,,,
C7030,0,"1/4 -5/2,12V DC Sin.Sol.Double pilot valve(Impulse",,,,,,,,,
C7032,0,3/2 Universal valve with selector switch-M5,,,,,,,,,
C7043,0,"PILOT OPERATED NRV-(G1/2,R1/2)",,,,,,,,,
C7050,0,"Pilot Operated NRV-(G1/4,R1/4)",,,,,,,,,
C7057,0,Flow control valve (R1/4 x Dia 4) (Exhaust control),,,,,,,,,
C7060,0,1/4 -5/2 Impulse valve(Ext. pilot) with Angular Strainer,,,,,,,,,
C7063,0,1/4 -5/2 Impulse valve (Ext. pilot operated),,,,,,,,,
C7064,0,PE Converter with clamp,,,,,,,,,
C7065,0,Flow control valve R1/4 x Dia 12 (Exhaust control),,,,,,,,,
C7066,0,1/8 -3/2 NC Push Pull sp. return valve(Green),,,,,,,,,
C7067,0,1/8 -3/2 NC Push Pull sp. return valve (Red),,,,,,,,,
C7082,0,3/2 NC Stem Actuated Valve 1/4,,,,,,,,,
C7086,0,5/2 Roller Lever Valve-1/4,,,,,,,,,
C71,0,PNEUMATIC CYLINDER (DIA 40 x 118),,,,,,,,,
C7119,0,1/8 -3/2 NC Push Pull sp. return valve,,,,,,,,,
C717,0,"SOL.VALVE 3/2 NO,10bar,220V AC(GANG MOUNTING)",,,,,,,,,
C743,0,"SOL.VALVE 1/4  3/2 NO,20bar,24V DC(DA)",,,,,,,,,
C746,0,SAFETY VALVE 1/4  (13 - 14bar setting),,,,,,,,,
C75,0,PNEUMATIC CYLINDER (DIA 25 x 40),,,,,,,,,
C76,0,PNEUMATIC CYLINDER (DIA 80 x 300),,,,,,,,,
C761,0,SAFETY VALVE 1 NPT (9.5 - 12bar setting),,,,,,,,,
C772,0,Pneumatic cylinder (Dia 60 x 215),,,,,,,,,
C788,0,"SOL.VALVE 3/2 NC,10bar,220V AC(Gang Mounting)",,,,,,,,,
C789,0,"SOL.VALVE 1/4  3/2 NC,7bar,220V AC(DA)",,,,,,,,,
C8001,0,Regulator-1/4 (7bar),,,,,,,,,
C8005,0,"FRC-1/2 (40Micron,10bar)With Clamp",,,,,,,,,
C8007,0,Regulator with Nipple-1/4,,,,,,,,,
C801,0,Oil pump (Dia 25),,,,,,,,,
C8010,0,"Lubricator-1/4 with Nipple,Clamp",,,,,,,,,
C8013,0,Lubricator-3/8 with Nipple-1/4,,,,,,,,,
C8016,0,"FRC-3/8 With clamp,pre.gauge,Nipple-1/4",,,,,,,,,
C8018,0,"Filter-1/4 (40Micron)Nipple,Clamp",,,,,,,,,
C8019,0,"Regulator-1/4 (4bar)Nipple,Clamp",,,,,,,,,
C8024,0,"FRC-1/4(40Micron,10bar)Nipple,Clamp",,,,,,,,,
C8025,0,Regulator-1/4(4bar)With Nipple,,,,,,,,,
C8026,0,Regulator-1/4(4bar)Nipple With clamp,,,,,,,,,
C8038,0,FRC WITH AUTO DRAIN-1/4,,,,,,,,,
C8052,0,"FRC-1/4(40Micron,10bar),Nipple,Clamp,Pre.Gauge(16",,,,,,,,,
C8059,0,FILTER -1/2 (Without filter element),,,,,,,,,
C807,0,"SOL.VALVE 3/2 NC,10bar,220V AC(GANG MOUNTING)",,,,,,,,,
C808,0,"Sol. Valve 1/4 5/2, 2-10bar,220V AC(PO) without SocketO",,,,,,,,,
C8144,0,Angular line strainer-G1/4,,,,,,,,,
C8177,0,"FRC-1/4 (40Micron,10bar),Clamp,Pre.Gauge(16bar)",,,,,,,,,
C8211,0,Line drain fitted with valves-1/4,,,,,,,,,
C823,0,"SOLENOID VALVE 2 NOS (MANIFOLD MOUNTED) 24V DC , 7",,,,,,,,,
C824,0,"Sol. valve 3/2 UNI, 2.5NW, 24V DC(DA)",,,,,,,,,
C825,0,"SOL.VALVE 1/4 2/2 NC,10bar, 42V AC(DA)",,,,,,,,,
C826,0,"SOL.VALVE 2/2 NC,7bar, 24V DC, 2.5NW, MINI HOUSING",,,,,,,,,
C827,0,"SOL.VALVE 2/2 NC, 10bar, 220V AC, 2 NW, MINI HOUSI",,,,,,,,,
C828,0,"SOLENOID VALVE 2 NOS (MANIFOLD MOUNTED) 220V AC ,",,,,,,,,,
C840,0,"Solenoid valve 2 nos (Manifold mounted) 24V DC,10 bar",,,,,,,,,
C845,0,PANEL BOX (G5/1 RING FRAME MACHINE),,,,,,,,,
C86,0,Safety valve 1/2 (13.5 -17bar Setting),,,,,,,,,
C863,0,"SOL.VALVE 1/4 3/2 NO,7bar,220V AC(DA)",,,,,,,,,
C864,0,"SOL.VALVE 1/4 3/2 NC,7bar 220V AC(DA)",,,,,,,,,
C880,0,"SOL.VALVE 1/4 3/2 NO,7bar,220V AC(DA)",,,,,,,,,
C902,0,1/4 Rapid relief valve with Silencer,,,,,,,,,
C9055,0,Male run tee reducer-R1/2xDia8xDia12,,,,,,,,,
C9070,0,FEMALE CONNECTOR DIA6x1/8,,,,,,,,,
C9071,0,TEE CONNECTOR R1/4xR1/4xDIA6,,,,,,,,,
C9072,0,ELBOW CONNECTOR R1/4(MALE)xG1/4(FEMALE),,,,,,,,,
C9073,0,ELBOW CONNECTER R1/8(Male) x G1/8(Female),,,,,,,,,
C908,0,"Sol.Assy 3/2 NO,1.2NW,220V AC (w.o housing)with Gasket",,,,,,,,,
C909,0,"Sol.Assy 2/2 NC,20bar,220V AC (w.o housing)",,,,,,,,,
C9090,0,MALE CONNECTOR DIA6xM8x1,,,,,,,,,
C9097,0,TRIPLE SWIVEL R1/4xDia8xG1/4xDia6,,,,,,,,,
C9098,0,Male connector(Internal hexagon socket) DIA4x(M7x1),,,,,,,,,
C910,0,Safety Valve 3/8 (5 - 6bar setting),,,,,,,,,
C9101,0,MALE CONNECTOR DIA4x(M8x1),,,,,,,,,
C9103,0,ELBOW CONNECTER R1/8 (EXTD) x G1/8,,,,,,,,,
C9104,0,Elbow connector R1/2,,,,,,,,,
C9105,0,MULTI TEE CONNECTOR R1/2xDia8xDia8xDia6,,,,,,,,,
C9107,0,MALE CONNECTOR DIA4x(M8x1),,,,,,,,,
C9110,0,Union Y reducer Dia8xDia8xDia6,,,,,,,,,
C9112,0,MALE CONNECTOR DIA6XG1/8,,,,,,,,,
C9115,0,Elbow connector R1/2xG1/2,,,,,,,,,
C9122,0,MALE CONNECTOR DIA6X(M12X1.5),,,,,,,,,
C9123,0,MALE ELBOW Dia 6x(M12X1.5),,,,,,,,,
C9124,0,MALE CONNECTOR Dia 6x(M22x1.5),,,,,,,,,
C9127,0,MALE ELBOW Dia 6(Panel board type),,,,,,,,,
C9129,0,MALE CONNECTOR Dia 6 x G1/8(1.3NW),,,,,,,,,
C9136,0,Multi distributor union Dia8xDia8,,,,,,,,,
C9171,0,Pilot operated NRV with fittings Dia12,,,,,,,,,
C9172,0,Flow control valve with fittings Dia12,,,,,,,,,
C9175,0,Male Elbow Dia 4x(M8x1),,,,,,,,,
C9180,0,Male connector Dia8 x (M12x1.5),,,,,,,,,
C9192,0,Male branch tee reducer Dia12xDia8xR1/2,,,,,,,,,
C9196,0,Male connector (int hex socket) mini Dia4xM5,,,,,,,,,
C9223,0,Male elbow Dia8x(M12x1.5),,,,,,,,,
C9227,0,Male elbow Dia8 x (M16x1.5),,,,,,,,,
C9228,0,Male elbow Dia6 x (M16x1.5),,,,,,,,,
C9243,0,Union 'Y' reducer Dia8xDia8xDia12,,,,,,,,,
C99,0,SAFETY VALVE 3/4 (13.5 - 17bar setting),,,,,,,,,
CS70007,0,"1/4-5/2 24V DC,Single sol.sp return valve",,,,,,,,,
CS70022,0,"1/4-5/2  24V DC,Single sol.sp return valve",,,,,,,,,
CSA21A1F0A,0,6W COIL ASSY,,,,,,,,,
CSA21A2F0A,0,COIL ASSY,,,,,,,,,
CSA21B1F0A,0,COIL ASSY -6W(CUP TYPE),,,,,,,,,
CSA21G1F0A,0,COIL ASSY,,,,,,,,,
CSA21W2F0A,0,COIL ASSY,,,,,,,,,
CSK J004,0,SEAL KIT,,,,,,,,,
CSK0011C,0,Seal kit,,,,,,,,,
CSK0012C,0,Seal kit,,,,,,,,,
CSK0013C,0,Seal kit,,,,,,,,,
CSK0014C,0,Seal kit,,,,,,,,,
CSK0015C,0,Seal kit,,,,,,,,,
CSK0021C,0,Seal kit,,,,,,,,,
CSK0022C,0,Seal kit,,,,,,,,,
CSK0054C,0,Seal kit,,,,,,,,,
CSK0061C,0,Seal kit,,,,,,,,,
CSK0071C,0,Seal kit,,,,,,,,,
CSK0075C,0,Seal kit,,,,,,,,,
CSK0076C,0,Seal kit,,,,,,,,,
CSK0084C,0,Seal kit,,,,,,,,,
CSK0085C,0,Seal kit,,,,,,,,,
CSK0111C,0,Seal kit,,,,,,,,,
CSK0112C,0,Seal kit,,,,,,,,,
CSK0113C,0,Seal kit,,,,,,,,,
CSK0114C,0,Seal kit,,,,,,,,,
CSK0116C,0,Seal kit,,,,,,,,,
CSK0117C,0,Seal kit,,,,,,,,,
CSK0118C,0,Seal kit,,,,,,,,,
CSK0119C,0,Seal kit,,,,,,,,,
CSK0120C,0,Seal kit,,,,,,,,,
CSK0123,0,Seal kit (C123),,,,,,,,,
CSK0151C,0,Seal kit,,,,,,,,,
CSK0152C,0,Seal kit,,,,,,,,,
CSK0153C,0,Seal kit,,,,,,,,,
CSK0154C,0,Seal kit,,,,,,,,,
CSK0156C,0,SEAL KIT,,,,,,,,,
CSK0157C,0,Seal kit,,,,,,,,,
CSK0162C,0,SEAL KIT,,,,,,,,,
CSK0273C,0,Seal kit,,,,,,,,,
CSK0274C,0,SEAL KIT,,,,,,,,,
CSK0275C,0,SEAL KIT,,,,,,,,,
CSK0276C,0,SEAL KIT,,,,,,,,,
CSK0391C,0,Seal kit,,,,,,,,,
CSK0501C,0,SEAL KIT,,,,,,,,,
CSK0583C,0,SEAL KIT,,,,,,,,,
CSK0600C,0,SEAL KIT,,,,,,,,,
CSK0601C,0,SEAL KIT,,,,,,,,,
CSK0623C,0,SEAL KIT,,,,,,,,,
CSK0700C,0,Seal kit,,,,,,,,,
CSK0772C,0,SEAL KIT,,,,,,,,,
CSK5058,0,SEAL KIT,,,,,,,,,
CSK5059,0,SEAL KIT,,,,,,,,,
CSKJ004,0,Seal kit,,,,,,,,,
D649,0,"SOL.VALVE 1/4"" 3/2 NC,7bar,12V DC(DA)",,,,,,,,,
DC12Q,0,"32mm COIL-110V DC,8W",,,,,,,,,
DC12S,0,"32mm COIL-48V DC,8W",,,,,,,,,
DC12W,0,COIL ASSY,,,,,,,,,
DC15R,0,COIL ASSY,,,,,,,,,
DC24Q,0,22mm Coil Assy 110V DC 5W,,,,,,,,,
DC24R,0,COIL ASSY,,,,,,,,,
DC24S,0,22mm Coil Assy 48V DC 5W,,,,,,,,,
DC24W,0,COIL ASSY,,,,,,,,,
DC27W,0,"Coil assy 24V DC,6.5W (CE),(22mm)",,,,,,,,,
DC36R,0,"17mm Coil assy 12V DC,2.5W",,,,,,,,,
DC36S,0,"17mm Coil assy 48V DC,2.5W",,,,,,,,,
DC36W,0,"17mm Coil assy 24V DC,2.5W",,,,,,,,,
DM108/A16125050O,0,DA 125 x 50 Cyl. Basic,,,,,,,,,
DP035061,0,3/2NO STEM ACTUATED VALVE 1/4,,,,,,,,,
DP035F61,0,3/2NO FOOT OPERATED VALVE G1/4,,,,,,,,,
DP035F61-PY,0,3/2 NO Foot operated valve G1/4 with cover (yellow colour),,,,,,,,,
DP035H61,0,3/2NO HAND LEVER VALVE-1/4  (DP0 Series),,,,,,,,,
DP035L61,0,3/2 NO Foot Operated Valve 1/4  with Locking,,,,,,,,,
DP035N61,0,3/2NO FINGER LEVER VALVE-1/4,,,,,,,,,
DP035R61,0,3/2NO ROLLER LEVER VALVE-1/4,,,,,,,,,
DP045061,0,3/2NC STEM ACTUATED VALVE 1/4,,,,,,,,,
DP045F61,0,3/2NC FOOT OPERATED VALVE G1/4,,,,,,,,,
DP045F61-PY,0,3/2 NC Foot operated valve G1/4 with cover (yellow colour),,,,,,,,,
DP045H61,0,3/2NC HAND LEVER VALVE-1/4  (DP0 Series),,,,,,,,,
DP045L61,0,3/2 NC Foot Operated Valve 1/4  with Locking,,,,,,,,,
DP045N61,0,3/2NC FINGER LEVER VALVE-1/4,,,,,,,,,
DP045R61,0,3/2NC ROLLER LEVER VALVE-1/4,,,,,,,,,
DP055061,0,5/2 STEM ACTUATED VALVE 1/4,,,,,,,,,
DP055061-IPS,0,Internal platic spares-(5/2 Stem Actuated Valve-1/,,,,,,,,,
DP055F61,0,5/2 FOOT OPERATED VALVE 1/4,,,,,,,,,
DP055F61-PY,0,5/2 Foot operated valve G1/4 with cover (yellow colour),,,,,,,,,
DP055H61,0,5/2 HAND LEVER VALVE-1/4,,,,,,,,,
DP055L61,0,5/2 Foot Operated Valve 1/4  with Locking,,,,,,,,,
DP055N61,0,5/2 FINGER LEVER VALVE-1/4,,,,,,,,,
DP055R61,0,5/2 ROLLER LEVER VALVE-1/4,,,,,,,,,
DP135SR61-A,0,"1/4 -3/2 NO,220V AC Single Sol.sp.return valve",,,,,,,,,
DP135SR61-B,0,"1/4 -3/2 NO,110V AC Single Sol.sp.return valve",,,,,,,,,
DP135SR61-D,0,"1/4 -3/2 NO,48V AC Single Sol.sp.return valve",,,,,,,,,
DP135SR61-G,0,"1/4 -3/2 NO,24V AC,Single Sol.sp.return valve",,,,,,,,,
DP135SR61-Q,0,"1/4 -3/2 NO,110V DC,Single Sol.sp.return valve",,,,,,,,,
DP135SR61-R,0,"1/4 -3/2 NO,12V DC Single Sol.sp.return valve",,,,,,,,,
DP135SR61-S,0,"1/4 -3/2 NO,48V DC,Single Sol.sp.return valve",,,,,,,,,
DP135SR61-W,0,"1/4 -3/2 NO,24V DC Single Sol.sp.return valve",,,,,,,,,
DP145SR61-A,0,"1/4 -3/2 NC,220V AC Single Sol.sp.return valve",,,,,,,,,
DP145SR61-B,0,"1/4 -3/2 NC,110V AC Single Sol.sp.return valve",,,,,,,,,
DP145SR61-D,0,"1/4 -3/2 NC,48V AC Single Sol.sp.return valve",,,,,,,,,
DP145SR61-G,0,"1/4 -3/2 NC,24V AC Single Sol.sp.return valve",,,,,,,,,
DP145SR61-Q,0,"1/4 -3/2 NC,110V DC Single Sol.sp.return valve",,,,,,,,,
DP145SR61-R,0,"1/4 -3/2 NC,12V DC Single Sol.sp.return valve",,,,,,,,,
DP145SR61-S,0,"1/4 -3/2 NC,48V DC Single Sol.sp.return valve",,,,,,,,,
DP145SR61-W,0,"1/4 -3/2 NC,24V DC Single Sol.sp.return valve",,,,,,,,,
DP155SR61-A,0,"1/4 -5/2,220V AC Single Sol.sp.return valve",,,,,,,,,
DP155SR61-B,0,"1/4 -5/2,110V AC Single Sol.sp.return valve",,,,,,,,,
DP155SR61-D,0,"1/4 -5/2,48V AC Single Sol.sp.return valve",,,,,,,,,
DP155SR61-G,0,"1/4 -5/2,24V AC Single Sol.sp.return valve",,,,,,,,,
DP155SR61-Q,0,"1/4 -5/2,110V DC Single Sol.sp.return valve",,,,,,,,,
DP155SR61-R,0,"1/4 -5/2,12V DC Single Sol.sp.return valve",,,,,,,,,
DP155SR61-S,0,"1/4 -5/2,48V DC Single Sol.sp.return valve",,,,,,,,,
DP155SR61-W,0,"1/4 -5/2,24V DC Single Sol.sp.return valve",,,,,,,,,
DP155SR61-WT0R0,0,"1/4 -5/2,24V DC Single Sol.sp.return valve with LED socket",,,,,,,,,
DP242N70,0,3/2 NC Finger Lever Valve M5,,,,,,,,,
DP242O70,0,"M5,3/2 NC Stem Actuated Valve-(Metal)",,,,,,,,,
DP242P70,0,"M5,3/2 NC Valve Assy (DP) with Row Clip",,,,,,,,,
DP242P70-FH1A,0,"M5,3/2 NC valve (DP) with Actuator(Flush head-Red)",,,,,,,,,
DP242P70-FH2A,0,"M5,3/2 NC valve (DP) with Actuator(Flush head-Green)",,,,,,,,,
DP242P70-LH3A,0,"M5,3/2 NC valve (DP) with Actuator(Lever head-Blac",,,,,,,,,
DP242P70-ML1A,0,"M5,3/2 NC valve (DP) with Actuator(Mushroom head w",,,,,,,,,
DP242P70-MP1A,0,"M5,3/2 NC valve (DP) with Actuator(Mushroom head push function-Red)",,,,,,,,,
DP242P70-MP3A,0,"M5,3/2 NC valve (DP) with Actuator(Mushroom head push function-Black)",,,,,,,,,
DP242P70-MT1A,0,"M5,3/2 NC valve (DP) with Actuator(Mushroom head p",,,,,,,,,
DP242P70-SH3A,0,"M5,3/2 NC valve (DP) with Actuator(Symmetric head-",,,,,,,,,
DP242P70-TH3A,0,"M5,3/2 NC valve (DP) with Actuator(Tip head-Black)",,,,,,,,,
DP242R70,0,3/2 NC Roller Lever Valve M5,,,,,,,,,
DS234EE60,0,1/8 -3/2 NO Double Ext. pilot valve,,,,,,,,,
DS234ER60,0,1/8 -3/2 NO Single Ext. pilot sp. return valve,,,,,,,,,
DS234HD60,0,1/8 -3/2 NO Hand lever detent valve,,,,,,,,,
DS234P60,0,1/8 -3/2 NO Valve assy with Row clip,,,,,,,,,
DS234P60-FH1A,0,1/8 -3/2 NO valve with switch (Flush head-Red),,,,,,,,,
DS234P60-FH2A,0,1/8 -3/2 NO valve with switch (Flush head-Green),,,,,,,,,
DS234P60-LH3A,0,1/8 -3/2 NO valve with switch (Lever head-Black),,,,,,,,,
DS234P60-ML1A,0,1/8 -3/2 NO valve with switch (Mushroom head Lock,,,,,,,,,
DS234P60-MP1A,0,1/8 -3/2 NO valve with switch (Mushroom head push-,,,,,,,,,
DS234P60-MP2A,0,1/8 -3/2 NO valve with switch (Mushroom head push-Green),,,,,,,,,
DS234P60-MT1A,0,1/8 -3/2 NO valve with switch (Mushroom head push,,,,,,,,,
DS234P60-SH3A,0,1/8 -3/2 NO valve with switch (Symmetric head-Blac,,,,,,,,,
DS234P60-SR3A,0,1/8 -3/2 NO valve with switch (Symmetric head(SR)-,,,,,,,,,
DS234P60-TH3A,0,1/8 -3/2 NO valve with switch (Tip head-Black),,,,,,,,,
DS234PD60,0,1/8 -3/2 NO Push Pull detent valve,,,,,,,,,
DS234PR60,0,1/8 -3/2 NO Push Pull sp. return valve,,,,,,,,,
DS234SR60-A,0,"1/8 -3/2 NO,220V AC Single Sol. sp. return valve",,,,,,,,,
DS234SR60-B,0,"1/8 -3/2 NO,110V AC Single Sol. sp. return valve",,,,,,,,,
DS234SR60-D,0,"1/8 -3/2 NO,48V AC Single Sol. sp. return valve",,,,,,,,,
DS234SR60-G,0,"1/8 -3/2 NO,24V AC Single Sol. sp. return valve",,,,,,,,,
DS234SR60-Q,0,"1/8 -3/2 NO,110V DC Single Sol. sp. return valve",,,,,,,,,
DS234SR60-R,0,"1/8 -3/2 NO,12V DC Single Sol. sp. return valve",,,,,,,,,
DS234SR60-S,0,"1/8 -3/2 NO,48V DC Single Sol. sp. return valve",,,,,,,,,
DS234SR60-W,0,"1/8 -3/2 NO,24V DC Single Sol. sp. return valve",,,,,,,,,
DS234SR60-WT1R1,0,"1/8 -3/2 NO,24V DC (S) Sol. sp. return valve with LED socket",,,,,,,,,
DS234SS60-A,0,"1/8 -3/2 NO,220V AC Double Sol. valve",,,,,,,,,
DS234SS60-B,0,"1/8 -3/2 NO,110V AC Double Sol. valve",,,,,,,,,
DS234SS60-D,0,"1/8 -3/2 NO,48V AC Double Sol. valve",,,,,,,,,
DS234SS60-G,0,"1/8 -3/2 NO,24V AC Double Sol. valve",,,,,,,,,
DS234SS60-Q,0,"1/8 -3/2 NO,110V DC Double Sol. valve",,,,,,,,,
DS234SS60-R,0,"1/8 -3/2 NO,12V DC Double Sol. valve",,,,,,,,,
DS234SS60-S,0,"1/8 -3/2 NO,48V DC Double Sol. valve",,,,,,,,,
DS234SS60-W,0,"1/8 -3/2 NO,24V DC Double Sol. valve",,,,,,,,,
DS235EE61,0,1/4 -3/2 NO Double Ext. pilot valve,,,,,,,,,
DS235ER61,0,1/4 -3/2 NO Single Ext. pilot sp. return valve,,,,,,,,,
DS235HD61,0,1/4 -3/2 NO Hand lever detent valve,,,,,,,,,
DS235HR61,0,1/4 -3/2 NO Hand lever sp. return valve,,,,,,,,,
DS235PD61,0,1/4 -3/2 NO Push Pull detent valve,,,,,,,,,
DS235PR61,0,1/4 -3/2 NO Push Pull sp. return valve,,,,,,,,,
DS235SR61-A,0,"1/4 -3/2 NO,220V AC Single Sol. sp. return valve",,,,,,,,,
DS235SR61-AT0R0,0,"1/4 -3/2 NO,220V AC (S) Sol. sp. return valve with LED socket",,,,,,,,,
DS235SR61-B,0,"1/4 -3/2 NO,110V AC Single Sol. sp. return valve",,,,,,,,,
DS235SR61-D,0,"1/4 -3/2 NO,48V AC Single Sol. sp. return valve",,,,,,,,,
DS235SR61-G,0,"1/4 -3/2 NO,24V AC Single Sol. sp. return valve",,,,,,,,,
DS235SR61-GT0R0,0,"1/4 -3/2 NO,24V AC (S) Sol. sp. return valve with LED socket",,,,,,,,,
DS235SR61-GT0R1,0,"1/4 -3/2 NO,24V AC (S) Sol. sp. return valve with LED socket",,,,,,,,,
DS235SR61-Q,0,"1/4 -3/2 NO,110V DC Single Sol. sp. return valve",,,,,,,,,
DS235SR61-R,0,"1/4 -3/2 NO,12V DC Single Sol. sp. return valve",,,,,,,,,
DS235SR61-S,0,"1/4 -3/2 NO,48V DC Single Sol. sp. return valve",,,,,,,,,
DS235SR61-W,0,"1/4 -3/2 NO,24V DC Single Sol. sp. return valve",,,,,,,,,
DS235SR61-WT0R0,0,"1/4 -3/2 NO,24V DC (S) Sol. sp. return valve with LED socket",,,,,,,,,
DS235SR61-WT0R1,0,"1/4 -3/2 NO,24V DC (S) Sol. sp. return valve with LED socket",,,,,,,,,
DS235SR61-WT1R0,0,"1/4 -3/2 NO,24V DC (S) Sol. sp. return valve with LED socket",,,,,,,,,
DS235SR91-A,0,"1/4 -3/2 NO,220V AC (S) Sol. sp. return valve (NPT)",,,,,,,,,
DS235SR91-B,0,"1/4 -3/2 NO,110V AC (S) Sol. sp. return valve (NPT)",,,,,,,,,
DS235SS61-A,0,"1/4 -3/2 NO,220V AC Double Sol. valve",,,,,,,,,
DS235SS61-B,0,"1/4 -3/2 NO,110V AC Double Sol. valve",,,,,,,,,
DS235SS61-D,0,"1/4 -3/2 NO,48V AC Double Sol. valve",,,,,,,,,
DS235SS61-G,0,"1/4 -3/2 NO,24V AC Double Sol. valve",,,,,,,,,
DS235SS61-Q,0,"1/4 -3/2 NO,110V DC Double Sol. valve",,,,,,,,,
DS235SS61-R,0,"1/4 -3/2 NO,12V DC Double Sol. valve",,,,,,,,,
DS235SS61-S,0,"1/4 -3/2 NO,48V DC Double Sol. valve",,,,,,,,,
DS235SS61-W,0,"1/4 -3/2 NO,24V DC Double Sol. valve",,,,,,,,,
DS235SS61-WT0R1,0,"1/4 -3/2 NO,24V DC Double sol. valve with LED socket",,,,,,,,,
DS235TR61-W,0,"1/4 -3/2 NO,24V DC Single external sol. pilot sp.return valve",,,,,,,,,
DS235TR61-WT0R0,0,"1/4 -3/2 NO,24V DC Single external sol. pilot sp.return valve with LED socket",,,,,,,,,
DS237EE63,0,1/2 -3/2 NO Double Ext. pilot valve,,,,,,,,,
DS237ER63,0,1/2 -3/2 NO Single Ext. pilot sp. return valve,,,,,,,,,
DS237HD63,0,1/2 -3/2 NO Hand lever detent valve,,,,,,,,,
DS237HR63,0,1/2 -3/2 NO Hand lever sp. return valve,,,,,,,,,
DS237PD63,0,1/2 -3/2 NO Push Pull detent valve,,,,,,,,,
DS237PR63,0,1/2 -3/2 NO Push Pull sp. return valve,,,,,,,,,
DS237SR63-A,0,"1/2 -3/2 NO,220V AC Single Sol. sp. return valve",,,,,,,,,
DS237SR63-AT0R0,0,"1/2 -3/2 NO,220V AC (S) Sol. sp. return valve with LED socket",,,,,,,,,
DS237SR63-B,0,"1/2 -3/2 NO,110V AC Single Sol. sp. return valve",,,,,,,,,
DS237SR63-D,0,"1/2 -3/2 NO,48V AC Single Sol. sp. return valve",,,,,,,,,
DS237SR63-G,0,"1/2 -3/2 NO,24V AC Single Sol. sp. return valve",,,,,,,,,
DS237SR63-Q,0,"1/2 -3/2 NO,110V DC Single Sol. sp. return valve",,,,,,,,,
DS237SR63-R,0,"1/2 -3/2 NO,12V DC Single Sol. sp. return valve",,,,,,,,,
DS237SR63-S,0,"1/2 -3/2 NO,48V DC Single Sol. sp. return valve",,,,,,,,,
DS237SR63-W,0,"1/2 -3/2 NO,24V DC Single Sol. sp. return valve",,,,,,,,,
DS237SR63-WT0R0,0,"1/2 -3/2 NO,24V DC (S) Sol. sp. return valve with LED socket",,,,,,,,,
DS237SS63-A,0,"1/2 -3/2 NO,220V AC Double Sol. valve",,,,,,,,,
DS237SS63-B,0,"1/2 -3/2 NO,110V AC Double Sol. valve",,,,,,,,,
DS237SS63-D,0,"1/2 -3/2 NO,48V AC Double Sol. valve",,,,,,,,,
DS237SS63-G,0,"1/2 -3/2 NO,24V AC Double Sol. valve",,,,,,,,,
DS237SS63-Q,0,"1/2 -3/2 NO,110V DC Double Sol. valve",,,,,,,,,
DS237SS63-R,0,"1/2 -3/2 NO,12V DC Double Sol. valve",,,,,,,,,
DS237SS63-S,0,"1/2 -3/2 NO,48V DC Double Sol. valve",,,,,,,,,
DS237SS63-W,0,"1/2 -3/2 NO,24V DC Double Sol. valve",,,,,,,,,
DS244EE60,0,1/8 -3/2 NC Double Ext. pilot valve,,,,,,,,,
DS244ER60,0,1/8 -3/2 NC Single Ext. pilot sp. return valve,,,,,,,,,
DS244HD60,0,1/8 -3/2 NC Hand lever detent valve,,,,,,,,,
DS244HR60,0,1/8 -3/2 NC Hand lever sp. return valve,,,,,,,,,
DS244P60,0,1/8 -3/2 NC Valve assy with Row clip,,,,,,,,,
DS244P60-FH1A,0,1/8 -3/2 NC valve with switch (Flush head-Red),,,,,,,,,
DS244P60-FH2A,0,1/8 -3/2 NC valve with switch (Flush head-Green),,,,,,,,,
DS244P60-LH3A,0,1/8 -3/2 NC valve with switch (Lever head-Black),,,,,,,,,
DS244P60-ML1A,0,1/8 -3/2 NC valve with switch (Mushroom head Lock,,,,,,,,,
DS244P60-MP1A,0,1/8 -3/2 NC valve with switch (Mushroom head push-Red),,,,,,,,,
DS244P60-MP2A,0,1/8 -3/2 NC valve with switch (Mushroom head push-Green),,,,,,,,,
DS244P60-MP3A,0,1/8 -3/2 NC valve with switch (Mushroom head push-Black),,,,,,,,,
DS244P60-MT1A,0,1/8  -3/2 NC valve with switch (Mushroom head push,,,,,,,,,
DS244P60-SH3A,0,1/8 -3/2 NC valve with switch (Symmetric head-Black),,,,,,,,,
DS244P60-SR3A,0,1/8 -3/2 NC valve with switch (Symmetric head(SR)-,,,,,,,,,
DS244P60-TH3A,0,1/8 -3/2 NC valve with switch (Tip head-Black),,,,,,,,,
DS244PD60,0,1/8 -3/2 NC Push Pull detent valve,,,,,,,,,
DS244PR60,0,1/8 -3/2 NC Push Pull sp. return valve,,,,,,,,,
DS244SR60,0,Valve assy,,,,,,,,,
DS244SR60-A,0,"1/8 -3/2 NC,220V AC Single Sol. sp. return valve",,,,,,,,,
DS244SR60-AT1R0,0,"1/8 -3/2 NC,220V AC (S) Sol. sp. return valve with LED socket",,,,,,,,,
DS244SR60-B,0,"1/8 -3/2 NC,110V AC Single Sol. sp. return valve",,,,,,,,,
DS244SR60-D,0,"1/8 -3/2 NC,48V AC Single Sol. sp. return valve",,,,,,,,,
DS244SR60-GT0R0,0,"1/8 -3/2 NC,24V AC (S) Sol. sp. return valve with LED socket",,,,,,,,,
DS244SR60-GT1R0,0,"1/8 -3/2 NC,24V AC (S) Sol. sp. return valve with LED socket",,,,,,,,,
DS244SR60-Q,0,"1/8 -3/2 NC,110V DC Single Sol. sp. return valve",,,,,,,,,
DS244SR60-R,0,"1/8 -3/2 NC,12V DC Single Sol. sp. return valve",,,,,,,,,
DS244SR60-S,0,"1/8 -3/2 NC,48V DC Single Sol. sp. return valve",,,,,,,,,
DS244SR60-WT1R0,0,"1/8 -3/2 NC,24V DC (S) Sol. sp. return valve with LED socket",,,,,,,,,
DS244SR60-WT1R1,0,"1/8 -3/2 NC,24V DC (S) Sol. sp. return valve with LED socket",,,,,,,,,
DS244SR660-W2,0,"1/8-3/2 NC,24V DC Single sol. sp. return valve(10mm coil) with Connector",,,,,,,,,
DS244SS60-A,0,"1/8 -3/2 NC,220V AC Double sol. valve",,,,,,,,,
DS244SS60-B,0,"1/8 -3/2 NC,110V AC Double sol. valve",,,,,,,,,
DS244SS60-D,0,"1/8 -3/2 NC,48V AC Double sol. valve",,,,,,,,,
DS244SS60-G,0,"1/8 -3/2 NC,24V AC Double sol. valve",,,,,,,,,
DS244SS60-Q,0,"1/8 -3/2 NC,110V DC Double sol. valve",,,,,,,,,
DS244SS60-R,0,"1/8 -3/2 NC,12V DC Double sol. valve",,,,,,,,,
DS244SS60-S,0,"1/8 -3/2 NC,48V DC Double sol. valve",,,,,,,,,
DS244SS60-W,0,"1/8 -3/2 NC,24V DC Double sol. valve",,,,,,,,,
DS245EE61,0,1/4 -3/2 NC Double Ext. pilot valve,,,,,,,,,
DS245ER61,0,1/4 -3/2 NC Single Ext. pilot sp. return valve,,,,,,,,,
DS245HR61,0,1/4 -3/2 NC Hand lever sp. return valve,,,,,,,,,
DS245PD61,0,1/4 -3/2 NC Push Pull detent valve,,,,,,,,,
DS245PR61,0,1/4 -3/2 NC Push Pull sp. return valve,,,,,,,,,
DS245SR61,0,Valve assy,,,,,,,,,
DS245SR61-A,0,"1/4 -3/2 NC,220V AC Single Sol. sp. return valve",,,,,,,,,
DS245SR61-AT1R0,0,"1/4 -3/2 NC,220V AC (S) Sol. sp. return valve with LED socket",,,,,,,,,
DS245SR61-AT1R1,0,"1/4 -3/2 NC,220V AC (S) Sol. sp. return valve with LED socket",,,,,,,,,
DS245SR61-B,0,"1/4 -3/2 NC,110V AC Single Sol. sp. return valve",,,,,,,,,
DS245SR61-D,0,"1/4 -3/2 NC,48V AC Single Sol. sp. return valve",,,,,,,,,
DS245SR61-G,0,"1/4 -3/2 NC,24V AC Single Sol. sp. return valve",,,,,,,,,
DS245SR61-GT1R0,0,"1/4 -3/2 NC,24V AC (S) Sol. sp. return valve with LED socket",,,,,,,,,
DS245SR61-Q,0,"1/4 -3/2 NC,110V DC Single Sol. sp. return valve",,,,,,,,,
DS245SR61-R,0,"1/4 -3/2 NC,12V DC Single Sol. sp. return valve",,,,,,,,,
DS245SR61-S,0,"1/4 -3/2 NC,48V DC Single Sol. sp. return valve",,,,,,,,,
DS245SR61-W1,0,"1/4 -3/2 NC,24V DC Single sol. sp. return valve with Moulded cable",,,,,,,,,
DS245SR61-WT0R0,0,"1/4 -3/2 NC,24V DC (S) Sol. sp. return valve with LED socket",,,,,,,,,
DS245SR61-WT0R1,0,"1/4 3/2 NC,24V DC (S) Sol. sp. return valve with LED socket",,,,,,,,,
DS245SR61-WT1R0,0,"1/4 -3/2 NC,24V DC (S) Sol. sp. return valve with LED socket",,,,,,,,,
DS245SR91-A,0,"1/4 -3/2 NC,220V AC (S) Sol. sp. return valve (NPT)",,,,,,,,,
DS245SS61-A,0,"1/4 -3/2 NC,220V AC Double Sol. valve",,,,,,,,,
DS245SS61-B,0,"1/4 -3/2 NC,110V AC Double Sol. valve",,,,,,,,,
DS245SS61-D,0,"1/4 -3/2 NC,48V AC Double Sol. valve",,,,,,,,,
DS245SS61-G,0,"1/4 -3/2 NC,24V AC Double Sol. valve",,,,,,,,,
DS245SS61-Q,0,"1/4 -3/2 NC,110V DC Double Sol. valve",,,,,,,,,
DS245SS61-R,0,"1/4 -3/2 NC,12V DC Double Sol. valve",,,,,,,,,
DS245SS61-S,0,"1/4 -3/2 NC,48V DC Double Sol. valve",,,,,,,,,
DS245SS61-W,0,"1/4 -3/2 NC,24V DC Double Sol. valve",,,,,,,,,
DS245SS61-WT1R0,0,"1/4 -3/2 NC,24V DC Double sol. valve with LED socket",,,,,,,,,
DS245TR61-A,0,"1/4 -3/2 NC,220V AC Single external sol. pilot sp.return valve",,,,,,,,,
DS245TR61-AT1R0,0,"1/4 -3/2 NC,220V AC Single external sol. pilot sp.return valve with LED connector",,,,,,,,,
DS245TR61-W,0,"1/4 -3/2 NC,24V DC Single external sol. pilot sp.return valve",,,,,,,,,
DS245TR61-WT0R0,0,"1/4 -3/2 NC,24V DC Single external sol. pilot sp.return valve with LED socket",,,,,,,,,
DS245TT61-A,0,"1/4 -3/2 NC,220V AC Double external sol. pilot valve",,,,,,,,,
DS247EE63,0,1/2 -3/2 NC Double Ext. pilot valve,,,,,,,,,
DS247ER63,0,1/2 -3/2 NC Single Ext. pilot sp. return valve,,,,,,,,,
DS247HD63,0,1/2 -3/2 NC Hand lever detent valve,,,,,,,,,
DS247HR63,0,1/2 -3/2 NC Hand lever sp. return valve,,,,,,,,,
DS247PD63,0,1/2 -3/2 NC Push Pull detent valve,,,,,,,,,
DS247PR63,0,1/2 -3/2 NC Push Pull sp. return valve,,,,,,,,,
DS247SR63-A,0,"1/2 -3/2 NC,220V AC Single Sol. sp. return valve",,,,,,,,,
DS247SR63-AT1R0,0,"1/2 -3/2 NC,220V AC (S) Sol. sp. return valve with LED socket",,,,,,,,,
DS247SR63-B,0,"1/2 -3/2 NC,110V AC Single Sol. sp. return valve",,,,,,,,,
DS247SR63-BT0R0,0,"1/2 -3/2 NC,110V AC Single Sol. sp. return valve",,,,,,,,,
DS247SR63-D,0,"1/2 -3/2 NC,48V AC Single Sol. sp. return valve",,,,,,,,,
DS247SR63-G,0,"1/2 -3/2 NC,24V AC Single Sol. sp. return valve",,,,,,,,,
DS247SR63-Q,0,"1/2 -3/2 NC,110V DC Single Sol. sp. return valve",,,,,,,,,
DS247SR63-R,0,"1/2 -3/2 NC,12V DC Single Sol. sp. return valve",,,,,,,,,
DS247SR63-S,0,"1/2 -3/2 NC,48V DC Single Sol. sp. return valve",,,,,,,,,
DS247SR63-W,0,"1/2 -3/2 NC,24V DC Single Sol. sp. return valve",,,,,,,,,1.25
DS247SR63-W1,0,"1/2 -3/2 NC,24V DC Single sol. sp. return valve with Moulded cable",,,,,,,,,
DS247SR63-WT1R0,0,"1/2 -3/2 NC,24V DC (S) Sol. sp. return valve with LED socket",,,,,,,,,
DS247SS63-A,0,"1/2 -3/2 NC,220V AC Double Sol. valve",,,,,,,,,
DS247SS63-B,0,"1/2 -3/2 NC,110V AC Double Sol. valve",,,,,,,,,
DS247SS63-D,0,"1/2 -3/2 NC,48V AC Double Sol. valve",,,,,,,,,
DS247SS63-G,0,"1/2 -3/2 NC,24V AC Double Sol. valve",,,,,,,,,
DS247SS63-Q,0,"1/2 -3/2 NC,110V DC Double Sol. valve",,,,,,,,,
DS247SS63-R,0,"1/2 -3/2 NC,12V DC Double Sol. valve",,,,,,,,,
DS247SS63-W,0,"1/2 -3/2 NC,24V DC Double Sol. valve",,,,,,,,,
DS254EE60,0,1/8 -5/2 Double Ext. pilot valve,,,,,,,,,
DS254ER60,0,1/8 -5/2 Single Ext. pilot sp. return valve,,,,,,,,,
DS254HR60,0,1/8 -5/2 Hand lever sp. return valve,,,,,,,,,
DS254P60,0,1/8 -5/2 Valve assy with Row clip,,,,,,,,,
DS254P60-FH1A,0,1/8 -5/2 valve with switch (Flush head-Red),,,,,,,,,
DS254P60-FH2A,0,1/8 -5/2 valve with switch (Flush head-Green),,,,,,,,,
DS254P60-LH3A,0,1/8 -5/2 valve with switch (Lever head-Black),,,,,,,,,
DS254P60-ML1A,0,1/8 -5/2 valve with switch (Mushroom head Lock & K,,,,,,,,,
DS254P60-MP1A,0,1/8 -5/2 valve with switch (Mushroom head push-Red,,,,,,,,,
DS254P60-MP2A,0,1/8 -5/2 valve with switch (Mushroom head push-Green),,,,,,,,,
DS254P60-MT1A,0,1/8 -5/2 valve with switch (Mushroom head push tur,,,,,,,,,
DS254P60-SH3A,0,1/8 -5/2 Valve with switch (Symmetric head-Black),,,,,,,,,
DS254P60-SR3A,0,1/8 -5/2 Valve with switch (Symmetric head(SR)-Black,,,,,,,,,
DS254P60-TH3A,0,1/8 -5/2 valve with switch (Tip head-Black),,,,,,,,,
DS254PD60,0,1/8 -5/2 Push Pull detent valve,,,,,,,,,
DS254PR60,0,1/8 -5/2 Push Pull sp. return valve,,,,,,,,,
DS254SR60,0,Valve assy,,,,,,,,,
DS254SR60-A,0,"1/8 -5/2,220V AC Single Sol. sp. return valve",,,,,,,,,
DS254SR60-AT0R0,0,"1/8 -5/2,220V AC (S) Sol. sp. return valve with LED socket",,,,,,,,,
DS254SR60-AT1R0,0,"1/8 -5/2,220V AC (S) Sol. sp. return valve with LED socket",,,,,,,,,
DS254SR60-AT1R1,0,"1/8 -5/2,220V AC (S) Sol. sp. return valve with LED socket",,,,,,,,,
DS254SR60-B,0,"1/8 -5/2,110V AC Single Sol. sp. return valve",,,,,,,,,
DS254SR60-D,0,"1/8 -5/2,48V AC Single Sol. sp. return valve",,,,,,,,,
DS254SR60-G,0,"1/8 -5/2,24V AC Single Sol. sp. return valve",,,,,,,,,
DS254SR60-GT0R0,0,"1/8 -5/2,24V AC (S) Sol. sp. return valve with LED socket",,,,,,,,,
DS254SR60-GT1R0,0,"1/8 -5/2,24V AC (S) Sol. sp. return valve with LED socket",,,,,,,,,
DS254SR60-Q,0,"1/8 -5/2,110V DC Single Sol. sp. return valve",,,,,,,,,
DS254SR60-R,0,"1/8 -5/2,12V DC Single Sol. sp. return valve",,,,,,,,,
DS254SR60-S,0,"1/8 -5/2,48V DC Single Sol. sp. return valve",,,,,,,,,
DS254SR60-W,0,"1/8 -5/2,24V DC Single Sol. sp. return valve",,,,,,,,,
DS254SR60-WT0R0,0,"1/8 -5/2,24V DC (S) Sol. sp. return valve with LED socket",,,,,,,,,
DS254SR60-WT0R1,0,"1/8 -5/2,24V DC (S) Sol. sp. return valve with LED socket",,,,,,,,,
DS254SR60-WT1R0,0,"1/8 -5/2,24V DC (S) Sol. sp. return valve with LED socket",,,,,,,,,
DS254SR60-WT1R1,0,"1/8 -5/2,24V DC (S) Sol. sp. return valve with LED socket",,,,,,,,,
DS254SR660-W2,0,"1/8 -5/2,24V DC Single sol.sp.return valve(10mm coil) with connector",,,,,,,,,
DS254SS60-A,0,"1/8 -5/2,220V AC Double Sol. valve",,,,,,,,,
DS254SS60-AT0R1,0,"1/8 -5/2,220V AC Double sol. valve with LED socket",,,,,,,,,
DS254SS60-AT1R0,0,"1/8 -5/2,220V AC Double sol. valve with LED socket",,,,,,,,,
DS254SS60-AT1R1,0,"1/8 -5/2,220V AC Double sol. valve with LED socket",,,,,,,,,
DS254SS60-B,0,"1/8 -5/2,110V AC Double Sol. valve",,,,,,,,,
DS254SS60-D,0,"1/8 -5/2,48V AC Double Sol. valve",,,,,,,,,
DS254SS60-G,0,"1/8 -5/2,24V AC Double Sol. valve",,,,,,,,,
DS254SS60-Q,0,"1/8 -5/2,110V DC Double Sol. valve",,,,,,,,,
DS254SS60-R,0,"1/8 -5/2,12V DC Double Sol. valve",,,,,,,,,
DS254SS60-S,0,"1/8 -5/2,48V DC Double Sol. valve",,,,,,,,,
DS254SS60-WT1R0,0,"1/8 -5/2,24V DC Double sol. sp. return valve with LED socket",,,,,,,,,
DS254SS60-WT1R1,0,"1/8 -5/2,24V DC Double sol. valve with LED socket",,,,,,,,,
DS255EE61,0,1/4 -5/2 Double Ext. pilot valve,,,,,,,,,
DS255ER61,0,1/4 -5/2 Single Ext. pilot sp. return valve,,,,,,,,,
DS255HD61,0,1/4 -5/2 Hand lever detent valve,,,,,,,,,
DS255HR61,0,1/4 -5/2 Hand lever sp. return valve,,,,,,,,,
DS255PD61,0,1/4 -5/2 Push Pull detent valve,,,,,,,,,
DS255PR61,0,1/4 -5/2 Push Pull sp. return valve,,,,,,,,,
DS255SR61,0,Valve assy,,,,,,,,,
DS255SR61-A,0,"1/4 -5/2,220V AC Single Sol. sp. return valve",,,,,,,,,
DS255SR61-AT0R0,0,"1/4-5/2,220V AC (S) Sol. sp. return valve with LED connector",,,,,,,,,
DS255SR61-AT1R0,0,"1/4 -5/2,220V AC (S) Sol. sp. return valve with LED socket",,,,,,,,,
DS255SR61-B,0,"1/4 -5/2,110V AC Single Sol. sp. return valve",,,,,,,,,
DS255SR61-BT1R0,0,"1/4 -5/2,110V AC (S) Sol. sp. return valve with LED connector",,,,,,,,,
DS255SR61-D,0,"1/4 -5/2,48V AC Single Sol. sp. return valve",,,,,,,,,
DS255SR61-G,0,"1/4 -5/2,24V AC Single Sol. sp. return valve",,,,,,,,,
DS255SR61-GT0R0,0,"1/4 -5/2,24V AC (S) Sol. sp. return valve with LED socket",,,,,,,,,
DS255SR61-GT0R1,0,"1/4 -5/2,24V AC (S) Sol. sp. return valve with LED socket",,,,,,,,,
DS255SR61-GT1R0,0,"1/4 -5/2,24V AC (S) Sol. sp. return valve with LED socket",,,,,,,,,
DS255SR61-Q,0,"1/4 -5/2,110V DC Single Sol. sp. return valve",,,,,,,,,
DS255SR61-R,0,"1/4 -5/2,12V DC Single Sol. sp. return valve",,,,,,,,,
DS255SR61-S,0,"1/4 -5/2,48V DC Single Sol. sp. return valve",,,,,,,,,
DS255SR61-W,0,"1/4 -5/2,24V DC Single Sol. sp.return valve",,,,,,,,,
DS255SR61-WT0R0,0,"1/4 -5/2,24V DC (S) Sol. sp. return valve with LED connector",,,,,,,,,
DS255SR61-WT1R0,0,"1/4 -5/2,24V DC (S) Sol. sp. return valve with LED socket",,,,,,,,,
DS255SR61-WT1R1,0,"1/4 -5/2,24V DC (S) Sol. sp. return valve with LED socket",,,,,,,,,
DS255SR91-B,0,"1/4 NPT-5/2,110V AC (S) Sol. sp. return valve",,,,,,,,,
DS255SR91-W,0,"1/4 NPT-5/2,24V DC (S) Sol. sp. return valve",,,,,,,,,
DS255SS61,0,Valve assy,,,,,,,,,
DS255SS61-A,0,"1/4 -5/2,220V AC Double Sol. valve",,,,,,,,,
DS255SS61-AT0R0,0,"1/4 -5/2,220V AC Double sol. valve with LED socket",,,,,,,,,
DS255SS61-AT1R0,0,"1/4 -5/2,220V AC Double sol. valve with LED socket",,,,,,,,,
DS255SS61-AT1R1,0,"1/4 -5/2,220V AC Double sol. valve with LED socket",,,,,,,,,
DS255SS61-B,0,"1/4 -5/2,110V AC Double Sol. valve",,,,,,,,,
DS255SS61-BT0R0,0,"1/4 -5/2,110V AC Double Sol. valve with LED connector",,,,,,,,,
DS255SS61-BT1R0,0,"1/4 -5/2,110V AC Double Sol. valve with LED connector",,,,,,,,,
DS255SS61-D,0,"1/4 -5/2,48V AC Double Sol. valve",,,,,,,,,
DS255SS61-G,0,"1/4 -5/2,24V AC Double Sol. valve",,,,,,,,,
DS255SS61-GT1R0,0,"1/4 -5/2,24V AC Double sol. valve with LED socket",,,,,,,,,
DS255SS61-Q,0,"1/4 -5/2,110V DC Double Sol. valve",,,,,,,,,
DS255SS61-R,0,"1/4 5/2,12V DC Double Sol. valve",,,,,,,,,
DS255SS61-S,0,"1/4 -5/2,48V DC Double Sol. valve",,,,,,,,,
DS255SS61-WT1R0,0,"1/4 -5/2,24V DC Double sol. valve with LED socket",,,,,,,,,
DS255SS91-W,0,"1/4 NPT-5/2,24V DC Double Sol. valve",,,,,,,,,
DS255TR61-A,0,"1/4 -5/2,220V AC Single external sol. pilot sp.return valve",,,,,,,,,
DS255TR61-B,0,"1/4 -5/2,110V AC Single external sol. pilot sp.return valve",,,,,,,,,
DS255TR61-D,0,"1/4 -5/2,48V AC Single external sol. pilot sp.return valve",,,,,,,,,
DS255TR61-G,0,"1/4 -5/2,24V AC Single external sol. pilot sp.return valve",,,,,,,,,
DS255TR61-R,0,"1/4 -5/2,12V DC Single external sol. pilot sp.return valve",,,,,,,,,
DS255TR61-S,0,"1/4 -5/2,48V DC Single external sol. pilot sp.return valve",,,,,,,,,
DS255TR61-W,0,"1/4 -5/2,24V DC Single external sol. pilot sp.return valve",,,,,,,,,
DS255TR61-WT0R0,0,"1/4 -5/2,24V DC Single external sol. pilot sp.return valve with LED connector",,,,,,,,,
DS255TT61-A,0,"1/4 -5/2,220V AC Double external sol. pilot valve",,,,,,,,,
DS255TT61-B,0,"1/4 -5/2,110V AC Double external sol. pilot valve",,,,,,,,,
DS255TT61-W,0,"1/4 -5/2,24V DC Double external sol. pilot valve",,,,,,,,,
DS257EE63,0,1/2 -5/2 Double Ext. pilot valve,,,,,,,,,
DS257ER63,0,1/2 -5/2 Single Ext. pilot sp. return valve,,,,,,,,,
DS257HD63,0,1/2 -5/2 Hand lever detent valve,,,,,,,,,
DS257HR63,0,1/2 -5/2 Hand lever sp. return valve,,,,,,,,,
DS257PD63,0,1/2 -5/2 Push Pull detent valve,,,,,,,,,
DS257PR63,0,1/2 -5/2 Push Pull sp. return valve,,,,,,,,,
DS257SR63-A,0,"1/2 -5/2,220V AC Single Sol. sp. return valve",,,,,,,,,
DS257SR63-AT0R0,0,"1/2 -5/2,220V AC (S) Sol. sp. return valve with LED socket",,,,,,,,,
DS257SR63-AT1R0,0,"1/2 -5/2,220V AC (S) sol. sp. return valve with LED socket",,,,,,,,,
DS257SR63-B,0,"1/2 -5/2,110V AC Single Sol. sp. return valve",,,,,,,,,
DS257SR63-BT1R0,0,"1/2 -5/2,110V AC (S) sol.sp.return valve with LED connector",,,,,,,,,
DS257SR63-D,0,"1/2 -5/2,48V AC Single Sol. sp. return valve",,,,,,,,,
DS257SR63-G,0,"1/2 -5/2,24V AC Single Sol. sp. return valve",,,,,,,,,
DS257SR63-GT0R0,0,"1/2 -5/2,24V AC (S) sol. sp. return valve with LED socket",,,,,,,,,
DS257SR63-Q,0,"1/2 -5/2,110V DC Single Sol. sp. return valve",,,,,,,,,
DS257SR63-R,0,"1/2 -5/2,12V DC Single Sol. sp. return valve",,,,,,,,,
DS257SR63-W,0,"1/2 - 5/2 24V, DC Single Sol. sp. return valve",,,,,,,,,
DS257SR63-WT0R0,0,"1/2 -5/2,24V DC (S) sol. sp. return valve with LED socket",,,,,,,,,
DS257SR63-WT1R0,0,"1/2 -5/2,24V DC (S) sol. sp. return valve with LED socket",,,,,,,,,
DS257SR63-WT1R1,0,"1/2 -5/2,24V DC (S) sol. sp. return valve with LED socket",,,,,,,,,
DS257SS63-A,0,"1/2 -5/2,220V AC Double Sol. valve",,,,,,,,,
DS257SS63-AT1R0,0,"1/2 -5/2,220V AC Double sol. valve with LED socket",,,,,,,,,
DS257SS63-B,0,"1/2 -5/2,110V AC Double Sol. valve",,,,,,,,,
DS257SS63-BT1R0,0,"1/2 -5/2,110V AC Double Sol. valve with LED connector",,,,,,,,,
DS257SS63-D,0,"1/2 -5/2,48V AC Double Sol. valve",,,,,,,,,
DS257SS63-G,0,"1/2 -5/2,24V AC Double Sol. valve",,,,,,,,,
DS257SS63-Q,0,"1/2 -5/2,110V DC Double Sol. valve",,,,,,,,,
DS257SS63-R,0,"1/2 -5/2,12V DC Double Sol. valve",,,,,,,,,
DS257SS63-S,0,"1/2 -5/2,48V DC Double Sol. valve",,,,,,,,,
DS257SS63-W,0,"1/2 -5/2,24V DC Double Sol. valve",,,,,,,,,1.25
DS257SS63-WT0R0,0,"1/2 -5/2,24V DC Double sol. valve with LED socket",,,,,,,,,
DS257SS63-WT1R0,0,"1/2 -5/2,24V DC Double sol. valve with LED socket",,,,,,,,,
DS257SS63-WT1R1,0,"1/2 -5/2,24V DC Double sol. valve with LED socket",,,,,,,,,
DS264EC60,0,1/8 -5/3 Ext. pilot sp. cen valve (Blocked),,,,,,,,,
DS264SC60-A,0,"1/8 -5/3,220V AC Sol. sp. cen valve (Blocked)",,,,,,,,,
DS264SC60-B,0,"1/8 -5/3,110V AC Sol. sp. cen valve (Blocked)",,,,,,,,,
DS264SC60-D,0,"1/8 -5/3,48V AC Sol. sp. cen valve (Blocked)",,,,,,,,,
DS264SC60-G,0,"1/8 -5/3,24V AC Sol. sp. cen valve (Blocked)",,,,,,,,,
DS264SC60-Q,0,"1/8 -5/3,110V DC Sol. sp. cen valve (Blocked)",,,,,,,,,
DS264SC60-R,0,"1/8 -5/3,12V DC Sol. sp. cen valve (Blocked)",,,,,,,,,
DS264SC60-S,0,"1/8 -5/3,48V DC Sol. sp. cen valve (Blocked)",,,,,,,,,
DS264SC60-W,0,"1/8 -5/3,24V DC Sol. sp. cen valve (Blocked)",,,,,,,,,
DS264SC60-WT0R0,0,"1/8 -5/3,24V DC Sol. sp.cen. valve (Blocked) with LED socket",,,,,,,,,
DS264SC60-WT0R1,0,"1/8 -5/3,24V DC Sol. sp.cen. valve (Blocked) with LED socket",,,,,,,,,
DS264SC60-WT1R0,0,"1/8 -5/3,24V DC Sol. sp.cen. valve (Blocked) with LED socket",,,,,,,,,
DS264SC60-WT1R1,0,"1/8 -5/3,24V DC Sol. sp.cen. valve (Blocked) with LED socket",,,,,,,,,
DS265EC61,0,1/4 -5/3 Ext. pilot sp. cen valve (Blocked),,,,,,,,,
DS265HC61,0,1/4 -5/3  Hand lever sp. cen valve (Blocked),,,,,,,,,
DS265HD61,0,1/4 -5/3 Hand lever detent valve (Blocked),,,,,,,,,
DS265SC61-A,0,"1/4 -5/3,220V AC Sol. sp. cen valve (Blocked)",,,,,,,,,
DS265SC61-AT1R0,0,"1/4 -5/3,220V AC Sol. sp.cen. valve (Blocked) with LED socket",,,,,,,,,
DS265SC61-B,0,"1/4 -5/3,110V AC Sol. sp. cen valve (Blocked)",,,,,,,,,
DS265SC61-D,0,"1/4 -5/3,48V AC Sol. sp. cen valve (Blocked)",,,,,,,,,
DS265SC61-G,0,"1/4 -5/3,24V AC Sol. sp. cen valve (Blocked)",,,,,,,,,
DS265SC61-Q,0,"1/4 -5/3,110V DC Sol. sp.cen valve (Blocked)",,,,,,,,,
DS265SC61-R,0,"1/4 -5/3,12V DC Sol. sp. cen valve (Blocked)",,,,,,,,,
DS265SC61-S,0,"1/4 -5/3,48V DC Sol. sp. cen valve (Blocked)",,,,,,,,,
DS265SC61-W,0,"1/4 -5/3,24V DC Sol. sp. cen valve (Blocked)",,,,,,,,,
DS265SC61-WT0R0,0,"1/4 -5/3,24V DC Sol. sp.cen. valve (Blocked) with LED socket",,,,,,,,,
DS265SC61-WT1R0,0,"1/4 -5/3,24V DC Sol. sp.cen. valve (Blocked) with LED socket",,,,,,,,,
DS265SC61-WT1R1,0,"1/4 -5/3,24V DC Sol. sp.cen. valve (Blocked) with LED socket",,,,,,,,,
DS267EC63,0,1/2 -5/3 Ext. pilot sp. cen valve (Blocked),,,,,,,,,
DS267HC63,0,1/2 -5/3 Hand lever sp. cen. valve (Blocked),,,,,,,,,
DS267HC93,0,1/2 NPT -5/3 Hand lever sp. cen. valve (Blocked),,,,,,,,,
DS267HD63,0,1/2 -5/3 Hand lever detent valve (Blocked),,,,,,,,,
DS267SC63-A,0,"1/2 -5/3,220V AC Sol. sp. cen valve (Blocked)",,,,,,,,,
DS267SC63-AT1R0,0,"1/2 -5/3,220V AC Sol. sp.cen. valve (Blocked) with LED socket",,,,,,,,,
DS267SC63-B,0,"1/2 -5/3,110V AC Sol. sp. cen valve (Blocked)",,,,,,,,,
DS267SC63-D,0,"1/2 -5/3,48V AC Sol. sp. cen valve (Blocked)",,,,,,,,,
DS267SC63-G,0,"1/2 -5/3,24V AC Sol. sp. cen valve (Blocked)",,,,,,,,,
DS267SC63-Q,0,"1/2 -5/3,110V DC Sol. sp. cen valve (Blocked)",,,,,,,,,
DS267SC63-R,0,"1/2 -5/3,12V DC Sol. sp. cen valve (Blocked)",,,,,,,,,
DS267SC63-S,0,"1/2 -5/3,48V DC Sol. sp. cen valve (Blocked)",,,,,,,,,
DS267SC63-W,0,"1/2 -5/3,24V DC Sol. sp. cen valve (Blocked)",,,,,,,,,
DS267SC63-WT1R0,0,"1/2 -5/3,24V DC Sol. sp.cen. valve (Blocked) with LED socket",,,,,,,,,
DS267SC63-WT1R1,0,"1/2 -5/3,24V DC Sol. sp.cen. valve (Blocked) with LED connector",,,,,,,,,
DS274EC60,0,1/8 -5/3 Ext. pilot sp. cen valve (Exhausted),,,,,,,,,
DS274SC60-A,0,"1/8 -5/3,220V AC Sol. sp. cen valve (Exhausted)",,,,,,,,,
DS274SC60-B,0,"1/8 -5/3,110V AC Sol. sp. cen valve (Exhausted)",,,,,,,,,
DS274SC60-D,0,"1/8 -5/3,48V AC Sol. sp. cen valve (Exhausted)",,,,,,,,,
DS274SC60-G,0,"1/8 -5/3,24V AC Sol. sp. cen valve (Exhausted)",,,,,,,,,
DS274SC60-Q,0,"1/8 -5/3,110V DC Sol. sp. cen valve (Exhausted)",,,,,,,,,
DS274SC60-R,0,"1/8 -5/3,12V DC Sol. sp. cen valve (Exhausted)",,,,,,,,,
DS274SC60-S,0,"1/8 -5/3,48V DC Sol. sp. cen valve (Exhausted)",,,,,,,,,
DS274SC60-W,0,"1/8 -5/3,24V DC Sol. sp. cen valve (Exhausted)",,,,,,,,,
DS274SC60-WT1R0,0,"1/8 -5/3,24V DC Sol. sp.cen. valve (Exhausted) with LED socket",,,,,,,,,
DS275EC61,0,1/4 -5/3 Ext. pilot sp. cen valve (Exhausted),,,,,,,,,
DS275HC61,0,1/4 -5/3 Hand lever sp. cen valve (Exhausted),,,,,,,,,
DS275HD61,0,1/4 -5/3 Hand lever detent valve (Exhausted),,,,,,,,,
DS275SC61-A,0,"1/4 -5/3,220V AC Sol. sp. cen valve (Exhausted)",,,,,,,,,
DS275SC61-AT1R0,0,"1/4 -5/3,220V AC Sol. sp.cen. valve (Exhausted) with LED socket",,,,,,,,,
DS275SC61-B,0,"1/4 -5/3,110V AC Sol. sp. cen valve (Exhausted)",,,,,,,,,
DS275SC61-D,0,"1/4 -5/3,48V AC Sol. sp. cen valve (Exhausted)",,,,,,,,,
DS275SC61-G,0,"1/4 -5/3,24V AC Sol. sp. cen valve (Exhausted)",,,,,,,,,
DS275SC61-Q,0,"1/4 -5/3,110V DC Sol. sp. cen valve (Exhausted)",,,,,,,,,
DS275SC61-R,0,"1/4 -5/3,12V DC Sol. sp. cen valve (Exhausted)",,,,,,,,,
DS275SC61-S,0,"1/4 -5/3,48V DC Sol. sp. cen valve (Exhausted)",,,,,,,,,
DS275SC61-W,0,"1/4 -5/3,24V DC Sol. sp. cen valve (Exhausted)",,,,,,,,,
DS275SC61-WT0R0,0,"1/4 -5/3,24V DC Sol. sp.cen. valve (Exhausted) with LED socket",,,,,,,,,
DS275SC61-WT1R0,0,"1/4 -5/3,24V DC Sol. sp.cen. valve (Exhausted) with LED socket",,,,,,,,,
DS277EC63,0,1/2 -5/3 Ext. pilot sp. cen valve (Exhausted),,,,,,,,,
DS277HC63,0,1/2 -5/3 Hand lever sp. cen valve (Exhausted),,,,,,,,,
DS277HD63,0,1/2 -5/3 Hand lever detent valve (Exhausted),,,,,,,,,
DS277SC63-A,0,"1/2 -5/3,220V AC Sol. sp. cen valve (Exhausted)",,,,,,,,,
DS277SC63-AT0R0,0,"1/2 -5/3,220V AC Sol. sp.cen. valve (Exhausted) with LED socket",,,,,,,,,
DS277SC63-B,0,"1/2 -5/3,110V AC Sol. sp. cen valve (Exhausted)",,,,,,,,,
DS277SC63-D,0,"1/2 -5/3,48V AC Sol. sp. cen valve (Exhausted)",,,,,,,,,
DS277SC63-G,0,"1/2 -5/3,24V AC Sol. sp. cen. valve (Exhausted)",,,,,,,,,
DS277SC63-Q,0,"1/2 -5/3,110V DC Sol. sp. cen valve (Exhausted)",,,,,,,,,
DS277SC63-R,0,"1/2 -5/3,12V DC Sol. sp. cen valve (Exhausted)",,,,,,,,,
DS277SC63-S,0,"1/2 -5/3,48V DC Sol. sp. cen valve (Exhausted)",,,,,,,,,
DS277SC63-W,0,"1/2 -5/3,24V DC Sol. sp. cen valve (Exhausted)",,,,,,,,,
DS284EC60,0,1/8 -5/3 Ext. pilot sp. cen valve (Energised),,,,,,,,,
DS284SC60-A,0,"1/8 -5/3,220V AC Sol. sp. cen valve (Energised)",,,,,,,,,
DS284SC60-B,0,"1/8 -5/3,110V AC Sol. sp. cen valve (Energised)",,,,,,,,,
DS284SC60-D,0,"1/8 -5/3,48V AC Sol. sp. cen valve (Energised)",,,,,,,,,
DS284SC60-G,0,"1/8 -5/3,24V AC Sol. sp. cen valve (Energised)",,,,,,,,,
DS284SC60-Q,0,"1/8 -5/3,110V DC Sol. sp. cen valve (Energised)",,,,,,,,,
DS284SC60-R,0,"1/8 -5/3,12V DC Sol. sp. cen valve (Energised)",,,,,,,,,
DS284SC60-S,0,"1/8 -5/3,48V DC Sol. sp. cen valve (Energised)",,,,,,,,,
DS284SC60-W,0,"1/8 -5/3,24V DC Sol. sp. cen valve (Energised)",,,,,,,,,
DS285EC61,0,1/4 -5/3 Ext. pilot sp. cen valve (Energised),,,,,,,,,
DS285HC61,0,1/4 -5/3 Hand lever sp. cen valve (Energised),,,,,,,,,
DS285HD61,0,1/4 -5/3 Hand lever detent valve (Energised),,,,,,,,,
DS285SC61-A,0,"1/4 -5/3,220V AC Sol. sp. cen valve (Energised)",,,,,,,,,
DS285SC61-B,0,1/4 -5/3 110V AC Sol. sp. cen valve (Energised),,,,,,,,,
DS285SC61-D,0,"1/4 -5/3,48V AC Sol. sp. cen valve (Energised)",,,,,,,,,
DS285SC61-G,0,"1/4 -5/3,24V AC Sol. sp. cen valve (Energised)",,,,,,,,,
DS285SC61-Q,0,"1/4 -5/3,110V DC Sol. sp. cen valve (Energised)",,,,,,,,,
DS285SC61-R,0,"1/4 -5/3,12V DC Sol. sp. cen valve (Energised)",,,,,,,,,
DS285SC61-S,0,"1/4 -5/3,48V DC Sol. sp. cen valve (Energised)",,,,,,,,,
DS285SC61-W,0,"1/4 -5/3,24V DC Sol. sp. cen valve (Energised)",,,,,,,,,
DS285SC61-WT0R0,0,"1/4 -5/3,24V DC Sol. sp.cen. valve (Energised) with LED socket",,,,,,,,,
DS287EC63,0,1/2 -5/3 Ext. pilot sp. cen valve (Energised),,,,,,,,,
DS287HC63,0,1/2 -5/3 Hand lever sp. cen valve (Energised),,,,,,,,,
DS287HD63,0,1/2 -5/3 Hand lever detent valve (Energised),,,,,,,,,
DS287SC63-A,0,"1/2 -5/3,220V AC Sol. sp. cen valve (Energised)",,,,,,,,,
DS287SC63-B,0,"1/2 -5/3,110V AC Sol. sp. cen valve (Energised)",,,,,,,,,
DS287SC63-D,0,"1/2 -5/3,48V AC Sol. sp. cen valve (Energised)",,,,,,,,,
DS287SC63-G,0,"1/2 -5/3,24V AC Sol. sp. cen valve (Energised)",,,,,,,,,
DS287SC63-Q,0,"1/2 -5/3,110V DC Sol. sp. cen valve (Energised)",,,,,,,,,
DS287SC63-R,0,"1/2 -5/3,12V DC Sol. sp. cen valve (Energised)",,,,,,,,,
DS287SC63-W,0,"1/2 -5/3,24V DC Sol. sp. cen valve (Energised)",,,,,,,,,
DS355SR61-A,0,"1/4-5/2,220V AC Single sol. sp. return valve (Nammur std)",,,,,,,,,
DS355SR61-AT0R1,0,"1/4-5/2,220V AC Single sol. sp. return valve (Nammur std) with LED connector",,,,,,,,,
DS355SR61-B,0,"1/4 -5/2,110V AC Single sol. sp. return valve (Nammur std)",,,,,,,,,
DS355SR61-W,0,"1/4 -5/2,24V DC Single sol. sp. return valve (Nammur std)",,,,,,,,,
DS355SS61-A,0,"1/4 -5/2,220V AC Double sol. valve (Nammur std)",,,,,,,,,
DS355SS61-AT0R1,0,"1/4 -5/2,220V AC Double sol. valve (Nammur std) with LED connector",,,,,,,,,
DS355SS61-B,0,"1/4 -5/2,110V AC Double sol. valve (Nammur std)",,,,,,,,,
DS355SS61-D,0,"1/4 -5/2,48V AC Double sol. valve (Nammur std)",,,,,,,,,
DS355SS61-R,0,"1/4 -5/2,12V DC Double sol. valve (Nammur std)",,,,,,,,,
DS355SS61-W,0,"1/4 -5/2,24V DC Double sol. valve (Nammur std)",,,,,,,,,
DY23423263,4443.75," 
1/2""-2/2 NC Angle seat Valve (0-10 Bar) (SS316)",,,,,,,,3555,1.25
E12611A,0,"SOL.VALVE 1/4 2/2 NC,20bar, 220V AC(DA)",,,,,,,,,
E12611B,0,"SOL.VALVE 1/4 2/2 NC,20bar, 110V AC(DA)",,,,,,,,,
E12611D,0,"SOL.VALVE 1/4 2/2 NC,20bar, 48V AC(DA)",,,,,,,,,
E12611G,0,"SOL.VALVE 1/4 2/2 NC,20bar, 24V AC(DA)",,,,,,,,,
E12611Q,0,"SOL.VALVE 1/4 2/2 NC,20bar, 110V DC(DA)",,,,,,,,,
E12611R,0,"SOL.VALVE 1/4 2/2 NC,20bar, 12V DC(DA)",,,,,,,,,
E12611S,0,"SOL.VALVE 1/4 2/2 NC,20bar, 48V DC(DA)",,,,,,,,,
E12611W,0,"SOL.VALVE 1/4 2/2 NC,20bar, 24V DC(DA)",,,,,,,,,
E12612A,0,"SOL.VALVE 1/4 2/2 NC,10bar, 220V AC(DA)",,,,,,,,,
E12612B,0,"SOL.VALVE 1/4 2/2 NC,10bar, 110V AC(DA)",,,,,,,,,
E12612D,0,"SOL.VALVE 1/4 2/2 NC,10bar, 48V AC(DA)",,,,,,,,,
E12612G,0,"SOL.VALVE 1/4 2/2 NC,10bar, 24V AC(DA)",,,,,,,,,
E12612Q,0,"SOL.VALVE 1/4 2/2 NC,10bar, 110V DC(DA)",,,,,,,,,
E12612R,0,"SOL.VALVE 1/4 2/2 NC,10bar, 12V DC(DA)",,,,,,,,,
E12612S,0,"SOL.VALVE 1/4 2/2 NC,10bar, 48V DC(DA)",,,,,,,,,
E12612W,1065,"SOL.VALVE 1/4 2/2 NC,10bar, 24V DC(DA)",,,,,,,,852,1.25
E12613A,0,"SOL.VALVE 1/4 2/2 NC,7bar, 220V AC(DA)",,,,,,,,,
E12613B,0,"SOL.VALVE 1/4 2/2 NC,7bar, 110V AC(DA)",,,,,,,,,
E12613-BT1R0,0,"Sol.valve 1/4 2/2 NC,7bar, 110V AC(DA) with LED connector",,,,,,,,,
E12613D,0,"SOL.VALVE 1/4 2/2 NC,7bar, 48V AC(DA)",,,,,,,,,
E12613G,0,"SOL.VALVE 1/4 2/2 NC,7bar, 24V AC(DA)",,,,,,,,,
E12613Q,0,"SOL.VALVE 1/4 2/2 NC,7bar, 110V DC(DA)",,,,,,,,,
E12613R,0,"SOL.VALVE 1/4 2/2 NC,7bar, 12V DC(DA)",,,,,,,,,
E12613S,0,"SOL.VALVE 1/4 2/2 NC,7bar, 48V DC(DA)",,,,,,,,,
E12613W,0,"SOL.VALVE 1/4 2/2 NC,7bar, 24V DC(DA)",,,,,,,,,
E12613-WT0R0,0,"Sol.Valve 1/4 2/2 NC,7bar, 24V DC(DA) with LED connector",,,,,,,,,
E12614A,0,"SOL.VALVE 1/4 2/2 NC,10bar, 220V AC(DA)",,,,,,,,,
E12614B,0,"SOL.VALVE 1/4 2/2 NC,10bar, 110V AC(DA)",,,,,,,,,
E12614D,0,"SOL.VALVE 1/4 2/2 NC,10bar, 48V AC(DA)",,,,,,,,,
E12614G,0,"SOL.VALVE 1/4 2/2 NC,10bar, 24V AC(DA)",,,,,,,,,
E13611A,0,"SOL.VALVE 1/4 3/2 NO,20bar, 220V AC(DA)",,,,,,,,,
E13611B,0,"SOL.VALVE 1/4 3/2 NO,20bar, 110V AC(DA)",,,,,,,,,
E13611D,0,"SOL.VALVE 1/4 3/2 NO,20bar, 48V AC(DA)",,,,,,,,,
E13611G,0,"SOL.VALVE 1/4 3/2 NO,20bar, 24V AC(DA)",,,,,,,,,
E13612A,0,"SOL.VALVE 1/4 3/2 NO,10bar, 220V AC(DA)",,,,,,,,,
E13612B,0,"SOL.VALVE 1/4 3/2 NO,10bar, 110V AC(DA)",,,,,,,,,
E13612D,0,"SOL.VALVE 1/4 3/2 NO,10bar, 48V AC(DA)",,,,,,,,,
E13612G,0,"SOL.VALVE 1/4 3/2 NO,10bar, 24V AC(DA)",,,,,,,,,
E13613A,0,"SOL.VALVE 1/4 3/2 NO,7bar, 220V AC(DA)",,,,,,,,,
E13613B,0,"SOL.VALVE 1/4 3/2 NO,7bar, 110V AC(DA)",,,,,,,,,
E13613D,0,"SOL.VALVE 1/4 3/2 NO,7bar, 48V AC(DA)",,,,,,,,,
E13613G,0,"SOL.VALVE 1/4 3/2 NO,7bar, 24V AC(DA)",,,,,,,,,
E14611A,0,"SOL.VALVE 1/4 3/2 NC,20bar, 220V AC(DA)",,,,,,,,,
E14611B,0,"SOL.VALVE 1/4 3/2 NC,20bar, 110V AC(DA)",,,,,,,,,
E14611D,0,"SOL.VALVE 1/4 3/2 NC,20bar, 48V AC(DA)",,,,,,,,,
E14611G,0,"SOL.VALVE 1/4 3/2 NC,20bar, 24V AC(DA)",,,,,,,,,
E14611Q,0,"SOL.VALVE 1/4 3/2 NC,20bar, 110V DC(DA)",,,,,,,,,
E14611R,0,"SOL.VALVE 1/4 3/2 NC,20bar, 12V DC(DA)",,,,,,,,,
E14611S,0,"SOL.VALVE 1/4 3/2 NC,20bar, 48V DC(DA)",,,,,,,,,
E14611W,0,"SOL.VALVE 1/4 3/2 NC,20bar, 24V DC(DA)",,,,,,,,,
E14612A,0,"SOL.VALVE 1/4 3/2 NC,10bar, 220V AC(DA)",,,,,,,,,
E14612-AT0R0,0,"Sol.Valve 1/4 3/2 NC,10bar,220V AC (DA),LED Connector,w/o pr.ckt.(R)",,,,,,,,,
E14612B,0,"SOL.VALVE 1/4 3/2 NC,10bar, 110V AC(DA)",,,,,,,,,
E14612D,0,"SOL.VALVE 1/4 3/2 NC,10bar, 48V AC(DA)",,,,,,,,,
E14612G,0,"SOL.VALVE 1/4 3/2 NC,10bar, 24V AC(DA)",,,,,,,,,
E14612Q,0,"SOL.VALVE 1/4 3/2 NC,10bar, 110V DC(DA)",,,,,,,,,
E14612R,0,"SOL.VALVE 1/4 3/2 NC,10bar, 12V DC(DA)",,,,,,,,,
E14612S,0,"SOL.VALVE 1/4 3/2 NC,10bar, 48V DC(DA)",,,,,,,,,
E14612W,0,"SOL.VALVE 1/4 3/2 NC,10bar, 24V DC(DA)",,,,,,,,,
E14613A,0,"SOL.VALVE 1/4 3/2 NC,7bar, 220V AC(DA)",,,,,,,,,
E14613-AT0R0,0,"Sol.Valve 1/4 3/2 NC,7bar,220V AC (DA) LED Connector w/o pr.ckt (R)",,,,,,,,,
E14613B,0,"SOL.VALVE 1/4 3/2 NC,7bar, 110V AC(DA)",,,,,,,,,
E14613D,0,"SOL.VALVE 1/4 3/2 NC,7bar, 48V AC(DA)",,,,,,,,,
E14613G,0,"SOL.VALVE 1/4 3/2 NC,7bar, 24V AC(DA)",,,,,,,,,
E14613Q,0,"SOL.VALVE 1/4 3/2 NC,7bar, 110V DC(DA)",,,,,,,,,
E14613R,0,"SOL.VALVE 1/4 3/2 NC,7bar, 12V DC(DA)",,,,,,,,,
E14613S,0,"SOL.VALVE 1/4 3/2 NC,7bar, 48V DC(DA)",,,,,,,,,
E14613W,0,"SOL.VALVE 1/4 3/2 NC,7bar, 24 DC(DA)",,,,,,,,,
E22001A,0,"Sol.Valve 2/2 NC,20bar,220V AC(Gang Mounting)",,,,,,,,,
E22001-A(SA),0,"HOUSING ASSY 2/2 NC AC 1.2NW,20bar,GANG MOUNTING",,,,,,,,,
E22001-D(SA),0,"HOUSING ASSY 2/2 NC DC 1.2NW,20bar,GANG MOUNTING",,,,,,,,,
E22002A,0,"Sol.Valve 2/2 NC,10bar,220V AC  (Gang mounting)",,,,,,,,,
E22002W,0,"SOL.VALVE 2/2 NC,10bar,24V DC(GANG MOUNTING)",,,,,,,,,
E24001A,0,"SOL.VALVE 3/2 NC,20bar,220V AC(GANG MOUNTING)",,,,,,,,,
E24001-A(SA),0,"HOUSING ASSY 3/2 NC AC 1.2NW,20bar,GANG MOUNTING",,,,,,,,,
E24001B,0,SOLENOID VALVE ASSY,,,,,,,,,
E24001D,0,"SOL.VALVE 3/2 NC,20bar,48V AC(GANG MOUNTING)",,,,,,,,,
E24001-D(SA),0,"HOUSING ASSY 3/2 NC DC 1.2NW,20bar,GANG MOUNTING",,,,,,,,,
E24001G,0,"SOL.VALVE 3/2 NC,20bar,24V AC(GANG MOUNTING)",,,,,,,,,
E24001Q,0,"SOL.VALVE 3/2 NC,20bar,110V DC(GANG MOUNTING)",,,,,,,,,
E24001R,0,"SOL.VALVE 3/2 NC,20bar,12V DC(GANG MOUNTING)",,,,,,,,,
E24001S,0,"SOL.VALVE 3/2 NC,20bar,48V DC(GANG MOUNTING)",,,,,,,,,
E24001W,0,"SOL.VALVE 3/2 NC,20bar,24V DC(GANG MOUNTING)",,,,,,,,,
E24002A,0,"SOL.VALVE 3/2 NC,10bar,220V AC(GANG MOUNTING)",,,,,,,,,
E24002A-K,0,"SOL.VALVE 3/2 NC,10bar,220V AC(GANG MOUNTING),Knob",,,,,,,,,
E24002-AT0R0,0,"Sol.Valve 3/2 NC,10bar,220V AC,LED Connector w/o pr.ckt (R) (Gang)",,,,,,,,,
E24002B,0,"SOL.VALVE 3/2 NC,10bar,110V AC(GANG MOUNTING)",,,,,,,,,
E24002B-K,0,"SOL.VALVE 3/2 NC,10bar,110V AC(GANG MOUNTING),Knob",,,,,,,,,
E24002D,0,"SOL.VALVE 3/2 NC,10bar,48V AC(GANG MOUNTING)",,,,,,,,,
E24002D-K,0,"SOL.VALVE 3/2 NC,10bar,48V AC(GANG MOUNTING),Knob",,,,,,,,,
E24002G,0,"SOL.VALVE 3/2 NC,10bar,24V AC(GANG MOUNTING)",,,,,,,,,
E24002G-K,0,"SOL.VALVE 3/2 NC,10bar,24V AC(GANG MOUNTING),Knob",,,,,,,,,
E24002-GT1R0,0,"Sol.Valve 3/2 NC,10bar,24V AC,LED Connector with pr.ckt (R) (Gang)",,,,,,,,,
E24002-KWT1R0,0,"Sol.valve 3/2 NC,10bar,24V DC with LED connector (Knob)",,,,,,,,,
E24002Q,0,"SOL.VALVE 3/2 NC,10bar,110V DC(GANG MOUNTING)",,,,,,,,,
E24002Q-K,0,"SOL.VALVE 3/2 NC,10bar,110V DC(GANG MOUNTING),Knob",,,,,,,,,
E24002R,0,"SOL.VALVE 3/2 NC,10bar,12V DC(GANG MOUNTING)",,,,,,,,,
E24002R-K,0,"SOL.VALVE 3/2 NC,10bar,12V DC(GANG MOUNTING),Knob",,,,,,,,,
E24002S,0,"SOL.VALVE 3/2 NC,10bar,48V DC(GANG MOUNTING)",,,,,,,,,
E24002S-K,0,"SOL.VALVE 3/2 NC,10bar,48V DC(GANG MOUNTING),Knob",,,,,,,,,
E24002W,0,"SOL.VALVE 3/2 NC,10bar,24V DC(GANG MOUNTING)",,,,,,,,,
E24002W-K,0,"SOL.VALVE 3/2 NC,10bar,24V DC(GANG MOUNTING),Knob",,,,,,,,,
E24002-WT1R0,0,"Sol.Valve 3/2 NC,10bar,24V DC,LED Connector with pr.ckt (R) (Gang)",,,,,,,,,
E42001W,0,2/2 SOLENOID VALVE 5W 24VDC,,,,,,,,,
E44001A,0,MODULAR SOLENOID ASSY,,,,,,,,,
E44001B,0,SOL.VALVE 3/2 NC 4.5W 110V AC,,,,,,,,,
E44001D,0,SOL.VALVE 3/2 NC 4.5W 48V AC,,,,,,,,,
E44001G,0,SOL.VALVE 3/2 NC 4.5W 24V AC,,,,,,,,,
E44001Q,0,SOL.VALVE 3/2 NC 5W 110V DC,,,,,,,,,
E44001R,0,SOL.VALVE 3/2 NC 5W 12V DC,,,,,,,,,
E44001S,0,SOL.VALVE 3/2 NC 5W 48V DC,,,,,,,,,
E44001W,0,MODULAR SOLENOID ASSY,,,,,,,,,
E54004A,0,"Sol. valve 3/2 NC,220V AC,3.6VA - 17mm",,,,,,,,,
E54004B,0,"Sol. valve 3/2 NC,110V AC,3.6VA - 17mm",,,,,,,,,
E54004D,0,"Sol. valve 3/2 NC,48V AC,3.6VA - 17mm",,,,,,,,,
E54004G,0,"Sol. valve 3/2 NC,24V AC,3.6VA - 17mm",,,,,,,,,
E54004Q,0,"Sol. valve 3/2 NC,110V DC,2.5W - 17mm",,,,,,,,,
E54004R,0,"Sol. valve 3/2 NC,12V DC,2.5W - 17mm",,,,,,,,,
E54004S,0,"Sol. valve 3/2 NC,48V DC,2.5W - 17mm",,,,,,,,,
E54004W,0,"Sol. valve 3/2 NC,24V DC,2.5W - 17mm",,,,,,,,,
E64005-W2,0,Sol. valve 24V DC (10mm coil) with JPC connector,,,,,,,,,
EF13615A,0,"SOL.VALVE 1/4 3/2 NO,1.5-8bar,220V AC(PO)",,,,,,,,,
EF14615A,0,"SOL.VALVE 1/4 3/2 NC,1.5-8bar,220V AC(PO)",,,,,,,,,
EF14615W,0,"SOL.VALVE 1/4 3/2 NC,1.5-8bar,24V DC(PO)",,,,,,,,,
EL13615A,0,"SOL.VALVE 1/4 3/2 NO,2-10bar,220V AC(PO)",,,,,,,,,
EL13615A-K,0,"SOL.VALVE 1/4 3/2 NO,2-10bar,220V AC(PO),Knob typ",,,,,,,,,
EL13615B,0,"SOL.VALVE 1/4 3/2 NO,2-10bar,110V AC(PO)",,,,,,,,,
EL13615B-K,0,"SOL.VALVE 1/4 3/2 NO,2-10bar,110V AC(PO),Knob typ",,,,,,,,,
EL13615D,0,"SOL.VALVE 1/4 3/2 NO,2-10bar,48V AC(PO)",,,,,,,,,
EL13615D-K,0,"SOL.VALVE 1/4 3/2 NO,2-10bar,48V AC(PO),Knob type",,,,,,,,,
EL13615G,0,"SOL.VALVE 1/4 3/2 NO,2-10bar,24V AC(PO)",,,,,,,,,
EL13615G-K,0,"SOL.VALVE 1/4 3/2 NO,2-10bar,24V AC(PO),Knoe type",,,,,,,,,
EL13615Q,0,"SOL.VALVE 1/4 3/2 NO,2-10bar,110V DC(PO)",,,,,,,,,
EL13615Q-K,0,"SOL.VALVE 1/4 3/2 NO,2-10bar,110V DC(PO),Knob typ",,,,,,,,,
EL13615R,0,"SOL.VALVE 1/4 3/2 NO,2-10bar,12V DC(PO)",,,,,,,,,
EL13615R-K,0,"SOL.VALVE 1/4 3/2 NO,2-10bar,12V DC(PO),Knob type",,,,,,,,,
EL13615S,0,"SOL.VALVE 1/4 3/2 NO,2-10bar,48V DC(PO)",,,,,,,,,
EL13615S-K,0,"SOL.VALVE 1/4 3/2 NO,2-10bar,48V DC(PO),Knob type",,,,,,,,,
EL13615W,0,"SOL.VALVE 1/4 3/2 NO,2-10bar,24V DC(PO)",,,,,,,,,
EL13615W-K,0,"SOL.VALVE 1/4 3/2 NO,2-10bar,24V DC(PO),Knob type",,,,,,,,,
EL13637A,0,"SOL.VALVE 1/2 3/2 NO,2-10bar,220V AC(PO)",,,,,,,,,
EL13637A-K,0,"SOL.VALVE 1/2 3/2 NO,2-10bar,220V AC(PO),Knob typ",,,,,,,,,
EL13637B,0,"SOL.VALVE 1/2 3/2 NO,2-10bar,110V AC(PO)",,,,,,,,,
EL13637B-K,0,"SOL.VALVE 1/2 3/2 NO,2-10bar,110V AC(PO),Knob typ",,,,,,,,,
EL13637D,0,"SOL.VALVE 1/2 3/2 NO,2-10bar,48V AC(PO)",,,,,,,,,
EL13637D-K,0,"SOL.VALVE 1/2 3/2 NO,2-10bar,48V AC(PO),Knob type",,,,,,,,,
EL13637G,0,"SOL.VALVE 1/2 3/2 NO,2-10bar,24V AC(PO)",,,,,,,,,
EL13637G-K,0,"SOL.VALVE 1/2 3/2 NO,2-10bar,24V AC(PO),Knob type",,,,,,,,,
EL13637Q,0,"SOL.VALVE 1/2 3/2 NO,2-10bar,110V DC(PO)",,,,,,,,,
EL13637Q-K,0,"SOL.VALVE 1/2 3/2 NO,2-10bar,110V DC(PO),Knob typ",,,,,,,,,
EL13637R,0,"SOL.VALVE 1/2 3/2 NO,2-10bar,12V DC(PO)",,,,,,,,,
EL13637R-K,0,"SOL.VALVE 1/2 3/2 NO,2-10bar,12V DC(PO),Knob type",,,,,,,,,
EL13637S,0,"SOL.VALVE 1/2 3/2 NO,2-10bar,48V DC(PO)",,,,,,,,,
EL13637S-K,0,"SOL.VALVE 1/2 3/2 NO,2-10bar,48V DC(PO),knob type",,,,,,,,,
EL13637W,0,"SOL.VALVE 1/2 3/2 NO,2-10bar,24V DC(PO)",,,,,,,,,
EL13637W-K,0,"SOL.VALVE 1/2 3/2 NO,2-10bar,24V DC(PO),Knob type",,,,,,,,,
EL14615A,0,"SOL.VALVE 1/4 3/2 NC,2-10bar,220V AC(PO)",,,,,,,,,
EL14615A-K,0,"SOL.VALVE 1/4 3/2 NC,2-10bar,220V AC(PO),Knob typ",,,,,,,,,
EL14615B,0,"SOL.VALVE 1/4 3/2 NC,2-10bar,110V AC(PO)",,,,,,,,,
EL14615B-K,0,"SOL.VALVE 1/4 3/2 NC,2-10bar,110V AC(PO),Knob typ",,,,,,,,,
EL14615D,0,"SOL.VALVE 1/4 3/2 NC,2-10bar,48V AC(PO)",,,,,,,,,
EL14615D-K,0,"SOL.VALVE 1/4 3/2 NC,2-10bar,48V AC(PO),Knob type",,,,,,,,,
EL14615G,0,"SOL.VALVE 1/4 3/2 NC,2-10bar,24V AC(PO)",,,,,,,,,
EL14615G-K,0,"SOL.VALVE 1/4 3/2 NC,2-10bar,24V AC(PO),Knob type",,,,,,,,,
EL14615Q,0,"SOL.VALVE 1/4 3/2 NC,2-10bar,110V DC(PO)",,,,,,,,,
EL14615Q-K,0,"SOL.VALVE 1/4 3/2 NC,2-10bar,110V DC(PO),Knob typ",,,,,,,,,
EL14615R,0,"SOL.VALVE 1/4 3/2 NC,2-10bar,12V DC(PO)",,,,,,,,,
EL14615R-K,0,"SOL.VALVE 1/4 3/2 NC,2-10bar,12V DC(PO),Knob type",,,,,,,,,
EL14615S,0,"SOL.VALVE 1/4 3/2 NC,2-10bar,48V DC(PO)",,,,,,,,,
EL14615S-K,0,"SOL.VALVE 1/4 3/2 NC,2-10bar,48V DC(PO),Knob type",,,,,,,,,
EL14615W,0,"SOL.VALVE 1/4 3/2 NC,2-10bar,24V DC(PO)",,,,,,,,,
EL14615W-K,0,"SOL.VALVE 1/4 3/2 NC,2-10bar,24V DC(PO),Knob type",,,,,,,,,
EL14637A,0,"SOL.VALVE 1/2 3/2 NC,2-10bar,220V AC(PO)",,,,,,,,,
EL14637A-K,0,"SOL.VALVE 1/2 3/2 NC,2-10bar,220V AC(PO),Knob typ",,,,,,,,,
EL14637-AT1R0,0,"SOL.VALVE 1/2 3/2 NC,2-10bar,220V AC(PO)",,,,,,,,,
EL14637B,0,"SOL.VALVE 1/2 3/2 NC,2-10bar,110V AC(PO)",,,,,,,,,
EL14637B-K,0,"SOL.VALVE 1/2 3/2 NC,2-10bar,110V AC(PO),Knob typ",,,,,,,,,
EL14637D,0,"SOL.VALVE 1/2 3/2 NC,2-10bar,48V AC(PO)",,,,,,,,,
EL14637D-K,0,"SOL.VALVE 1/2 3/2 NC,2-10bar,48V AC(PO),Knob type",,,,,,,,,
EL14637G,0,"SOL.VALVE 1/2 3/2 NC,2-10bar,24V AC(PO)",,,,,,,,,
EL14637G-K,0,"SOL.VALVE 1/2 3/2 NC,2-10bar,24V AC(PO),Knob type",,,,,,,,,
EL14637Q,0,"SOL.VALVE 1/2 3/2 NC,2-10bar,110V DC(PO)",,,,,,,,,
EL14637Q-K,0,"SOL.VALVE 1/2 3/2 NC,2-10bar,110V DC(PO),Knob typ",,,,,,,,,
EL14637R,0,"SOL.VALVE 1/2 3/2 NC,2-10bar,12V DC(PO)",,,,,,,,,
EL14637R-K,0,"SOL.VALVE 1/2 3/2 NC,2-10bar,12V DC(PO),Knob type",,,,,,,,,
EL14637S,0,"SOL.VALVE 1/2 3/2 NC,2-10bar,48V DC(PO)",,,,,,,,,
EL14637S-K,0,"SOL.VALVE 1/2 3/2 NC,2-10bar,48V DC(PO),Knob type",,,,,,,,,
EL14637W,0,"SOL.VALVE 1/2 3/2 NC,2-10bar,24V DC(PO)",,,,,,,,,
EL14637W-K,0,"SOL.VALVE 1/2 3/2 NC,2-10bar,24V DC(PO),Knob type",,,,,,,,,
EL15615A,0,"SOL.VALVE 1/4  5/2,2-10bar,220V AC(PO)",,,,,,,,,
EL15615A-K,0,"SOL.VALVE 1/4  5/2,2-10bar,220V AC(PO),Knob type",,,,,,,,,
EL15615B,0,"SOL.VALVE 1/4  5/2,2-10bar,110V AC(PO)",,,,,,,,,
EL15615B-K,0,"SOL.VALVE 1/4  5/2,2-10bar,110V AC(PO),Knob type",,,,,,,,,
EL15615D,0,"SOL.VALVE 1/4  5/2,2-10bar,48V AC(PO)",,,,,,,,,
EL15615D-K,0,"SOL.VALVE 1/4  5/2,2-10bar,48V AC(PO),Knob type",,,,,,,,,
EL15615G,0,"SOL.VALVE 1/4  5/2,2-10bar,24V AC(PO)",,,,,,,,,
EL15615G-K,0,"SOL.VALVE 1/4  5/2,2-10bar,24V AC(PO),Knob type",,,,,,,,,
EL15615Q,0,"SOL.VALVE 1/4 5/2,2-10bar,110V DC(PO)",,,,,,,,,
EL15615Q-K,0,"SOL.VALVE 1/4 5/2,2-10bar,110V DC(PO),Knob type",,,,,,,,,
EL15615R,0,"SOL.VALVE 1/4 5/2,2-10bar,12V DC(PO)",,,,,,,,,
EL15615R-K,0,"SOL.VALVE 1/4  5/2,2-10bar,12V DC(PO),knob type",,,,,,,,,
EL15615S,0,"SOL.VALVE 1/4  5/2,2-10bar,48V DC(PO)",,,,,,,,,
EL15615S-K,0,"SOL.VALVE 1/4  5/2,2-10bar,48V DC(PO),knob type",,,,,,,,,
EL15615W,0,"SOL.VALVE 1/4  5/2,2-10bar,24V DC(PO)",,,,,,,,,
EL15615W-K,0,"SOL.VALVE 1/4  5/2,2-10bar,24V DC(PO),knob type",,,,,,,,,
EL15637A,0,"SOL.VALVE 1/2  5/2,2-10bar,220V AC(PO)",,,,,,,,,
EL15637A-K,0,"SOL.VALVE 1/2  5/2,2-10bar,220V AC(PO),Knob type",,,,,,,,,
EL15637B,0,"SOL.VALVE 1/2  5/2,2-10bar,110V AC(PO)",,,,,,,,,
EL15637B-K,0,"SOL.VALVE 1/2  5/2,2-10bar,110V AC(PO),Knob type",,,,,,,,,
EL15637-BT1R0,0,"SOL.VALVE 1/2  5/2,2-10bar,110V AC(PO) with LED connector",,,,,,,,,
EL15637D,0,"SOL.VALVE 1/2  5/2,2-10bar,48V AC(PO)",,,,,,,,,
EL15637D-K,0,"SOL.VALVE 1/2  5/2,2-10bar,48V AC(PO),knob type",,,,,,,,,
EL15637G,0,"SOL.VALVE 1/2  5/2,2-10bar,24V AC(PO)",,,,,,,,,
EL15637G-K,0,"SOL.VALVE 1/2  5/2,2-10bar,24V AC(PO),Knob type",,,,,,,,,
EL15637Q,0,"SOL.VALVE 1/2  5/2,2-10bar,110V DC(PO)",,,,,,,,,
EL15637Q-K,0,"SOL.VALVE 1/2  5/2,2-10bar,110V DC(PO),knob type",,,,,,,,,
EL15637R,0,"SOL.VALVE 1/2  5/2,2-10bar,12V DC(PO)",,,,,,,,,
EL15637R-K,0,"SOL.VALVE 1/2  5/2,2-10bar,12V DC(PO),Knob type",,,,,,,,,
EL15637S,0,"SOL.VALVE 1/2  5/2,2-10bar,48V DC(PO)",,,,,,,,,
EL15637S-K,0,"SOL.VALVE 1/2  5/2,2-10bar,48V DC(PO),knob type",,,,,,,,,
EL15637W,0,"SOL.VALVE 1/2  5/2,2-10bar,24V DC(PO)",,,,,,,,,
EL15637W-K,0,"SOL.VALVE 1/2  5/2,2-10bar,24V DC(PO),Knob type",,,,,,,,,
EL25615A,0,"SOL.VALVE 1/4  5/2,2-10bar,220V AC(PO)",,,,,,,,,
EL25615A-K,0,"SOL.VALVE 1/4  5/2,2-10bar,220V AC(PO),Knob type",,,,,,,,,
EL25615B,0,"SOL.VALVE 1/4  5/2,2-10bar,110V AC(PO)",,,,,,,,,
EL25615B-K,0,"SOL.VALVE 1/4  5/2,2-10bar,110V AC(PO),Knob type",,,,,,,,,
EL25615D,0,"SOL.VALVE 1/4  5/2,2-10bar,48V AC(PO)",,,,,,,,,
EL25615D-K,0,"SOL.VALVE 1/4  5/2,2-10bar,48V AC(PO),Knob type",,,,,,,,,
EL25615G,0,"SOL.VALVE 1/4  5/2,2-10bar,24V AC(PO)",,,,,,,,,
EL25615G-K,0,"Sol.Valve 1/4  5/2,2-10bar,24V AC(PO),Knob type",,,,,,,,,
EL25615Q,0,"SOL.VALVE 1/4  5/2,2-10bar,110V DC(PO)",,,,,,,,,
EL25615Q-K,0,"SOL.VALVE 1/4  5/2,2-10bar,110V DC(PO),Knob type",,,,,,,,,
EL25615R,0,"SOL.VALVE 1/4  5/2,2-10bar,12V DC(PO)",,,,,,,,,
EL25615R-K,0,"SOL.VALVE 1/4  5/2,2-10bar,12V DC(PO),Knob type",,,,,,,,,
EL25615S,0,"SOL.VALVE 1/4  5/2,2-10bar,48V DC(PO)",,,,,,,,,
EL25615S-K,0,"SOL.VALVE 1/4  5/2,2-10bar,48V DC(PO),Knob type",,,,,,,,,
EL25615W,0,"SOL.VALVE 1/4  5/2,2-10bar,24V DC(PO)",,,,,,,,,
EL25615W-K,0,"SOL.VALVE 1/4 5/2,2-10bar,24V DC(PO),knob type",,,,,,,,,
EL25637A,0,"Sol.Valve 1/2  5/2,2-10bar,220V AC(PO)",,,,,,,,,
EL25637A-K,0,"SOL.VALVE 1/2  5/2,2-10bar,220V AC(PO),Knob type",,,,,,,,,
EL25637B,0,"SOL.VALVE 1/2  5/2,2-10bar,110V AC(PO)",,,,,,,,,
EL25637B-K,0,"SOL.VALVE 1/2  5/2,2-10bar,110V AC(PO),knob type",,,,,,,,,
EL25637D,0,"SOL.VALVE 1/2  5/2,2-10bar,48V AC(PO)",,,,,,,,,
EL25637D-K,0,"SOL.VALVE 1/2  5/2,2-10bar,48V AC(PO),Knob type",,,,,,,,,
EL25637G,0,"SOL.VALVE 1/2  5/2,2-10bar,24V AC(PO)",,,,,,,,,
EL25637G-K,0,"SOL.VALVE 1/2  5/2,2-10bar,24V AC(PO),Knob type",,,,,,,,,
EL25637Q,0,"SOL.VALVE 1/2  5/2,2-10bar,110V DC(PO)",,,,,,,,,
EL25637Q-K,0,"SOL.VALVE 1/2  5/2,2-10bar,110V DC(PO),Knob type",,,,,,,,,
EL25637R,0,"SOL.VALVE 1/2  5/2,2-10bar,12V DC(PO)",,,,,,,,,
EL25637R-K,0,"SOL.VALVE 1/2 5/2,2-10bar,12V DC(PO),Knob type",,,,,,,,,
EL25637S,0,"SOL.VALVE 1/2 5/2,2-10bar,48V DC(PO)",,,,,,,,,
EL25637S-K,0,"SOL.VALVE 1/2 5/2,2-10bar,48V DC(PO),Knob type",,,,,,,,,
EL25637W,0,"SOL.VALVE 1/2 5/2,2-10bar,24V DC(PO)",,,,,,,,,
EL25637W-K,0,"SOL.VALVE 1/2 5/2,2-10bar,24V DC(PO),Knob type",,,,,,,,,
F13610,0,Filter-1/4 (1Micron),,,,,,,,,
F13611,0,Filter-1/4 (5Micron),,,,,,,,,
F13611-MM,0,"Filter-1/4 (5Micron)Metal bowl,M.drain",,,,,,,,,
F13612,0,Filter-1/4 (25Micron),,,,,,,,,
F13612-MM,0,"Filter-1/4 (25Micron)Metal bowl,M.drain",,,,,,,,,
F13613,646.25,Filter-1/4 (40Micron),,,,,,,,517,1.25
F13613-MM,0,"Filter-1/4 (40Micron)Metal bowl,M.drain",,,,,,,,,
F13614,0,Filter-1/4 (50Micron),,,,,,,,,
F13614-MM,0,"Filter-1/4 (50Micron)Metal bowl,M.drain",,,,,,,,,
F13615,0,Filter-1/4 (100Micron),,,,,,,,,
F13615-MM,0,"Filter-1/4 (100Micron)Metal bowl,M.drain",,,,,,,,,
F1361-IPS,0,Internal Plastic spares (Filter-1/4 ),,,,,,,,,
F13913,0,Filter-1/4 NPT(40Micron),,,,,,,,,
F13913-MM,0,"Filter-1/4 NPT(40Micron)Metal bowl,M.drain",,,,,,,,,
F14620,0,Filter-3/8 (1Micron),,,,,,,,,
F14621,0,Filter-3/8 (5Micron),,,,,,,,,
F14621-A,0,Filter-3/8 (5Micron)With Internal Auto drain,,,,,,,,,
F14621-MA,0,"Filter-3/8 (5Micron)Metal bowl,Auto drain",,,,,,,,,
F14622,0,Filter-3/8 (25Micron),,,,,,,,,
F14622-A,0,Filter-3/8 (25Micron)Internal Auto drain,,,,,,,,,
F14622-MA,0,"Filter-3/8 (25Micron)Metal bowl,Auto drain",,,,,,,,,
F14622-MM,0,"Filter-3/8 (25Micron)Metal bowl,M.drain",,,,,,,,,
F14623,0,Filter-3/8 (40Micron),,,,,,,,,
F14623-MA,0,"Filter-3/8 (40Micron)Metal bowl,Auto drain",,,,,,,,,
F14623-MM,0,"Filter-3/8 (40Micron)Metal bowl,M.drain",,,,,,,,,
F14624,0,Filter-3/8 (50Micron),,,,,,,,,
F14624-A,0,Filter-3/8 (50Micron)With Internal Auto drain,,,,,,,,,
F14624-MA,0,"Filter-3/8 (50Micron)Metal bowl,M.drain",,,,,,,,,
F14624-MM,0,"Filter-3/8 (50Micron)Metal bowl,M.drain",,,,,,,,,
F14625,0,Filter-3/8 (100Micron),,,,,,,,,
F1462-IPS,0,Internal Plastic spares (Filter-3/8),,,,,,,,,
F15630-A,0,Filter-1/2(1Micron)With internal auto drain,,,,,,,,,
F15631-A,0,Filter-1/2 (5Micron)With Internal Auto drain,,,,,,,,,
F15631-MA,0,"Filter-1/2 5Micron)Metal bowl,Auto drain",,,,,,,,,
F15631-MM,0,"Filter-1/2 (5Micron)Metal bowl,M.drain",,,,,,,,,
F15632,0,Filter-1/2 (25Micron),,,,,,,,,
F15632-A,0,Filter-1/2 (25Micron)With Internal Auto drain,,,,,,,,,
F15632-MA,0,"Filter-1/2 (25Micron)Metal bowl,Auto drain",,,,,,,,,
F15632-MM,0,"Filter-1/2 (25Micron)Metal bowl,M.drain",,,,,,,,,
F15633,1098.75,Filter-1/2 (40Micron),,,,,,,,879,1.25
F15633,0,Filter-1/2 (40Micron),,,,,,,,,
F15633-A,2233.75,Filter-1/2 (40Micron)With Internal Auto drain,,,,,,,,1787,1.25
F15633-MA,0,"Filter-1/2 (40Micron)Metalbowl,Auto drain",,,,,,,,,
F15633-MM,0,"Filter-1/2 (40Micron)Metal bowl,M.drain",,,,,,,,,
F15633-S,0,Filter-1/2 (40Micron)Semi auto drain,,,,,,,,,
F15634-A,0,Filter-1/2 (50Micron)With Internal Auto drain,,,,,,,,,
F15634-MA,0,"Filter-1/2 (50Micron)Metalbowl,Auto drain",,,,,,,,,
F15634-MM,0,"Filter-1/2 (50Micron)Metal bowl,M.drain",,,,,,,,,
F15635,0,Filter-1/2 (100Micron),,,,,,,,,
F15635-A,0,Filter-1/2 (100Micron)With Internal Auto drain,,,,,,,,,
F1563-IPS,0,Internal Plastic spares (Filter-1/2),,,,,,,,,
F15931,0,Filter-1/2 NPT(5Micron),,,,,,,,,
F15932,0,Filter-1/2 NPT(25Micron),,,,,,,,,
F15933,0,Filter-1/2 NPT(40Micron),,,,,,,,,
F17640,0,Filter-3/4 (1Micron),,,,,,,,,
F17640-A,0,Filter-3/4 (1Micron) with Internal Auto drain,,,,,,,,,
F17640-MA,0,"Filter-3/4 (1Micron) Metal bowl, Auto drain",,,,,,,,,
F17641,0,Filter-3/4 (5Micron),,,,,,,,,
F17641-A,0,Filter-3/4 (5Micron) with Internal Auto drain,,,,,,,,,
F17641-MM,0,"Filter-3/4 (5Micron) Metal bowl, M.drain",,,,,,,,,
F17642,0,Filter-3/4 (25Micron),,,,,,,,,
F17642-A,0,Filter-3/4 (25Micron)With Internal auto drain,,,,,,,,,
F17642-MA,0,"Filter-3/4 (25Micron)Metal bowl, Auto drain",,,,,,,,,
F17642-MM,0,"Filter-3/4 (25Micron) Metal bowl, M.drain",,,,,,,,,
F17643,0,Filter-3/4 (40Micron),,,,,,,,,
F17643-A,0,Filter-3/4 (40Micron)With Internal auto drain,,,,,,,,,
F17643-MA,0,"Filter-3/4 (40Micron) Metal bowl, Auto drain",,,,,,,,,
F17643-MM,0,"Filter-3/4 (40Micron)Metal bowl,M.drain",,,,,,,,,
F17644,0,Filter-3/4 (50Micron),,,,,,,,,
F17644-A,0,Filter-3/4 (50Micron) with Internal Auto drain,,,,,,,,,
F17644-MA,0,"Filter-3/4 (50Micron) Metal bowl, Auto drain",,,,,,,,,
F17644-MM,0,"Filter-3/4 (50Micron) Metal bowl, M.drain",,,,,,,,,
F17650,0,Filter-1 (1Micron),,,,,,,,,
F17650-A,0,Filter-1 (1Micron) with Internal Auto drain,,,,,,,,,
F17650-MA,0,"Filter-1 (1Micron) Metal bowl, Auto drain",,,,,,,,,
F17651,0,Filter-1 (5Micron),,,,,,,,,
F17651-A,0,Filter-1 (5Micron) with Internal Auto drain,,,,,,,,,
F17651-MA,0,"Filter-1 (5Micron)Metalbowl,Auto drain",,,,,,,,,
F17651-MM,0,"Filter-1 (5Micron) Metal bowl, M.drain",,,,,,,,,
F17652,0,Filter-1 (25Micron),,,,,,,,,
F17652-A,0,Filter-1 (25Micron)with Internal auto drain,,,,,,,,,
F17652-MA,0,"Filter-1 (25Micron) Metal bowl, Auto drain",,,,,,,,,
F17652-MM,0,"Filter-1 (25Micron) Metal bowl, M.drain",,,,,,,,,
F17653,0,Filter-1 (40Micron),,,,,,,,,
F17653-A,0,Filter-1 (40Micron)with Internal auto drain,,,,,,,,,
F17653-MA,0,"Filter-1(40 Micron) Metal Bowl, Auto drain",,,,,,,,,
F17653-MM,0,"Filter-1 (40Micron)Metal bowl,M.drain",,,,,,,,,
F17654,0,Filter-1 (50Micron),,,,,,,,,
F17654-A,0,Filter-1 (50Micron) with Internal Auto drain,,,,,,,,,
F17654-MA,0,"Filter-1 (50Micron) Metal bowl, Auto drain",,,,,,,,,
F17654-MM,0,"Filter-1 (50Micron) Metal bowl, M.drain",,,,,,,,,
F17952,0,Filter-1 NPT (25Micron),,,,,,,,,
FRC136034,0,"FRC-1/8 (40Micron,10bar)",,,,,,,,,
FRC136101,0,"FRC-1/4 (1Micron,2bar)",,,,,,,,,
FRC136102,0,"FRC-1/4 (1Micron,4bar)",,,,,,,,,
FRC136103,0,"FRC-1/4 (1Micron,7bar)",,,,,,,,,
FRC136104,0,"FRC-1/4 (1Micron,10bar)",,,,,,,,,
FRC136111,0,"FRC-1/4 (5Micron,2bar)",,,,,,,,,
FRC136111-MM,0,"FRC-1/4 (5Micron,2bar)Metal bowl,M.drain",,,,,,,,,
FRC136112,0,"FRC-1/4 (5Micron,4bar)",,,,,,,,,
FRC136113,0,"FRC-1/4 (5Micron,7bar)",,,,,,,,,
FRC136114,0,"FRC-1/4 (5Micron,10bar)",,,,,,,,,
FRC136114-MM,0,"FRC-1/4 (5Micron,10bar)Metal bowl,M.drain",,,,,,,,,
FRC136121,0,"FRC-1/4 (25Micron,2bar)",,,,,,,,,
FRC136122,0,"FRC-1/4 (25Micron,4bar)",,,,,,,,,
FRC136123,0,"FRC-1/4 (25Micron,7bar)",,,,,,,,,
FRC136124,0,"FRC-1/4 (25Micron,10bar)",,,,,,,,,
FRC136124-MM,0,FRC WITH METALBOWL WITH MANUAL DRAI,,,,,,,,,
FRC136131,0,"FRC-1/4 (40Micron,2bar)",,,,,,,,,
FRC136132,0,"FRC-1/4 (40Micron,4bar)",,,,,,,,,
FRC136132-MM,0,"FRC-1/4 (40Micron,4bar)Metal bowl,M.drain",,,,,,,,,
FRC136133,0,"FRC-1/4 (40Micron,7bar)",,,,,,,,,
FRC136133-MM,0,"FRC-1/4 (40Micron,7bar)Metal bowl,M.drain",,,,,,,,,
FRC136134,0,"FRC-1/4 (40Micron,10bar)",,,,,,,,,
FRC136134-MM,0,"FRC-1/4 (40Micron,10bar)Metal bowl,M.drain",,,,,,,,,
FRC136141,0,"FRC-1/4 (50Micron,2bar)",,,,,,,,,
FRC136143,0,"FRC-1/4 (50Micron,7bar)",,,,,,,,,
FRC136144,0,"FRC-1/4 (50Micron,10bar)",,,,,,,,,
FRC136154,0,"FRC-1/4 (100Micron,10bar)",,,,,,,,,
FRC139111,0,"FRC-1/4 NPT(5Micron,2bar)",,,,,,,,,
FRC139112,0,"FRC-1/4 NPT(5Micron,4bar)",,,,,,,,,
FRC139113,0,"FRC-1/4 NPT(5Micron,7bar)",,,,,,,,,
FRC139113-MM,0,FRC WITH METALBOWL WITH MANUAL DRAI,,,,,,,,,
FRC139114,0,"FRC-1/4 NPT(5Micron,10bar)",,,,,,,,,
FRC139124,0,"FRC-1/4 NPT(25Micron,10bar)",,,,,,,,,
FRC139124-MM,0,"FRC-1/4 NPT(25Micron,10bar)Metalbowl,M.drain",,,,,,,,,
FRC139131,0,"FRC-1/4 NPT(40Micron,2bar)",,,,,,,,,
FRC139132,0,"FRC-1/4 NPT(40Micron,4bar)",,,,,,,,,
FRC139133,0,"FRC-1/4 NPT(40Micron,7bar)",,,,,,,,,
FRC139134,0,FILTER REGULATOR COMBINATION,,,,,,,,,
FRC139134-MM,0,"FRC-1/4 NPT(40Micron,10bar)Metalbowl,M.drain",,,,,,,,,
FRC146213,0,"FRC-3/8 (5Micron,7bar)",,,,,,,,,
FRC146214,0,"FRC-3/8 (5Micron,10bar)",,,,,,,,,
FRC146214-A,0,"FRC-3/8 (5Micron,10bar)with Internal Auto drain",,,,,,,,,
FRC146214-MM,0,"FRC-3/8 (5Micron,10bar)Metal bowl,M.drain",,,,,,,,,
FRC146222,0,"FRC-3/8 (25Micron,4bar)",,,,,,,,,
FRC146223,0,"FRC-3/8 (25Micron,7bar)",,,,,,,,,
FRC146223-A,0,"FRC-3/8 (25Micron,7bar)with Internal Auto drain",,,,,,,,,
FRC146224,0,"FRC-3/8 (25Micron,10bar)",,,,,,,,,
FRC146224-A,0,"FRC-3/8 (25Micron,10bar)with Internal Auto drain",,,,,,,,,
FRC146231,0,"FRC-3/8 (40Micron,2bar)",,,,,,,,,
FRC146232,0,"FRC-3/8 (40Micron,4bar)",,,,,,,,,
FRC146233,0,"FRC-3/8 (40Micron,7bar)",,,,,,,,,
FRC146233-A,0,"FRC-3/8 (40Micron,7bar)with Internal Auto drain",,,,,,,,,
FRC146234,0,"FRC-3/8 (40Micron,10bar)",,,,,,,,,
FRC146234/WS,0,"FRC-3/8 (40Micron,10bar)",,,,,,,,,
FRC146234-MA,0,"FRC-3/8 (40Micron,10bar)Metalbowl,Auto drain",,,,,,,,,
FRC146234-MM,0,"FRC-3/8 (40Micron,10bar)Metal bowl,M.drain",,,,,,,,,
FRC146234-S,0,"FRC-3/8 (40Micron,10bar)with Semi Auto drain",,,,,,,,,
FRC146244,0,"FRC-3/8 (50Micron,10bar)",,,,,,,,,
FRC146244-A,0,"FRC-3/8 (50Micron,10bar)with Internal Auto drain",,,,,,,,,
FRC146253-A,0,"FRC-3/8 (100Micron,7bar)with Internal Auto drain",,,,,,,,,
FRC146254,0,"FRC-3/8 (100Micron,10bar)",,,,,,,,,
FRC1462-IPS,0,Internal plastic spares list - 3/8,,,,,,,,,
FRC149114,0,"FRC-1/4 NPT (5micron, 10 bar)",,,,,,,,,
FRC149214,0,"FRC-3/8 NPT (5 micron, 10 bar)",,,,,,,,,
FRC149234,0,"FRC-3/8 NPT(40Micron,10bar)",,,,,,,,,
FRC156303,0,"FRC-1/2 (1Micron,7bar)",,,,,,,,,
FRC156304,0,"FRC-1/2 (1Micron,10bar)",,,,,,,,,
FRC156304-A,0,"FRC-1/2 (1Micron,10bar)with Internal Auto drain",,,,,,,,,
FRC156311,0,"FRC-1/2 (5Micron,2bar)",,,,,,,,,
FRC156312,0,"FRC-1/2 (5Micron,4bar)",,,,,,,,,
FRC156313,0,"FRC-1/2 (5Micron,7bar)",,,,,,,,,
FRC156313-A,0,"FRC-1/2 (5Micron,7bar)with Internal Auto drain",,,,,,,,,
FRC156313-MM,0,"FRC-1/2 (5Micron,7bar)Metal bowl,M.drain",,,,,,,,,
FRC156314,0,"FRC-1/2 (5Micron,10bar)",,,,,,,,,1.25
FRC156314-A,0,"FRC-1/2 (5Micron,10bar)with Internal Auto drain",,,,,,,,,
FRC156314-MA,0,"FRC-1/2 (5Micron,10bar)Metalbowl,Auto drain",,,,,,,,,
FRC156314-MM,0,"FRC-1/2 (5Micron,10bar)Metal bowl,M.drain",,,,,,,,,
FRC156323,0,"FRC-1/2 (25Micron,7bar)",,,,,,,,,
FRC156324,0,"FRC-1/2 (25Micron,10bar)",,,,,,,,,
FRC156324-A,0,"FRC-1/2 (25Micron,10bar)with Internal Auto drain",,,,,,,,,
FRC156324-MA,0,"FRC-1/2 (25Micron,10bar)Metalbowl,Auto drain",,,,,,,,,
FRC156324-MM,0,"FRC-1/2 (25Micron,10bar)Metal bowl,M.drain",,,,,,,,,
FRC156331,0,"FRC-1/2 (40Micron,2bar)",,,,,,,,,
FRC156331-A,0,"FRC-1/2 (40Micron,2bar)with Internal Auto drain",,,,,,,,,
FRC156332,0,"FRC-1/2 (40Micron,4bar)",,,,,,,,,
FRC156332-A,0,"FRC-1/2 (40Micron,4bar)with Internal Auto drain",,,,,,,,,
FRC156332-MM,0,"FRC-1/2 (40Micron,4bar)Metal bowl,M.drain",,,,,,,,,
FRC156333,0,"FRC-1/2 (40Micron,7bar)",,,,,,,,,
FRC156333-A,0,"FRC-1/2 (40Micron,7bar)with Internal Auto drain",,,,,,,,,
FRC156333-MM,0,"FRC-1/2 (40Micron,7bar)Metal bowl,M.drain",,,,,,,,,
FRC156334,0,"FRC-1/2 (40Micron,10bar)",,,,,,,,,
FRC156334-A,0,"FRC-1/2 (40Micron,10bar)with Internal Auto drain",,,,,,,,,
FRC156334-MA,0,"FRC-1/2""(40Micron,10bar)Metalbowl,Auto drain",,,,,,,,,
FRC156334-MM,0,"FRC-1/2""(40Micron,10bar)Metal bowl,M.drain",,,,,,,,,
FRC156343,0,"FRC-1/2 (50Micron,7bar)",,,,,,,,,
FRC156344,0,"FRC-1/2 (50Micron,10bar)",,,,,,,,,
FRC156354,0,"FRC-1/2 (100Micron,10bar)",,,,,,,,,
FRC156354-MM,0,"FRC-1/2 (100Micron,10bar)Metal bowl,M.drain",,,,,,,,,
FRC159313,0,"FRC-1/2 NPT(5Micron,7bar)",,,,,,,,,
FRC159314,0,"FRC-1/2 NPT(5Micron,10bar)",,,,,,,,,
FRC159314-MM,0,"FRC-1/2NPT(5Micron,10bar),Metal bowl,Manual drain",,,,,,,,,
FRC159323,0,"FRC-1/2 NPT(25Micron,7bar)",,,,,,,,,
FRC159324,0,"FRC-1/2 NPT(25Micron,10bar)",,,,,,,,,
FRC159334,0,"FRC-1/2 NPT(40Micron,10bar)",,,,,,,,,
FRC176403,0,"FRC-3/4 (1Micron,7 bar)",,,,,,,,,
FRC176413,0,"FRC-3/4 (5Micron,7 bar)",,,,,,,,,
FRC176413-A,0,"FRC-3/4 (5Micron,7 bar) with Internal Auto drain",,,,,,,,,
FRC176414,0,"FRC-3/4 (5Micron,10bar)",,,,,,,,,
FRC176414-A,0,"FRC-3/4 (5Micron,10 bar) with Internal Auto drain",,,,,,,,,
FRC176414-MM,0,"FRC-3/4 (5Micron,10 bar) Metal bowl,M.drain",,,,,,,,,
FRC176424,0,"FRC-3/4""(25Micron,10bar)",,,,,,,,,
FRC176424-A,0,"FRC-3/4""(25Micron,10bar) with Internal Auto drain",,,,,,,,,
FRC176434,0,"FRC-3/4(40Micron,10bar)",,,,,,,,,
FRC176434-A,0,"FRC-3/4""(40Micron,10bar) with Internal Auto drain",,,,,,,,,
FRC176434-MA,0,"FRC-3/4 (40Micron,10 bar) Metal bowl,Auto drain",,,,,,,,,
FRC176434-MM,0,"FRC-3/4""(40Micron,10bar)Metal bowl,M.drain",,,,,,,,,
FRC176444,0,"FRC-3/4 (50Micron,10 bar)",,,,,,,,,
FRC176504,0,"FRC-1"" (1 Micron,10bar)",,,,,,,,,
FRC176504-MM,0,"FRC-1 (1Micron,10 bar) Metal bowl,M.drain",,,,,,,,,
FRC176514,0,"FRC-1 (5Micron,10bar)",,,,,,,,,
FRC176514-A,0,"FRC-1 (5Micron,10 bar) with Internal Auto drain",,,,,,,,,
FRC176514-MM,0,"FRC-1 (5Micron,10 bar) Metal bowl,M.drain",,,,,,,,,
FRC176522,0,"FRC-1 (25Micron,4 bar)",,,,,,,,,
FRC176523,0,"FRC-1 (25Micron,7 bar)",,,,,,,,,
FRC176524,0,"FRC-1""(25Micron,10bar)",,,,,,,,,
FRC176524-A,0,"FRC-1""(25Micron,10bar) with Internal Auto drain",,,,,,,,,
FRC176531,0,"FRC-1 (40Micron,2 bar)",,,,,,,,,
FRC176533,0,"FRC-1 (40Micron,7 bar)",,,,,,,,,
FRC176534,0,"FRC-1(40Micron,10bar)",,,,,,,,,
FRC176534-A,0,"FRC-1""(40Micron,10bar) with Internal Auto drain",,,,,,,,,
FRC176534-MA,0,"FRC-1(40 Micron,10bar) Metal Bowl, Auto drain",,,,,,,,,
FRC176534-MM,0,"FRC-1""(40Micron,10bar)Metal bowl,M.drain",,,,,,,,,
FRC176544,0,"FRC-1 (50Micron,10 bar)",,,,,,,,,
FRC176544-MM,0,"FRC-1 (50Micron,10 bar) Metal bowl,M.drain",,,,,,,,,
FRC176554,0,"FRC-1 (100Micon,10bar)",,,,,,,,,
FRC179414-MM,0,"FRC-3/4 NPT(5Micron,10bar) Metal bowl, Manual drain",,,,,,,,,
FRC179434,0,"FRC-3/4""NPT(40Micron,10bar)",,,,,,,,,
FRCLM136034/W,0,"FRCLM-1/8""(40Micron,10bar)with Wall mounting bracket",,,,,,,,,
FRCLM136104/W,0,"FRCLM-1/4 (1Micron,10 bar)with Wall mounting bracket",,,,,,,,,
FRCLM136113,0,"FRCLM-1/4""(5Micron,7bar)",,,,,,,,,
FRCLM136113/W,0,"FRCLM-1/4""(5Micron,7bar)with Wall mounting bracket",,,,,,,,,
FRCLM136114,0,"FRCLM-1/4""(5Micron,10bar)",,,,,,,,,
FRCLM136114/S,0,"FRCLM-1/4""(5Micron,10bar)With Spacer",,,,,,,,,
FRCLM136114/W,0,"FRCLM-1/4""(5Micron,10bar)with Wall mounting bracke",,,,,,,,,
FRCLM136123,0,"FRCLM-1/4""(25Micron,7bar)",,,,,,,,,
FRCLM136123/S,0,"FRCLM-1/4""(25Micron,7bar)With Spacer",,,,,,,,,
FRCLM136124,0,"FRCLM-1/4""(25Micron,10bar)",,,,,,,,,
FRCLM136124/S,0,"FRCLM-1/4""(25Micron,10bar)with Spacer",,,,,,,,,
FRCLM136124/W,0,"FRCLM-1/4""(25Micron,10bar)with wall mounting bracket",,,,,,,,,
FRCLM136131,0,"FRCLM-1/4""(40Micron,2bar)",,,,,,,,,
FRCLM136131/W,0,"FRCLM-1/4""(40Micron,2bar)with Wall mounting bracke",,,,,,,,,
FRCLM136132,0,"FRCLM-1/4""(40Micron,4bar)",,,,,,,,,
FRCLM136132/W,0,"FRCLM-1/4""(40Micron,4bar)with Wall mounting bracket",,,,,,,,,
FRCLM136133,0,"FRCLM-1/4""(40Micron,7bar)",,,,,,,,,
FRCLM136133/W,0,"FRCLM-1/4""(40Micron,7bar)with Wall mounting bracke",,,,,,,,,
FRCLM136134,0,"FRCLM-1/4""(40Micron,10bar)",,,,,,,,,
FRCLM136134/S,0,"FRCLM-1/4""(40Micron,10bar)with Spacer",,,,,,,,,
FRCLM136134/W-MM,0,"FRCLM-1/4(40Micron,10bar)W.M.Bracket, Metal bowl,M.drain",,,,,,,,,
FRCLM136134-E,0,"FRCLM-1/4(40Micron,10bar)with external auto drain",,,,,,,,,
FRCLM136134-MM,0,"FRCLM-1/4""(40Micron,10bar)Metal bowl,M.drain",,,,,,,,,
FRCLM136144/W,0,"FRCLM-1/4""(50Micron,10bar)with Wall mounting bracket",,,,,,,,,
FRCLM136154,0,"FRCLM-1/4""(100Micron,10bar)",,,,,,,,,
FRCLM139112,0,"FRCLM-1/4 NPT (5Micron,4bar)",,,,,,,,,
FRCLM139114,0,"FRCLM-1/4""NPT(5Micron,10bar)",,,,,,,,,
FRCLM146213/W,0,"FRCLM-3/8""(5Micron,7bar)with Wall mounting bracket",,,,,,,,,
FRCLM146214,0,"FRCLM-3/8 (5Micron,10bar)",,,,,,,,,
FRCLM146214/W,0,"FRCLM-3/8""(5Micron,10bar)with Wall mounting bracke",,,,,,,,,
FRCLM146214-A,0,"FRCLM-3/8""(5Micron,10bar)with Internal Auto drain",,,,,,,,,
FRCLM146223/W,0,"FRCLM-3/8""(25Micron,7bar)with Wall mounting bracket",,,,,,,,,
FRCLM146224,0,"FRCLM-3/8""(25Micron,10bar)",,,,,,,,,
FRCLM146224/S,0,"FRCLM-3/8""(25Micron,10bar)with Spacer",,,,,,,,,
FRCLM146224/W,0,"FRCLM-3/8""(25Micron,10bar)with Wall mounting brack",,,,,,,,,
FRCLM146224-A,0,"FRCLM-3/8 (25Micron,10bar)with Internal Auto drain",,,,,,,,,
FRCLM146232,0,"FRCLM-3/8""(40Micron,4bar)",,,,,,,,,
FRCLM146233,0,"FRCLM-3/8""(40Micron,7bar)",,,,,,,,,
FRCLM146233/W,0,"FRCLM-3/8""(40Micron,7bar)with Wall mounting bracke",,,,,,,,,
FRCLM146234,0,"FRCLM-3/8""(40Micron,10bar)",,,,,,,,,
FRCLM146234/S,0,"FRCLM-3/8""(40Micron,10bar)with Spacer",,,,,,,,,
FRCLM146234/W,0,"FRCLM-3/8""(40Micron,10bar)with Wall mounting brack",,,,,,,,,
FRCLM146234/W-A,0,"FRCLM-3/8""(40Micron,10bar)with W.M.bracket,Int.auto drain",,,,,,,,,
FRCLM146234-A,0,"FRCLM-3/8""(40Micron,10bar)with Internal Auto drain",,,,,,,,,
FRCLM156304,0,"FRCLM-1/2(1Micron,10bar)",,,,,,,,,
FRCLM156304/W,0,"FRCLM-1/2(1Micron,10bar)with Wall mounting bracket",,,,,,,,,
FRCLM156314,0,"FRCLM-1/2""(5Micron,10bar)",,,,,,,,,
FRCLM156314/W,0,"FRCLM-1/2""(5Micron,10bar)with Wall mounting bracket",,,,,,,,,
FRCLM156314/W-A,0,"FRCLM-1/2 (5Micron,10bar)with W.M.Bracket, Internal Autodrain",,,,,,,,,
FRCLM156314-A,0,"FRCLM-1/2 (5Micron,10bar)with Internal Autodrain",,,,,,,,,
FRCLM156323,0,"FRCLM-1/2""(25Micron,7bar)",,,,,,,,,
FRCLM156324,0,"FRCLM-1/2""(25Micron,10bar)",,,,,,,,,
FRCLM156324/S,0,"FRCLM-1/2""(25Micron,10bar)with Spacer",,,,,,,,,
FRCLM156324/W,0,"FRCLM-1/2""(25Micron,10bar)with Wall mounting brack",,,,,,,,,
FRCLM156324/W-A,0,"FRCLM-1/2""(25Micron,10bar)with W.M.Bracket,Int.auto drain",,,,,,,,,
FRCLM156324-A,0,"FRCLM-1/2""(25Micron,10bar)with Int.auto drain",,,,,,,,,
FRCLM156331,0,"FRCLM-1/2""(40Micron,2bar)",,,,,,,,,
FRCLM156333,0,"FRCLM-1/2""(40Micron,7bar)",,,,,,,,,
FRCLM156333/W,0,"FRCLM-1/2""(40Micron,7bar)with Wall mounting bracke",,,,,,,,,
FRCLM156333/W-MM,0,"FRCLM-1/2(40Micron,7bar) wall mounting bracket,Metal bowl,Manual drain",,,,,,,,,
FRCLM156334,0,"FRCLM-1/2""(40Micron,10bar)",,,,,,,,,
FRCLM156334/S,0,"FRCLM-1/2""(40Micron,10bar)with Spacer",,,,,,,,,
FRCLM156334/SMM,0,"FRCLM-1/2""(40Mic,10bar)with Spacer,Metal bowl,M.drain",,,,,,,,,
FRCLM156334/W,0,"FRCLM-1/2""(40Micron,10bar)with Wall mounting brack",,,,,,,,,1.25
FRCLM156334/W-MM,0,"FRCLM-1/2 (40Micron,10bar) wall mounting bracket,Metal bowl,Manual drain",,,,,,,,,
FRCLM156334-A,0,"FRCLM-1/2""(40Micron,10bar)with Internal Auto drain",,,,,,,,,
FRCLM156334-MM,0,"FRCLM-1/2""(40Micron,10bar)Metalbowl,M.drain",,,,,,,,,
FRCLM156344,0,"FRCLM-1/2""(50Micron,10bar)",,,,,,,,,
FRCLM156344/W,0,"FRCLM-1/2""(50Micron,10bar)with Wall mounting brack",,,,,,,,,
FRCLM156354/W,0,"FRCLM-1/2""(100Micron,10bar)with Wall mounting brac",,,,,,,,,
FRCLM159334,0,"FRCLM-1/2""NPT(40Micron,10bar)",,,,,,,,,
FRCLM176404,0,"FRCLM-3/4"" (1 Micron,10bar)",,,,,,,,,
FRCLM176414/W,0,"FRCLM-3/4 (5Micron,10 bar)with Wall mounting bracket",,,,,,,,,
FRCLM176424,0,"FRCLM-3/4 (25Micron,10bar)",,,,,,,,,
FRCLM176424/W,0,"FRCLM-3/4 (25Micron,10 bar)with Wall mounting bracket",,,,,,,,,
FRCLM176424-A/W,0,"FRCLM-3/4(25Micron,10bar)with int.auto drain with wall mounting bracket",,,,,,,,,
FRCLM176433,0,"FRCLM-3/4 (40Micron,7 bar)",,,,,,,,,
FRCLM176434,0,"FRCLM-3/4""(40Micron,10bar)",,,,,,,,,
FRCLM176434/W,0,"FRCLM-3/4""(40Micron,10bar)with wall mounting bracket",,,,,,,,,
FRCLM176434-A,0,"FRCLM-3/4(40Micron,10bar)with int.auto drain",,,,,,,,,
FRCLM176434-A/W,0,"FRCLM-3/4(40Micron,10bar)with int.auto drain with wall mounting bracket",,,,,,,,,
FRCLM176444/W,0,"FRCLM-3/4 (50Micron,10 bar)with Wall mounting bracket",,,,,,,,,
FRCLM176504,0,"FRCLM-1 (1Micron,10 bar)",,,,,,,,,
FRCLM176524,0,"FRCLM-1""(25Micron,10bar)",,,,,,,,,
FRCLM176524/W,0,"FRCLM-1 (25Micron,10 bar)with Wall mounting bracket",,,,,,,,,
FRCLM176534,0,"FRCLM-1""(40Micron,10bar)",,,,,,,,,
FRCLM176534/W,0,"FRCLM-1""(40Micron,10bar)with wall mounting bracket",,,,,,,,,1.25
FRCLM176534/W-A,0,"FRCLM-1(40Mic,10bar)with W.M.Bracket,int.auto drain",,,,,,,,,
FRCLM176534/W-MM,0,"FRCLM-1(40Micron,10bar)W.M.Bracket, Metal bowl,M.drain",,,,,,,,,
FRCLM176534-A,0,"FRCLM-1(40Micron,10bar)with int.auto drain",,,,,,,,,
FRCLM176534-MM,0,"FRCLM-1""(40Micron,10bar)Metal bowl,M.drain",,,,,,,,,
FRCLM176544/W,0,"FRCLM-1 (50Micron,10 bar)with Wall mounting bracket",,,,,,,,,
FRCLM179534/W,0,"FRCLM-1 NPT(40Micron,10bar)with wall mounting bracket",,,,,,,,,
FRLM136114,0,"FRLM-1/4""(5Micron,10bar)",,,,,,,,,
FRLM136114/W,0,"FRLM-1/4""(5Micron,10bar)with Wall mounting bracket",,,,,,,,,
FRLM136124,0,"FRLM-1/4""(25Micron,10bar)",,,,,,,,,
FRLM136124/S,0,"FRLM-1/4""(25Micron,10bar)with Spacer",,,,,,,,,
FRLM136124/W,0,"FRLM-1/4""(25Micron,10bar)with Wall mounting bracke",,,,,,,,,
FRLM136133,0,"FRLM-1/4""(40Micron,7bar)",,,,,,,,,
FRLM136133/W,0,"FRLM-1/4""(40Micron,7bar)with Wall mounting bracket",,,,,,,,,
FRLM136134,0,"FRLM-1/4""(40Micron,10bar)",,,,,,,,,
FRLM136134/S,0,"FRLM-1/4""(40Micron,10bar)with Spacer",,,,,,,,,
FRLM136134/W,0,"FRLM-1/4""(40Micron,10bar)with Wall mounting bracke",,,,,,,,,
FRLM136143,0,"FRLM-1/4""(50Micron,7bar)",,,,,,,,,
FRLM146214,0,"FRLM-3/8""(5Micron,10bar)",,,,,,,,,
FRLM146214/W,0,"FRLM-3/8""(5Micron,10bar)with Wall mounting bracket",,,,,,,,,
FRLM146224,0,"FRLM-3/8""(25Micron,10bar)",,,,,,,,,
FRLM146224/W,0,"FRLM-3/8""(25Micron,10bar)with Wall mounting bracke",,,,,,,,,
FRLM146232,0,"FRLM-3/8""(40Micron,4bar)",,,,,,,,,
FRLM146233,0,"FRLM-3/8""(40Micron,7bar)",,,,,,,,,
FRLM146233/W,0,"FRLM-38"" (40Micron,7bar) with Wall Mouting Bracket",,,,,,,,,
FRLM146234,0,"FRLM-3/8""(40Micron,10bar)",,,,,,,,,
FRLM146234/S,0,"FRLM-3/8""(40Micron,10bar)with Spacer",,,,,,,,,
FRLM146234/W,0,"FRLM-3/8(40Micron,10bar)with Wall mounting bracke",,,,,,,,,
FRLM146242,0,"FRLM-3/8""(50Micron,4bar)",,,,,,,,,
FRLM146243,0,"FRLM-3/8""(50Micron,7bar)",,,,,,,,,
FRLM146244,0,"FRLM-3/8""(50Micron,10bar)",,,,,,,,,
FRLM146244/W,0,"FRLM-3/8""(50Micron,10bar)with Wall mounting bracke",,,,,,,,,
FRLM156314,0,"FRLM-1/2""(5Micron,10bar)",,,,,,,,,
FRLM156314/W,0,"FRLM-1/2""(5Micron,10bar)with Wall mounting bracket",,,,,,,,,
FRLM156314-A,0,"FRLM-1/2"" (5Micron,10bar) with Internal Auto drain",,,,,,,,,
FRLM156323,0,"FRLM-1/2""(25Micron,7bar)",,,,,,,,,
FRLM156324,0,"FRLM-1/2""(25Micron,10bar)",,,,,,,,,
FRLM156324/W,0,"FRLM-1/2 (25Micron,10bar)with Wall mounting bracke",,,,,,,,,
FRLM156324-A,0,"FRLM-1/2"" (25Micron,10bar) with Internal Auto drain",,,,,,,,,
FRLM156333/W,0,"FRLM-1/2 (40Micron,7bar)with Wall mounting bracket",,,,,,,,,
FRLM156334,0,"FRLM-1/2 (40Micron,10bar)",,,,,,,,,
FRLM156334/S,0,"FRLM-1/2 (40Micron,10bar)with Spacer",,,,,,,,,
FRLM156334/W,0,"FRLM-1/2 (40Micron,10bar)with Wall mounting bracke",,,,,,,,,
FRLM156334-A,0,"FRLM-1/2 (40Micron,10bar)with Internal Auto drain",,,,,,,,,
FRLM156344,0,"FRLM-1/2 (50Micron,10bar)",,,,,,,,,
FRLM156344/W,0,"FRLM-1/2 (50Micron,10bar)with Wall mounting bracke",,,,,,,,,
FRLM156354,0,"FRLM-1/2 (100Micron,10bar)",,,,,,,,,
FRLM176414,0,"FRLM-3/4 (5Micron,10bar)",,,,,,,,,
FRLM176414/W,0,"FRLM-3/4 (5Micron,10 bar)with Wall mounting bracket",,,,,,,,,
FRLM176424,0,"FRLM-3/4 (25Micron,10 bar)",,,,,,,,,
FRLM176434,0,"FRLM-3/4 (40Micron,10bar)",,,,,,,,,
FRLM176434/S,0,"FRLM-3/4 (40Micron,10 bar)with Spacer",,,,,,,,,
FRLM176434/W,0,"FRLM-3/4 (40Micron,10bar)with Wall mounting bracket",,,,,,,,,
FRLM176434-MM,0,"FRLM-3/4 (40Micron,10bar)Metal bowl,M.drain",,,,,,,,,
FRLM176514,0,"FRLM-1 (5Micron,10bar)",,,,,,,,,
FRLM176524,0,"FRLM-1 (25Micron,10 bar)",,,,,,,,,
FRLM176524/W,0,"FRLM-1 (25Micron,10bar)with Wall mounting bracket",,,,,,,,,
FRLM176534,0,"FRLM-1 (40Micron,10bar)",,,,,,,,,
FRLM176534/S,0,"FRLM-1 (40Micron,10 bar)with Spacer",,,,,,,,,
FRLM176534/W,0,"FRLM-1 (40Micron,10bar)with Wall mounting bracket",,,,,,,,,
FRLM176554/W,0,"FRLM-1 (100Micron,10 bar)with Wall mounting bracket",,,,,,,,,
FRLM179534,0,"FRLM-1 NPT(40Micron,10bar)",,,,,,,,,
FS13612,0,Mist Separator-1/4 (0.01Micron),,,,,,,,,
FS13613,0,Mist Separator-1/4 (0.10Micron),,,,,,,,,
FS14622,0,Mist Separator-3/8 (0.01Micron),,,,,,,,,
FS15632,0,Mist Separator-1/2 (0.01Micron),,,,,,,,,
FS15632-A,0,Mist Separator -1/2 (0.01Micron) Int. auto drain,,,,,,,,,
FS15633,0,Mist Separator-1/2 (0.1Micron),,,,,,,,,
FS15633-A,0,Mist Separator -1/2 (0.1Micron) Int. auto drain,,,,,,,,,
GA0160,0,And valve G1/8,,,,,,,,,
GA0161,0,And valve G1/4,,,,,,,,,
GA0170,0,And valve M5,,,,,,,,,
GB0160,0,OR valve G1/8,,,,,,,,,
GB0161,0,OR valve G1/4,,,,,,,,,
GB0170,0,OR valve M5,,,,,,,,,
GQ0150,0,Quick Exhaust valve - G1/8 (Silencer type),,,,,,,,,
GQ0151,0,Quick Exhaust valve - G1/4 (Silencer type),,,,,,,,,
GQ0152,0,Quick Exhaust valve - G3/8 (Silencer type),,,,,,,,,
GQ0153,0,Quick Exhaust valve - G1/2 (Silencer type),,,,,,,,,
GQ0170,0,Quick Exhaust valve - M5 (Silencer type),,,,,,,,,
GQ0250,0,Quick Exhaust valve - G1/8 (Plug type),,,,,,,,,
GQ0251,0,Quick Exhaust valve - G1/4 (Plug type),,,,,,,,,
GQ0252,0,Quick Exhaust valve - G3/8 (Plug type),,,,,,,,,
GQ0253,1273.75,Quick Exhaust valve - G1/2 (Plug type),,,,,,,,1019,1.25
GQ0270,0,Quick Exhaust valve - M5 (Plug type),,,,,,,,,
GR0110404,0,Flow control valve (Straight) Dia 4,,,,,,,,,
GR0110606,0,Flow control valve (Straight) Dia 6,,,,,,,,,
GR0111010,0,Flow control valve (Straight) Dia 10,,,,,,,,,
GR0111212,0,Flow control valve (Straight) Dia 12,,,,,,,,,
GR1105004,0,FLOW CONTROL VALVE 1/8 X DIA 4,,,,,,,,,
GR1105006,0,FLOW CONTROL VALVE 1/8 X DIA 6,,,,,,,,,
GR1105008,0,FLOW CONTROL VALVE 1/8 X DIA 8,,,,,,,,,
GR1105106,0,FLOW CONTROL VALVE 1/4 x DIA6,,,,,,,,,
GR1105108,0,FLOW CONTROL VALVE 1/4 X DIA 8,,,,,,,,,
GR1105110,0,FLOW CONTROL VALVE 1/4 X DIA 10,,,,,,,,,
GR1105208,0,FLOW CONTROL VALVE 3/8 X DIA 8,,,,,,,,,
GR1105210,0,FLOW CONTROL VALVE 3/8 X DIA 10,,,,,,,,,
GR1105212,0,FLOW CONTROL VALVE 3/8 X DIA 12,,,,,,,,,
GR1105308,0,FLOW CONTROL VALVE 1/2 X DIA 8,,,,,,,,,
GR1105310,0,FLOW CONTROL VALVE 1/2 X DIA 10,,,,,,,,,
GR1105312,0,FLOW CONTROL VALVE 1/2 X DIA 12,,,,,,,,,
GR1107004,0,FLOW CONTROL VALVE M5 X DIA 4,,,,,,,,,
GR1107006,0,FLOW CONTROL VALVE M5 X DIA 6,,,,,,,,,
GR1136060,0,"1/8""-Flow control valve (Supply control)",,,,,,,,,
GR1136161,0,"1/4""-Flow control valve (Supply control)",,,,,,,,,
GR1136262,0,"3/8""-Flow control valve (Supply control)",,,,,,,,,
GR1136363,0,"1/2""-Flow control valve (Supply control)",,,,,,,,,
GR5105004,0,FLOW CONTROL VALVE 1/8 X DIA 4,,,,,,,,,
GR5105006,0,Flow control valve 1/8 x Dia 6,,,,,,,,,
GR5105008,0,FLOW CONTROL VALVE 1/8 X DIA 8,,,,,,,,,1.25
GR5105110,0,FLOW CONTROL VALVE 1/4 X DIA 10,,,,,,,,,
GR5105210,0,FLOW CONTROL VALVE 3/8 X DIA 10,,,,,,,,,
GR5105212,0,FLOW CONTROL VALVE 3/8 X DIA 12,,,,,,,,,
GR5105310,0,FLOW CONTROL VALVE 1/2 X DIA 10,,,,,,,,,
GR5105312,0,FLOW CONTROL VALVE 1/2 X DIA 12,,,,,,,,,
GR5107004,0,FLOW CONTROL VALVE M5 X DIA 4,,,,,,,,,
GR5136262,0,"3/8""-Flow control valve (Exhaust control)",,,,,,,,,
GR5136363,0,"1/2""-Flow control valve (Exhaust control)",,,,,,,,,
GR5136464,0,"3/4""-Flow control valve (Exhaust control)",,,,,,,,,1.25
GR5136464,0,"3/4""-Flow control valve (Exhaust control)",,,,,,,,,1.25
GS150,0,INLINE SLIDE VALVE- R1/8,,,,,,,,,1.25
GS151,0,INLINE SLIDE VALVE 1/4,,,,,,,,,
GS152,0,INLINE SLIDE VALVE 3/8,,,,,,,,,
GS153,0,INLINE SLIDE VALVE 1/2,,,,,,,,,1.25
GS154,0,INLINE SLIDE VALVE- R3/4,,,,,,,,,
GS170,0,INLINE SLIDE VALVE- M5(EXT),,,,,,,,,
GS245L61,0,Shut off valve - 3/2 NC G1/4 (Lockable),,,,,,,,,
GS246L62,0,"Shut off valve - 3/2 NC , G3/8 (Lockable)",,,,,,,,,
GS247H63,0,"Shut Off Valve-3/2NC,G1/2",,,,,,,,,
GS247L63,0,"Shut Off Valve-3/2NC,G1/2 (Lockable)",,,,,,,,,
GS3205K60,0,Ball valve-1/8 (Knob type),,,,,,,,,
GS3208H61,0,Ball valve-1/4 (Handle type),,,,,,,,,
GS3208K61,0,Ball valve-1/4 (Knob type),,,,,,,,,
GS3209H62,0,Ball valve-3/8 (Handle type),,,,,,,,,
GS3209K62,0,Ball valve-3/8 (Knob type),,,,,,,,,
GS3210K63,0,Ball valve-1/2 (Knob type),,,,,,,,,
GS3211H64,0,Ball valve-3/4 (Handle type),,,,,,,,,
GS3212H65,0,"Ball valve-1""(Handle type)",,,,,,,,,
GS3213H66,0,"Ball valve-11/4""(Handle type)",,,,,,,,,
GS3214H67,0,"Ball valve-11/2""(Handle type)",,,,,,,,,
GS3215H68,0,"Ball valve-2""(Handle type)",,,,,,,,,
GT10170,0,Timer .2 to 3 sec,,,,,,,,,1.25
GU1050300-A,0,Giude unit 50x300,,,,,,,,,1.25
GV160,0,"NON RETURN VALVE 1/8""",,,,,,,,,
GV162,0,"NON RETURN VALVE 3/8""",,,,,,,,,
GV163,786.25,"NON RETURN VALVE 1/2""",,,,,,,,629,1.25
GV191,0,Non return valve 1/4 NPT,,,,,,,,,
GV210450,0,"Pilot Operated NRV (Dia4,R1/8)",,,,,,,,,
GV21060651/NS,0,"PILOT OPERATED NRV (R1/4, Dia6 / Dia6)",,,,,,,,,
GV210650,0,"Pilot Operated NRV (Dia6,R1/8)",,,,,,,,,
GV210651,0,"Pilot Operated NRV (Dia6,R1/4)",,,,,,,,,
GV21080851/NS,0,"PILOT OPERATED NRV (R1/4, Dia8 / Dia8)",,,,,,,,,
GV210851,0,"Pilot Operated NRV (Dia8,R1/4)",,,,,,,,,
GV210852,0,"Pilot Operated NRV (Dia8,R3/8)",,,,,,,,,
GV211051,0,"Pilot Operated NRV (Dia10,R1/4)",,,,,,,,,
GV211052,0,"Pilot Operated NRV (Dia10,R3/8)",,,,,,,,,
GV211253,0,"Pilot Operated NRV (Dia12,R1/2)",,,,,,,,,
GV216151,0,"Pilot Operated NRV (G1/4,R1/4)",,,,,,,,,
GV216252,0,"Pilot Operated NRV (G3/8,R3/8)",,,,,,,,,
GV216353,0,"Pilot Operated NRV (G1/2,R1/2)",,,,,,,,,
JAS4-5.6-6M,0,Automation studio 5.6(6 user license)-Master,,,,,,,,,
JAS4-5.7-1M,0,Automation studio 5.7(1 user license)-Master,,,,,,,,,
JASP2.0,0,Animation software for pneumatics,,,,,,,,,
JASP3.0,0,Janatics Animation softwarefor pneumatics,,,,,,,,,
JPS204,0,Pneumatic control panel for Textile machine,,,,,,,,,
JPS205,0,Pneumatic control panel for Textile machine-6 Valves,,,,,,,,,
JPS209,0,Pneumatic control cabinet,,,,,,,,,
JPS239,0,Trainer kit side frame and service unit,,,,,,,,,
JPS264,0,Pneumatic control cabinet,,,,,,,,,
JPS371,0,Pneumatic Panel for Textile,,,,,,,,,
JTK10,0,Basic pneumatic trainer kit,,,,,,,,,
JTK11,0,Electropneumatic trainer kit,,,,,,,,,
JTK12,0,Electropneumatic trainer kit with PLC,,,,,,,,,
JTK1CS,0,Cut section of pneumatic products,,,,,,,,,
JTK7,0,Basic Pneumatic trainer kit,,,,,,,,,
JTK8,0,Electro Pneumatic trainer kit,,,,,,,,,
JTK9-2,0,Electro Pneumatic trainer kit with PLC (with S7200 PLC),,,,,,,,,
JTKCS,0,Cut section of pneumatic products,,,,,,,,,
JTK-D,0,Draw Unit(RAL7035)(700Hx600Wx600Dmm),,,,,,,,,
JTK-MS,0,Magnetic symbols,,,,,,,,,
JTK-PTD,0,Draw unit with caster wheel and lock,,,,,,,,,
JTK-PTHACC,0,Horizonal profile table mounting and accessories,,,,,,,,,
JTK-PTVACC,0,Workstation with castor wheel and lock (without Profile table top),,,,,,,,,
JTK-SMPS,0,Switch mode power supply (220V AC to 24V DC),,,,,,,,,
JTKWPA1,0,Pneumatic illustrative wall posters,,,,,,,,,
KA0,0,Connector-PG9 cable (32mm),,,,,,,,,
KA0T0R0,0,Connector-24V AC/DC-w/o Pr.ckt.-Red LED-PG9(32mm),,,,,,,,,
KA0T0R1,0,Connector-24V AC/DC-w/o Pr.ckt.-Red LED-Moulded cable (32mm),,,,,,,,,
KA0T1R0,0,Connector-24V AC/DC Pr.ckt.-Red LED-PG9 cable (32mm),,,,,,,,,
KA0T1R1,0,Connector-24V AC/DC-Pr.ckt.-Red LED-Moulded cable (32mm),,,,,,,,,
KA1,0,Connector-Moulded cable (32mm),,,,,,,,,
KA1T0R0,0,Connector-220V AC-w/o Pr.ckt.-Red LED-PG9 cable (32mm),,,,,,,,,
KA1T0R1,0,Connector-220V AC-w/o Pr.ckt.-Red LED-Moulded cable (32mm),,,,,,,,,
KA1T1R0,0,Connector-220V AC-Pr.ckt.-Red LED-PG9 cable (32mm),,,,,,,,,
KA1T1R1,0,Connector-220V AC-Pr.ckt.-Red LED-Moulded cable (32mm),,,,,,,,,
KA2T1R0,0,Connector-110V AC-Pr.ckt.-Red LED-PG9(32mm),,,,,,,,,
KB0,0,Connector-PG9 cable (22mm),,,,,,,,,
KB0T0R0,0,Connector-24V AC/DC-w/oPr.ckt.-Red LED-PG9 (22mm),,,,,,,,,
KB0T0R1,0,Connector-24V AC/DC-w/oPr.ckt.-Red LED-M (22mm),,,,,,,,,
KB0T1R0,0,Connector-24V AC/DC-Pr.ckt.-Red LED-PG9 (22mm),,,,,,,,,
KB0T1R1,0,Connector-24V AC/DC-Pr.ckt.-Red LED-M (22mm),,,,,,,,,
KB1,0,Connector-Moulded cable (22mm),,,,,,,,,
KB1T0R0,0,Connector-220V AC-w/oPr.ckt.-Red LED-PG9 (22mm),,,,,,,,,
KB1T0R1,0,Connector-220V AC-w/oPr.ckt.-Red LED-M (22mm),,,,,,,,,
KB1T1R0,0,Connector-220V AC-Pr.ckt.-Red LED-PG9 (22mm),,,,,,,,,
KB1T1R1,0,Connector-220V AC-Pr.ckt.-Red LED-M (22mm),,,,,,,,,
KB2T0R0,0,Connector-110V AC-w/o Pr.ckt.-Red LED-PG9(22mm),,,,,,,,,
KB2T1R0,0,Connector-110V AC-Pr.ckt.-Red LED-PG9(22mm),,,,,,,,,
KC0,0,Connector-PG7 cable (17mm),,,,,,,,,
KC0T0R0,0,Connector-24V AC/DC-w/oPr.ckt.-Red LED-PG7 (17mm),,,,,,,,,
KC0T0R1,0,Connector-24V AC/DC-w/oPr.ckt.-Red LED-M (17mm),,,,,,,,,
KC0T1R0,0,Connector-24V AC/DC-Pr.ckt.-Red LED-PG7 (17mm),,,,,,,,,
KC0T1R1,0,Connector-24V AC/DC-Pr.ckt.-Red LED-M (17mm),,,,,,,,,
KC1,0,Connector-Moulded cable (17mm),,,,,,,,,
KC1T0R0,0,Connector-220V AC/DC-w/oPr.ckt.-Red LED-PG7 (17mm),,,,,,,,,
KC1T0R1,0,Connector-220V AC-w/oPr.ckt.-Red LED-M (17mm),,,,,,,,,
KC1T1R0,0,Connector-220V AC-Pr.ckt.-Red LED-PG7 (17mm),,,,,,,,,
KC1T1R1,0,Connector-220V AC-Pr.ckt.-Red LED-M (17mm),,,,,,,,,
L1361,0,Lubricator-1/4,,,,,,,,,
L1361-M,0,"Lubricator-1/4"" Metalbowl",,,,,,,,,
L1462,0,Lubricator-3/8,,,,,,,,,
L1462-M,0,"Lubricator-3/8"" Metalbowl",,,,,,,,,
L1563,0,Lubricator-1/2,,,,,,,,,
L1563-M,0,"Lubricator-1/2""Metal bowl",,,,,,,,,
L1764,0,"Lubricator-3/4""",,,,,,,,,
L1764-M,0,"Lubricator-3/4""Metal bowl",,,,,,,,,
L1765,0,Lubricator-1,,,,,,,,,
L1765-M,0,"Lubricator-1""Metal bowl",,,,,,,,,
L1794,0,Lubricator-3/4 NPT,,,,,,,,,
LA0000,0,REAR END COVER ASSY A12032,,,,,,,,,
LA0001,0,PISTON ASSY A12032,,,,,,,,,
LA0002,0,FRONT END COVER ASSY A12032,,,,,,,,,
LA0004,0,REAR END COVER ASSY A12040,,,,,,,,,
LA0005,0,PISTON ASSY A12040,,,,,,,,,
LA0006,0,FRONT END COVER ASSY A12040,,,,,,,,,
LA00070100,0,Tie rod assy,,,,,,,,,
LA0008,0,REAR END COVER ASSY A12050,,,,,,,,,
LA0009,0,PISTON ASSY A12050,,,,,,,,,
LA0010,0,FRONT END COVER ASSY A12050,,,,,,,,,
LA0012,0,REAR END COVER ASSY A12063,,,,,,,,,
LA0013,0,PISTON ASSY,,,,,,,,,
LA0014,0,FRONT END COVER ASSY (DIA 63),,,,,,,,,
LA0016,0,REAR END COVER ASSY A12080,,,,,,,,,
LA0017,0,PISTON ASSY A12080,,,,,,,,,
LA0018,0,FRONT END COVER ASSY DIA 80,,,,,,,,,
LA0020,0,REAR END COVER ASSY A12100,,,,,,,,,
LA0021,0,PISTON ASSY A12100,,,,,,,,,
LA0022,0,FRONT END COVER ASSY (DIA 100),,,,,,,,,
LA0032,0,PISTON ASSY (DIA 32),,,,,,,,,
LA0034,0,PISTON ASSY A13050,,,,,,,,,
LA0035,0,Piston assy A13063,,,,,,,,,
LA0037,0,PISTON ASSY,,,,,,,,,
LA0054,0,FRONT END COVER ASSY (DIA 160),,,,,,,,,
LA0057,0,Front end cover assy (DIA 125),,,,,,,,,
LA0072,0,PISTON ASSY,,,,,,,,,
LA0073,0,REAR END COVER ASSY (A23050),,,,,,,,,
LA0074,0,FRONT END COVER ASSY,,,,,,,,,
LA0075,0,PISTON ASSY,,,,,,,,,
LA0076,0,REAR END COVER ASSY,,,,,,,,,
LA0077,0,FRONT END COVER ASSY,,,,,,,,,
LA0094,0,REAR END COVER ASSY,,,,,,,,,
LA0095,0,FRONT END COVER ASSY,,,,,,,,,
LA0097,0,REAR END COVER ASSY,,,,,,,,,
LA0098,0,Front end cover assy (A24032),,,,,,,,,
LA0099,0,PISTON ASSY,,,,,,,,,
LA0100,0,REAR END COVER ASSY,,,,,,,,,
LA0101,0,FRONT END COVER ASSY,,,,,,,,,
LA0102,0,PISTON ASSY,,,,,,,,,
LA0103,0,REAR END COVER ASSY (A23080),,,,,,,,,
LA0104,0,FRONT END COVER ASSY (A23080),,,,,,,,,
LA0105,0,PISTON ASSY,,,,,,,,,
LA0107,0,FRONT END COVER ASSY,,,,,,,,,
LA0123,0,FRONT END COVER ASSY,,,,,,,,,
LA0124,0,FRONT END COVER ASSY (Dia 50),,,,,,,,,
LA0129,0,Rear end cover assy (Dia 40),,,,,,,,,
LA01470080,0,Piston & Piston rod assy (A12032080),,,,,,,,,
LA01490080,0,Piston & Piston rod assy (A12080080),,,,,,,,,
LA01490100,0,Piston & piston rod assy (A12080100),,,,,,,,,
LA01490150,0,Piston & Piston rod assy (A12080150),,,,,,,,,
LA01500100,0,Piston & Piston rod assy (A12100100),,,,,,,,,
LA01500150,0,Piston & piston rod assy (A12100150),,,,,,,,,
LA01500160,0,Piston & Piston rod assy (A12100160),,,,,,,,,
LA01500750,0,Piston & Piston rod assy,,,,,,,,,
LA0169,0,REAR END COVER ASSY (C5058),,,,,,,,,
LA0170,0,FRONT END COVER ASSY (C5059),,,,,,,,,
LA02060050,0,Piston & Piston rod assy,,,,,,,,,
LA02060080,0,Piston & Piston rod assy (Dia 40 x 80) (A12),,,,,,,,,
LA02060125,0,Piston & Piston ros assy (Dia 40 x 125) (A12),,,,,,,,,
LA02060160,0,Piston & piston rod assy (A12040160),,,,,,,,,
LA0209,0,Rod end fork (M12 x 1.75),,,,,,,,,
LA0237,0,WALL MOUNTING BRACKET ASSY (DIA 100),,,,,,,,,
LA02630050,0,Piston & Piston rod assy,,,,,,,,,
LA02630250,0,Piston & Piston rod assy,,,,,,,,,
LA02631000,0,Piston & Piston rod assy,,,,,,,,,
LA0274,0,FORK CLIP ASSY (AF016),,,,,,,,,
LA0277,0,Piston assy (A16125),,,,,,,,,
LA0278,0,Piston assy (A16160),,,,,,,,,
LA0280,0,Rear end cover assy (A16125),,,,,,,,,
LA0283,0,Front end cover assy (A16125),,,,,,,,,
LA0284,0,Front end cover assy,,,,,,,,,
LA0285,0,Front end cover assy (A16200),,,,,,,,,
LA0289,0,Fork assy (C5356),,,,,,,,,
LA02990100,0,Piston & Piston rod assy,,,,,,,,,
LA02990400,0,Piston & Piston rod assy,,,,,,,,,
LA0307,0,Piston assy (A16160-H),,,,,,,,,
LA0325,0,Front end cover assy (A16160-H),,,,,,,,,
LA0327,0,Fork clip & Pin assy (AF010),,,,,,,,,
LA03280160,0,Piston & piston rod assy (A12032160),,,,,,,,,
LA03280225,0,Piston & Piston rod assy (A12032225),,,,,,,,,
LA03280300,0,Piston & piston rod assy (A12032300),,,,,,,,,
LA0330,0,Piston assy (A17160),,,,,,,,,
LA0340,0,Rear end cover assy,,,,,,,,,
LA0341,0,Front end cover assy,,,,,,,,,
LA0342,0,Trunnion Assy (C5399),,,,,,,,,
LA0344,0,Piston & Piston rod assy (C5244),,,,,,,,,
LA0350,0,Fork clip & pin assy (AF012),,,,,,,,,
LA03590100,0,Piston & Piston rod assy (A16125100),,,,,,,,,
LA03590125,0,Piston & Piston rod assy (A16125125),,,,,,,,,
LA03590250,0,Piston & Piston rod assy (A16125250),,,,,,,,,
LA03590300,0,Piston & Piston rod assy (A16125300),,,,,,,,,
LA03590500,0,Piston & Piston rod assy (A16125500),,,,,,,,,
LA03590650,0,Piston & Piston rod assy (A16125650),,,,,,,,,
LA03610050,0,Piston & Piston rod assy (A12063050),,,,,,,,,
LA03610100,0,Piston & Piston rod assy (A12063100),,,,,,,,,
LA03610125,0,Piston & Piston rod assy (A12063125),,,,,,,,,
LA03611200,0,Piston & Piston rod assy (A120631200),,,,,,,,,
LA03640050,0,Piston & Piston rod assy,,,,,,,,,
LA03640100,0,Piston & Piston rod assy,,,,,,,,,
LA03640125,0,Piston & Piston rod assy,,,,,,,,,
LA03650075,0,Piston & Piston rod assy,,,,,,,,,
LA03660375,0,Piston & Piston rod assy (A16160375),,,,,,,,,
LA03660450,0,Piston & Piston rod assy,,,,,,,,,
LA03670100,0,Piston & piston rod assy,,,,,,,,,
LA03670350,0,Piston & Piston rod assy,,,,,,,,,
LA03670600,0,Piston & Piston rod assy,,,,,,,,,
LA03671100,0,Piston & piston rod assy,,,,,,,,,
LA03970250,0,Piston & Piston rod assy (A63040250-M),,,,,,,,,
LA04110500,0,Piston & Piston rod assy,,,,,,,,,
LA04120050,0,Piston & Piston rod assy (A13032050),,,,,,,,,
LA04120100,0,Piston & Piston rod assy (A13032100),,,,,,,,,
LA04120200,0,Piston & Piston rod assy,,,,,,,,,
LA04120300,0,Piston & Piston rod assy (A13032300),,,,,,,,,
LA04130050,0,Piston & Piston rod assy (A10040050),,,,,,,,,
LA04220080,0,Piston & Piston rod assy (A13080080),,,,,,,,,
LA0436,0,Fork clip & pin assy (AF012) (Dia 40),,,,,,,,,
LA04380080,0,Piston & Piston rod assy (A17125080-S),,,,,,,,,
LA0441,0,"Fork clip & pin assy AF020 (Dia 80,100)",,,,,,,,,
LA0443,0,Dia 80 Trunnion assy,,,,,,,,,
LA04460400,0,Piston & Piston rod assy (A16200400),,,,,,,,,
LA04460500,0,Piston & Piston rod assy,,,,,,,,,
LA0448,0,Seal kit (A03100),,,,,,,,,
LA0451,0,Rear end cover assy (A24125),,,,,,,,,
LA0452,0,Front end cover assy,,,,,,,,,
LA04560100,0,Piston & Piston rod assy (A11050100),,,,,,,,,
LA04700300,0,Piston & Piston rod assy (A13100300),,,,,,,,,
LA0473,0,Needle assy (A12050),,,,,,,,,
LA0474,0,Cushion needle valve assy,,,,,,,,,
LA04760080,0,Piston & Piston rod assy (A12050080),,,,,,,,,
LA04760100,0,Piston & Piston rod assy (A12050100),,,,,,,,,
LA04760125,0,Piston & Piston rod assy (A12050125),,,,,,,,,
LA04760160,0,Piston & Piston rod assy,,,,,,,,,
LA04770125,0,Piston & Piston rod assy,,,,,,,,,
LA04770160,0,Piston & Piston rod assy,,,,,,,,,
LA04770400,0,Piston & Piston rod assy,,,,,,,,,
LA04870080,0,Piston & Piston rod assy,,,,,,,,,
LA04870200,0,Piston & Piston rod assy,,,,,,,,,
LA04870400,0,Piston & Piston rod assy,,,,,,,,,
LA04880100,0,Piston & Piston rod assy,,,,,,,,,
LA04880160,0,Piston & Piston rod assy,,,,,,,,,
LA04880300,0,Piston & Piston rod assy,,,,,,,,,
LA04890200,0,Piston & Piston rod assy,,,,,,,,,
LA04890450,0,Piston & Piston rod assy,,,,,,,,,
LA04891200,0,Piston & Piston rod assy,,,,,,,,,
LA04911200,0,Piston & Piston rod  assy,,,,,,,,,
LA04920100,0,Piston & Piston rod assy,,,,,,,,,
LA04920125,0,Piston & Piston rod assy,,,,,,,,,
LA04920150,0,Piston & Piston rod assy,,,,,,,,,
LA05060200,0,Piston & Piston rod assy,,,,,,,,,
LA05060400,0,Piston & Piston rod assy,,,,,,,,,
LA05110600,0,Piston & Piston rod assy,,,,,,,,,
LA05130040,0,Piston & piston rod assy,,,,,,,,,
LA05210400,0,Piston & Piston rod assy,,,,,,,,,
LA0525,0,Rod end fork with Lock nut,,,,,,,,,
LA0528,0,End cover assy,,,,,,,,,
LA0544,0,Tie rod & Endcover bolt assy (A28040100O),,,,,,,,,
LA0545,0,Tie rod & Endcover bolt assy (A28040050O),,,,,,,,,
LA0570,0,Rear end cover assy (A33063),,,,,,,,,
LA05970200,0,Piston & Piston rod assy,,,,,,,,,
LA2000,0,"BOWL ASSY F1/4""",,,,,,,,,
LA2001,0,"BOWL ASSY F3/8""",,,,,,,,,
LA2002,0,"Bowl assy-1/2"",3/4"",1""F",,,,,,,,,
LA2005,0,"GLAND ASSY Autodrain-1/2f,frc",,,,,,,,,
LA2008,0,"BOWL AND BOWLGUARD ASSY-1/2""F",,,,,,,,,
LA2009,0,Bowl guard assy(1/2F),,,,,,,,,
LA2012,0,Bowl guard assy(3/8F),,,,,,,,,
LA2013,0,"Bowl And Bowl Guard Assy-3/8""F,FRC",,,,,,,,,
LA2014,0,"Bowl And Bowl Guard Assy-1/4""F,FRC",,,,,,,,,
LA2044,0,"Bowl ,Bowl Guard and Auto drain assy-1/2,3/4,1 F,FRC",,,,,,,,,
LA2200,0,ADJUSTING SCREW ASSY REGULATOR,,,,,,,,,
LA2201,0,ADJUSTING SCREW ASSY REGULATOR,,,,,,,,,
LA2202,0,ADJUSTING SCREW ASSY Regulator,,,,,,,,,
LA2203,0,"PORT PLUG ASSY 1/4,3/8,1/2R",,,,,,,,,
LA2214,0,"Bottom Plug Assy-1/2""R",,,,,,,,,
LA2223,0,Housing assy -1/2 R,,,,,,,,,
LA2400,0,"CONNECTOR ASSY 1/4""",,,,,,,,,
LA2402,0,"SIGHT DOME ASSY 1/4,3/8,1/2""",,,,,,,,,
LA2403,0,"DEFLECTOR RETAINER ASSEMBLY 3/8""",,,,,,,,,
LA2404,0,"DEFLECTOR RETAINER ASSEMBLY 1/2""L",,,,,,,,,
LA2405,0,"OIL FILLING PLUG ASSY 1/4""L",,,,,,,,,
LA2406,0,OIL FILLING PLUG ASSY 3/8 L,,,,,,,,,
LA2407,0,"OIL FILLING PLUG ASSY 1/2""L",,,,,,,,,
LA2411,0,"Bowl and bowlguard assy-1/2""L",,,,,,,,,
LA2412,0,"Bowl guard assy-(1/2""L)",,,,,,,,,
LA2413,0,"BOWL GUARD ASSY-3/8""L",,,,,,,,,
LA2414,0,"BOWL AND BOWL GUARD ASSY-3/8""L",,,,,,,,,
LA2600,0,Spring seat with stud-1/4FRC,,,,,,,,,
LA2601,0,Spring seat with stud-3/8FRC,,,,,,,,,
LA2602,0,Spring seat with stud-1/2FRC,,,,,,,,,
LA2610,0,Spring seat with stud-1/2(FRC1563-A),,,,,,,,,
LA2611,0,Spring seat with stud-1FRC,,,,,,,,,
LA2801,0,Piping adaptor assy-G3/4,,,,,,,,,
LA2803,0,Bracket assy(W.M.B&P.A)-1/4,,,,,,,,,
LA2804,0,Bracket assy(W.M.B&P.A)-3/8,,,,,,,,,
LA2805,0,Bracket assy(W.M.B&P.A)-1/2,,,,,,,,,
LA2812,0,"Bracket and screw-3/8""",,,,,,,,,
LA2814,0,BRACKET ASSY(W.M.B&P.A)-3/4,,,,,,,,,
LA3027,0,"Coil with Connector (220V AC, 22mm)",,,,,,,,,
LA3029,0,Manifold (4 Valves),,,,,,,,,
LA3030,0,Manifold (6 Valves),,,,,,,,,
LA3033,0,Coil assy,,,,,,,,,
LA3034,0,Coil assy,,,,,,,,,
LA3035,0,Manifold (3 Valves) (32mm),,,,,,,,,
LA3040,0,"Nut, washer",,,,,,,,,
LA4018,0,ROLLER LEVER ASSY-5/2,,,,,,,,,
LA4019,0,ROLLER LEVER ASSY-3/2,,,,,,,,,
LA4026,0,End cover assy,,,,,,,,,
LA4029,0,"STUD ASSY(DS,DS2)",,,,,,,,,
LA4030,0,End cover assy,,,,,,,,,
LA4056,0,Hand Lever Assy-5/2(Poppet type),,,,,,,,,
LA4109,0,Switch assy (Symmetric head-Black),,,,,,,,,
LA4110,0,Switch assy (Lever head-Black),,,,,,,,,
LA4111,0,Switch assy (Flush head-Red),,,,,,,,,
LA4112,0,Switch assy (Flush head-Green),,,,,,,,,
LA4113,0,Switch assy (Mushroom head push function-Red),,,,,,,,,
LA4114,0,Switch assy (Mushroom head push turn-Red),,,,,,,,,
LA4116,0,Switch assy (Mushroom head with Lock & key-Red),,,,,,,,,
LA4118,0,LOCKING PLATE ASSY,,,,,,,,,
LA4127,0,Roller Lever Assy,,,,,,,,,
LA4129,0,Switch assy (Tip head-Black),,,,,,,,,
LA4131,0,Lock Housing Assy,,,,,,,,,
LA4137,0,"Stud assy (1/8"")",,,,,,,,,
LA4138,0,Bottom plug & O ring assy (NO),,,,,,,,,
LA4172,0,Plate with screws,,,,,,,,,
LA7017,0,NOZZLE & TUBE ASSY - G1/4,,,,,,,,,
LA7026,0,Collet assy kit(WP2300808),,,,,,,,,
LA7034,0,Nipple assy (R1/4x(M16x1.5)),,,,,,,,,
LA7038,0,Collet assy Kit(M)-Dia6,,,,,,,,,
LA7039,0,Nipple assy (G1/4 x M18x1.5),,,,,,,,,
LCD08,0,FITTINGS FOR CARDING C1/3,,,,,,,,,
LDF04,0,FITTINGS FOR DRAWING DO6,,,,,,,,,
LRF06,0,FITTNGS FOR RING FRAME G5/1 (W.O.D),,,,,,,,,
LRF06D,0,FITTINGS FOR RING FRAME G5/1 (W.D),,,,,,,,,
LRL03,0,FITTINGS FOR RIBBON LAP,,,,,,,,,
LSF02,0,FITTINGS FOR SPEED FRAME LF1400A (W,,,,,,,,,
LSF02D,0,FITTINGS FOR SPEED FRAME LF1400A,,,,,,,,,
LSL02,0,FITTINGS FOR SLIVER LAP,,,,,,,,,
M00,0,,,,,,,,,,
M0030102,0,"Manifold (2 Valves) DS2-1/8"",5/2,5/3",,,,,,,,,
M0030103,0,"Manifold (3 Valves) DS2-1/8"",5/2,5/3",,,,,,,,,
M0030105,0,"Manifold (5 Valves) DS2-1/8"",5/2,5/3",,,,,,,,,
M0030108,0,"Manifold (8 Valves) DS2-1/8"",5/2,5/3",,,,,,,,,
M0030109,0,"Manifold (9 Valves) DS2-1/8"",5/2,5/3",,,,,,,,,
M0030110,0,"Manifold (10 Valves) DS2-1/8"",5/2,5/3",,,,,,,,,
M0030202,0,"Manifold (2 Valves) DS2-1/4"",5/2",,,,,,,,,
M0030203,0,"Manifold (3 Valves) (DS2-1/4""-5/2 ,5/3)",,,,,,,,,
M0030204,0,"Manifold (4 Valves) DS2-1/4"",5/2",,,,,,,,,1.25
M0030205,0,"Manifold (5 Valves) DS2-1/4"",5/2",,,,,,,,,
M0030210,0,"Manifold (10 Valves) DS2-1/4"",5/2",,,,,,,,,
M0030211,0,"Manifold (11 Valves) DS2-1/4"",5/2,5/3",,,,,,,,,
M0030212,0,"Manifold (12 Valves) DS2-1/4"",5/2,5/3",,,,,,,,,
M0030214,0,"Manifold (14 Valves) DS2-1/4"",5/2",,,,,,,,,
M0030216,0,"Manifold (16 Valves) DS2-1/4"",5/2",,,,,,,,,
M0030601,0,"Manifold (Single Valve) DS2-1/2"",5/2,5/3",,,,,,,,,
M0030602,0,"Manifold (2 Valves) DS2-1/2"",5/2,5/3",,,,,,,,,
M0030603,0,"Manifold (3 Valves) DS2-1/2"",5/2,5/3",,,,,,,,,
M0030604,0,"Manifold (4 Valves) DS2-1/2"",5/2,5/3",,,,,,,,,
M0030606,0,"Manifold (6 Valves) DS2-1/2"",5/2,5/3",,,,,,,,,
M0030608,0,"Manifold (8 Valves) DS2-1/2"",5/2,5/3",,,,,,,,,
M0040102,0,"Manifold (2 valves) DS2-1/8""",,,,,,,,,
M0040104,0,"Manifold (4 valves) DS2-1/8""",,,,,,,,,
M0040106,0,"Manifold (6 valves) DS2-1/8""",,,,,,,,,
M0040108,0,"Manifold (8 valves) DS2-1/8""",,,,,,,,,
M0040110,0,"Manifold (10 valves) DS2-1/8""",,,,,,,,,
M0040202,0,"Manifold (2 valves) DS2-1/4""",,,,,,,,,
M0040203,0,"Manifold (3 valves) DS2-1/4""",,,,,,,,,
M0040204,0,"Manifold (4 valves) DS2-1/4""",,,,,,,,,
M0040206,0,"Manifold (6 valves) DS2-1/4""",,,,,,,,,
M0040208,0,"Manifold (8 valves) DS2-1/4""",,,,,,,,,
M0040402,0,"Manifold (2 valves) DS2-1/2""",,,,,,,,,
M0040404,0,"Manifold (4 valves) DS2-1/2""",,,,,,,,,
M0040406,0,"Manifold (6 valves) DS2-1/2""",,,,,,,,,
M0040408,0,"Manifold (8 valves) DS2-1/2""",,,,,,,,,
M0040410,0,"Manifold (10 valves) DS2-1/2""",,,,,,,,,
M0510102,0,"Manifold (2 Valves) DS2-1/8"",3/2",,,,,,,,,
M0510104,0,"Manifold (4 Valves) DS2-1/8"",3/2",,,,,,,,,
M0510106,0,"Manifold (6 Valves) DS2-1/8"",3/2",,,,,,,,,
M0510108,0,"Manifold (8 Valves) DS2-1/8"",3/2",,,,,,,,,
M0510110,0,"Manifold (10 Valves) DS2-1/8"",3/2",,,,,,,,,
M0510202,0,"Manifold (2 Valves) DS2-1/4"",3/2",,,,,,,,,
M0510204,0,"Manifold (4 Valves) DS2-1/4"",3/2",,,,,,,,,
M0510206,0,"Manifold (6 Valves) DS2-1/4"",3/2",,,,,,,,,
M0510208,0,"Manifold (8 Valves) DS2-1/4"",3/2",,,,,,,,,
M0510210,0,"Manifold (10 Valves) DS2-1/4"",3/2",,,,,,,,,
M0510212,0,"Manifold (12 Valves) DS2 1/4"" 3/2",,,,,,,,,
M0510602,0,"Manifold (2 Valves) DS2-1/2"",3/2",,,,,,,,,
M0510604,0,"Manifold (4 Valves) DS2-1/2"",3/2",,,,,,,,,
M0510606,0,"Manifold (6 Valves) DS2-1/2"",3/2",,,,,,,,,
M0510608,0,"Manifold (8 Valves) DS2-1/2"",3/2",,,,,,,,,
M170001,0,Manifold assy (17mm - Single valve),,,,,,,,,
M170002,0,Manifold Assy (17 mm - 2 Valves),,,,,,,,,
M170004,0,Manifold Assy (17 mm - 4 Valves),,,,,,,,,
M170006,0,Manifold Assy (17 mm - 6 Valves),,,,,,,,,
M170008,0,Manifold Assy (17 mm - 8 Valves),,,,,,,,,
M220001,0,Manifold assy (22mm - Single valve),,,,,,,,,
M220002,0,Manifold Assy (22 mm - 2 Valves),,,,,,,,,
M220004,0,Manifold Assy (22 mm - 4 Valves),,,,,,,,,
M220005,0,Manifold Assy (22 mm - 5 Valves),,,,,,,,,
M220006,0,Manifold Assy (22 mm - 6 Valves),,,,,,,,,
M220008,0,Manifold Assy (22 mm - 8 Valves),,,,,,,,,
M220009,0,Manifold Assy (22 mm - 9 Valves),,,,,,,,,
MB0125,0,FEMALE CLEVIS (DIA 125),,,,,,,,,
MB0160,0,Female clevis (Dia 160),,,,,,,,,
MB0200,0,FEMALE CLEVIS (DIA 200),,,,,,,,,
MB032,0,FEMALE CLEVIS (DIA 32),,,,,,,,,
MB040,0,FEMALE CLEVIS (DIA 40),,,,,,,,,
MB050,0,FEMALE CLEVIS (DIA 50),,,,,,,,,
MB063,0,FEMALE CLEVIS (DIA 63),,,,,,,,,
MB080,0,FEMALE CLEVIS (DIA 80),,,,,,,,,
MB1032,0,FEMALE CLEVIS (DIA 32) (A24032),,,,,,,,,
MB1040,0,FEMALE CLEVIS (DIA 40) (A24040),,,,,,,,,
MB1050,0,FEMALE CLEVIS (DIA 50) (A24050),,,,,,,,,
MB1063,0,FEMALE CLEVIS (DIA 63) (A24063),,,,,,,,,
MB1080,0,FEMALE CLEVIS (DIA 80) (A24080),,,,,,,,,
MB1100,0,FEMALE CLEVIS (DIA 100) (A24100),,,,,,,,,
MC0016,0,DA 25 x 80 Cyl. (Mag) Basic,,,,,,,,,
MC0017,0,DA 25 x 368 Cyl. (Mag) Basic,,,,,,,,,
MC0027,0,DA 63 x 350 Cyl. (Mag) Female clevis,,,,,,,,,
MC0037,0,DA 50 x 160 Cyl. Male Clevis,,,,,,,,,
MC0038,0,DA 25 x 50 Cyl. (Mag) Basic,,,,,,,,,
MC0043,0,DA 20 x 50 Cyl. Basic,,,,,,,,,
MC0060,0,DA 25 x 40 Cyl. Basic,,,,,,,,,
MC0061,0,DA 32 x 350 Cyl. (Mag) Foot Mounting,,,,,,,,,
MC0068,0,DA 63 x 545 Cyl. (Mag) Female clevis,,,,,,,,,
MC0069,0,DA 16 x 12 Cyl. Rear Trunnion,,,,,,,,,
MC0074,0,DA 25 x 125 Cyl. (Mag) Basic,,,,,,,,,
MC0087,0,DA 63 x 152 Cyl. (Mag) Male clevis,,,,,,,,,
MC0091,0,DA 32 x 450 Cyl. (Mag) Female clevis,,,,,,,,,
MC0118,0,DA 63 x 80 SQ Cyl. Male Clevis (Sph),,,,,,,,,
MC0125,0,DA 25 x 200 Cyl. (Mag) Basic,,,,,,,,,
MC0250,0,DA 32 x 350 Cyl. Female clevis,,,,,,,,,
MC0253,0,DA 32 x 50 Cyl. (Mag) Basic,,,,,,,,,
MC0305,0,DA 50 x 100 Cyl. Basic,,,,,,,,,
MC0319,0,DA 125 x 250 Cyl. Female clevis,,,,,,,,,
MC0320,0,DA 125 x 200 Cyl. Female clevis,,,,,,,,,
MC2058,0,"FRC WITH PRESSURE GAUGE AND CLAMP-1/2""",,,,,,,,,
MC2075,0,"FRCLM with Pressure Gauge-1/2""(40Micron,10bar)",,,,,,,,,
MC2141,0,"Filter-1/4""(40Micron)with Regulator(10bar)with Fil",,,,,,,,,
MC2144,0,"FRC-1/4""(40Micron,10bar)with Clamp,Pre.gauge(0-10b",,,,,,,,,
MC2283,0,"FRCLM-3/8""(40Micron,10bar) wall mounting bracket,Pre.gauge",,,,,,,,,
MC4019,0,"1/4""-3/2 NO Push Pull detent valve with Fittings",,,,,,,,,
MC4109,0,"1/8""-3/2 NC Valve with switch and Fittings",,,,,,,,,
MC4114,0,5/2 Hand Lever Valve with Fittings,,,,,,,,,
MC4142,0,"1/4""-3/2 NO Push Pull detent valve with Fittings (Red knob)",,,,,,,,,
MD0125,0,FEMALE CLEVIS,,,,,,,,,
MD0160,0,FEMALE CLEVIS,,,,,,,,,
MD0200,0,FEMALE CLEVIS (DIA 200),,,,,,,,,1.25
MD0250,0,FEMALE CLEVIS (DIA 250),,,,,,,,,1.25
MD032,0,FEMALE CLEVIS,,,,,,,,,
MD040,0,FEMALE CLEVIS,,,,,,,,,
MD050,0,FEMALE CLEVIS,,,,,,,,,
MD063,0,FEMALE CLEVIS,,,,,,,,,
MD1032,0,FEMALE CLEVIS (DIA 32),,,,,,,,,
MD1040,0,FEMALE CLEVIS (DIA 40),,,,,,,,,
MD1050,0,FEMALE CLEVIS (DIA 50),,,,,,,,,
MD1063,0,FEMALE CLEVIS (DIA 63),,,,,,,,,
MD1080,0,FEMALE CLEVIS (DIA 80),,,,,,,,,
MD1100,0,FEMALE CLEVIS (DIA 100),,,,,,,,,
MD1125,0,FEMALE CLEVIS,,,,,,,,,
MF0125,0,FRONT & REAR FLANGE (DIA 125),,,,,,,,,
MF016,0,"Front & Rear flange (Dia12, Dia16)",,,,,,,,,
MF0160,0,FRONT & REAR FLANGE (DIA 160),,,,,,,,,
MF0200,0,FRONT & REAR FLANGE (DIA 200),,,,,,,,,
MF022,0,"FRONT & REAR FLANGE (DIA 20,DIA 25)",,,,,,,,,
MF040,0,FRONT & REAR FLANGE (DIA 40),,,,,,,,,
MF050,0,FRONT & REAR FLANGE (DIA 50),,,,,,,,,
MF063,0,FRONT & REAR FLANGE (DIA 63),,,,,,,,,
MF1032,0,FRONT & REAR FLANGE (DIA 32),,,,,,,,,
MF1040,0,FRONT & REAR FLANGE (DIA 40),,,,,,,,,1.25
MF1050,0,FRONT & REAR FLANGE,,,,,,,,,
MF1063,0,FRONT & REAR FLANGE (DIA 63),,,,,,,,,
MF1080,0,FRONT & REAR FLANGE (DIA 80),,,,,,,,,
MF1100,0,FRONT & REAR FLANGE,,,,,,,,,1.25
MF1125,0,FRONT & REAR FLANGE (DIA 125),,,,,,,,,
MF2025,0,Front & Rear flange Dia25,,,,,,,,,
MG1050,0,Male clevis (SPH) (Dia 50),,,,,,,,,
MG1063,0,Male clevis (SPH) (Dia 63),,,,,,,,,
MG1080,0,Male clevis (SPH) (Dia 80),,,,,,,,,
MG1100,0,Male clevis (SPH) (Dia 100),,,,,,,,,
MK1050,0,Female clevis (King pin) Dia 50,,,,,,,,,
MK1125,0,Female clevis (King pin type) A23125,,,,,,,,,
ML0125,0,FOOT MOUNTING (DIA 125),,,,,,,,,
ML016,0,"FRONT FOOT MOUNTING (DIA 12,DIA 16)",,,,,,,,,
ML0160,0,FOOT MOUNTING (DIA 160),,,,,,,,,
ML0200,0,FOOT MOUNTING (DIA 200),,,,,,,,,
ML022,0,"FRONT FOOT MOUNTING (DIA 20,DIA 25)",,,,,,,,,
ML040,0,Foot mounting Dia 40,,,,,,,,,
ML050,0,FOOT MOUNTING (DIA 50),,,,,,,,,
ML063,0,FOOT MOUNTING (DIA 63),,,,,,,,,
ML1040,0,"Foot Mounting (DIA 40)(A23,A24)",,,,,,,,,
ML1050,0,"Foot Mounting (DIA 50)(A23,A24)",,,,,,,,,
ML1063,0,"Foot Mounting (DIA 63)(A23,A24)",,,,,,,,,
ML1080,0,"Foot Mounting (DIA 80)(A12,A24)",,,,,,,,,
ML1100,0,"Foot Mounting (DIA 100)(A12,A24)",,,,,,,,,
ML2032,0,"Foot mounting (Dia 032) (A63,A64)",,,,,,,,,
ML2040,0,"Foot Mounting (DIA 040) (A63,A64)",,,,,,,,,
ML2050,0,"Foot Mounting (DIA 050) (A63,A64)",,,,,,,,,
ML2063,0,"Foot Mounting (DIA 063) (A63,A64)",,,,,,,,,
ML2080,0,"Foot Mounting (DIA 080) (A63,A64)",,,,,,,,,
ML2100,0,"Foot Mounting (DIA 100) (A63,A64)",,,,,,,,,
MP0001,0,Junction box with Slide valve,,,,,,,,,
MP0016,0,Dual pressure valve(AND Valve),,,,,,,,,
MP0018,0,Miniature Double Acting Cylinder(DAC-MINI),,,,,,,,,
MP0019,0,5/2 Single sol. op. valve with spring Return(with LED),,,,,,,,,
MP0022,0,Magnetic sensor with clamp for Miniature cyl,,,,,,,,,
MR13025,0,Rear flange,,,,,,,,,
MR13040,0,Rear flange,,,,,,,,,
MR13050,0,Rear flange,,,,,,,,,
MS001,0,CONNECTOR ASSY,,,,,,,,,
MS002,0,COVER PLATE ASSY,,,,,,,,,
MS0125,0,MALE CLEVIS (DIA 125),,,,,,,,,
MS016,0,"DOUBLE FOOT MOUNTING (DIA 12,DIA 16)",,,,,,,,,
MS0160,0,MALE CLEVIS (DIA 160),,,,,,,,,
MS0200,0,MALE CLEVIS (DIA 200),,,,,,,,,
MS032,0,MALE CLEVIS (DIA 32),,,,,,,,,
MS040,0,Male clevis,,,,,,,,,
MS050,0,MALE CLEVIS,,,,,,,,,
MS063,0,MALE CLEVIS (DIA 63),,,,,,,,,
MS1032,0,MALE CLEVIS (DIA 32),,,,,,,,,
MS1040,0,MALE CLEVIS (DIA 40),,,,,,,,,
MS1050,0,MALE CLEVIS (DIA 50),,,,,,,,,
MS1063,0,MALE CLEVIS (DIA 63),,,,,,,,,
MS1080,0,MALE CLEVIS (DIA 80),,,,,,,,,
MS1100,0,MALE CLEVIS (DIA 100),,,,,,,,,
MS1125,0,MALE CLEVIS (DIA 125),,,,,,,,,
MS2025,0,Male clevis,,,,,,,,,
MS4040,0,Double foot mounting(A75040),,,,,,,,,
MT0032,0,FRONT & REAR TRUNNION (DIA 32),,,,,,,,,
MT0040,0,FRONT & REAR TRUNNION (DIA 40),,,,,,,,,
MT0050,0,FRONT & REAR TRUNNION (DIA 50),,,,,,,,,
MT0063,0,FRONT & REAR TRUNNION (DIA 63),,,,,,,,,
MT0080,0,FRONT & REAR TRUNNION (DIA 80),,,,,,,,,
MT0100,0,FRONT & REAR TRUNNION (DIA 100),,,,,,,,,
MT0125,0,FRONT & REAR TRUNNION (DIA 125),,,,,,,,,
MT016,0,"FRONT & REAR TRUNNION (DIA 12,DIA 16)",,,,,,,,,
MT0160,0,FRONT & REAR TRUNNION (DIA 160),,,,,,,,,
MT0200,0,Front & Rear Trunnion (Dia 200),,,,,,,,,
MT022,0,"FRONT & REAR TRUNNION (DIA 20,DIA 25)",,,,,,,,,
MT1032,0,FRONT & REAR TRUNNION (Dia 32),,,,,,,,,
MT1040,0,FRONT & REAR TRUNNION (Dia 40),,,,,,,,,
MT1050,0,FRONT & REAR TRUNNION (DIA 50),,,,,,,,,
MT1063,0,FRONT & REAR TRUNNION (DIA 63),,,,,,,,,
MT1125,0,FRONT & REAR TRUNNION (DIA 125),,,,,,,,,
MT3032,0,SQ Cylinder Adjustable trunnion assy (Dia 32),,,,,,,,,
MT3040,0,SQ Cylinder Adjustable trunnion assy (Dia 40),,,,,,,,,
MT3050,0,SQ Cylinder Adjustable trunnion assy (Dia 50),,,,,,,,,
MT3063,0,SQ Cylinder Adjustable trunnion assy (Dia63),,,,,,,,,
MT3080,0,SQ Cylinder Adjustable trunnion assy (Dia 80),,,,,,,,,
MT3100,0,SQ Cylinder Adjustable trunnion assy (Dia 100),,,,,,,,,
NA100,0,Auto drain unit,,,,,,,,,
NL161,0,AUTOMATIC LINE DRAIN,,,,,,,,,
PPR156341-W43-LS,0," 
PPR G1/2"" 10bar,24VDC,I/P 4-20mA,O/P 4-20mA, L Clamp, Straight 2Mtr",,,,,,,,,1.25
PR13613,0,Precision regulator -G1/4 (8bar),,,,,,,,,1.25
PS0101504,0,Pressure sensor R1/8 (NPN) with two Analog output,,,,,,,,,
PS0101504A,0,Pressure sensor with bracket R1/8 (NPN),,,,,,,,,
PS0101504B,0,Pressure sensor with Panel adapters-R1/8 (NPN),,,,,,,,,
PS0101504C,0,Pressure sensor with Panel adapters & Front protective lid-R1/8 (NPN),,,,,,,,,
PS0102504,0,Pressure sensor R1/8 (PNP) with Analog output,,,,,,,,,
PS0102504A,5703.75,Pressure sensor with bracket R1/8 (PNP),,,,,,,,4563,1.25
PS0102504B,0,Pressure sensor with Panel adapters-R1/8 (PNP),,,,,,,,,
PS0102504C,0,Pressure sensor with Panel adapters & Front protective lid-R1/8 (PNP),,,,,,,,,
PS0105504A,0,Pressure sensor with bracket R1/8 (NPN) w/o Analog output,,,,,,,,,
PS0105504C,0,Pressure sensor with panel adapters & Front protective lid R1/8 (NPN) w/o Analog output,,,,,,,,,
PS0106504,0,Pressure sensor R1/8 (PNP) w/o Analog output,,,,,,,,,
PS0106504A,0,Pressure sensor with bracket R1/8 (PNP) w/o Analog output,,,,,,,,,
PS0106504B,0,Pressure sensor with panel adapters R1/8 (PNP) w/o Analog output,,,,,,,,,
PS0106504C,0,Pressure sensor with panel adapters&front protective lid R1/8(PNP)w/o Analog O/P,,,,,,,,,
PS0107504A,0,Pressure sensor with Brackets R1/8 (NPN) with Analog (Voltage) output,,,,,,,,,
PS0107504C,0,Pressure sensor with Panel adapters & Front protective lid R1/8 (NPN) with Analog (Voltage) output,,,,,,,,,
PS0108504,0,Pressure sensor R1/8 (PNP) with Analog (Voltage) output,,,,,,,,,
PS0108504A,0,Pressure sensor with Brackets R1/8 (PNP) with Analog (Voltage) output,,,,,,,,,1.25
PS0108504B,0,Pressure sensor with Panel adapters R1/8 (PNP) with Analog (Voltage) output,,,,,,,,,
PS0108504C,0,Pressure sensor with Panel adapters & Front protective lid-R1/8 (PNP) with Analog (Voltage) output,,,,,,,,,
PS2008504A,0,Pressure sensor with bracket R1/8 (PNP),,,,,,,,,1.25
PS4007504,0,Pressure sensor R1/8 (NPN) w/o Analog output,,,,,,,,,
PS4007504A,0,Pressure sensor with Brackets R1/8 (NPN) w/o Analog output,,,,,,,,,
PS4007504B,0,Pressure sensor with Panel adapters R1/8 (NPN) w/o Analog output,,,,,,,,,
PS4007504C,0,Pressure sensor with Panel adapters & Front protective lid R1/8 (NPN) w/o Analog output,,,,,,,,,
PS4008504,0,Pressure sensor R1/8 (PNP) w/o Analog output,,,,,,,,,
PS4008504A,0,Pressure sensor with bracket R1/8 (PNP) w/o Analog output,,,,,,,,,
PS4008504B,0,Pressure sensor with Panel adapters R1/8 (PNP) w/o Analog output,,,,,,,,,
PS4008504C,0,Pressure sensor with Panel adapters & Front protective lid-R1/8 (PNP) w/o Analog output,,,,,,,,,
PW0103504,0,Pressure switch R1/8 (NPN),,,,,,,,,
PW0104504,0,Pressure switch R1/8 (PNP),,,,,,,,,
R13601,0,"Regulator-1/8""(2bar)",,,,,,,,,
R13602,0,"Regulator-1/8""(4bar)",,,,,,,,,
R13603,0,"Regulator-1/8""(7bar)",,,,,,,,,
R13604,0,"Regulator-1/8""(10bar)",,,,,,,,,
R13611,0,"Regulator-1/4""(2bar)",,,,,,,,,
R13611-N,0,"Regulator(NRV)-1/4""(2bar)",,,,,,,,,
R13612,0,"Regulator-1/4""(4bar)",,,,,,,,,
R13612-N,0,"Regulator(NRV)-1/4""(4bar)",,,,,,,,,
R13613,0,Regulator-1/4 7bar,,,,,,,,,
R13613-N,0,"Regulator(NRV)-1/4""(7bar)",,,,,,,,,
R13614,0,Regulator-1/4 (10bar),,,,,,,,,1.25
R13614-N,0,REGULATOR WITH NRV,,,,,,,,,
R13614-NR,0,"Regulator-1/4""(10bar)Non relieving",,,,,,,,,
R13913-N,0,"Regulator(NRV)-1/4""(7bar)",,,,,,,,,
R14621,0,"Regulator-3/8""(2bar)",,,,,,,,,
R14622,0,"Regulator-3/8""(4bar)",,,,,,,,,
R14622-N,0,"Regulator(NRV)-3/8""(4bar)",,,,,,,,,
R14623,0,"Regulator-3/8""(7bar)",,,,,,,,,
R14623-N,0,"Regulator(NRV)-3/8""(7bar)",,,,,,,,,
R14624,0,Regulator-3/8 (10bar),,,,,,,,,
R14624-N,0,"Regulator(NRV)-3/8""(10bar)",,,,,,,,,
R14924,0,"Regulator-3/8""NPT(10bar)",,,,,,,,,
R15631,0,"Regulator-1/2""(2bar)",,,,,,,,,
R15631-N,0,"Regulator(NRV)1/2""(2bar)",,,,,,,,,
R15632,0,Regulator-1/2 (4bar),,,,,,,,,
R15632-N,0,"Regulator(NRV)-1/2""(4bar)",,,,,,,,,
R15633,0,"Regulator-1/2""(7bar)",,,,,,,,,
R15633-N,0,"Regulator(NRV)-1/2""(7bar)",,,,,,,,,
R15634,1443.75,Regulator-1/2 (10bar),,,,,,,,1155,1.25
R15634-N,0,"Regulator(NRV)-1/2""(10bar)",,,,,,,,,
R15932,0,"Regulator-1/2""NPT (4bar)",,,,,,,,,
R15934,0,"Regulator-1/2""NPT(10bar)",,,,,,,,,
R17642,0,Regulator-3/4 (4 bar),,,,,,,,,
R17643,0,Regulator-3/4 (7bar),,,,,,,,,
R17644,0,"Regulator-3/4""(10bar)",,,,,,,,,
R17651,0,Regulator-1 (2 bar),,,,,,,,,
R17652,0,Regulator-1 (4 bar),,,,,,,,,
R17653,0,"Regulator-1""(7bar)",,,,,,,,,
R17654,0,Regulator-1(10bar),,,,,,,,,
R17954,0,Regulator-1 NPT(10bar),,,,,,,,,
RSWCS-15B,0,Reed switch,,,,,,,,,
RSWCS-15T,0,Reed switch,,,,,,,,,
RSWCS-9B,0,Reed Switch,,,,,,,,,
RSWCS-9D,0,Reed switch,,,,,,,,,
SA0001,0,CLAMP ASSY,,,,,,,,,
SA0002,0,CLAMP ASSY,,,,,,,,,
SA0003,0,CLAMP ASSY,,,,,,,,,
SA0005,0,CLAMP ASSY (Dia 125),,,,,,,,,
SA0006,0,CLAMP ASSY,,,,,,,,,
SA0007,0,CLAMP ASSY,,,,,,,,,
SA0008,0,"PISTON-A ASSY (A63,A64) (Dia 32)",,,,,,,,,
SA0014,0,"Piston-B Assy (Dia 032) (A63,A64)",,,,,,,,,
SA00490025,0,Piston & Piston rod assy (A02020-M),,,,,,,,,
SA2002,0,"STEM HOUSING ASSY 1/4,3/8,1/2F,FRC",,,,,,,,,
SA2006,0,Drain assy(NA100),,,,,,,,,
SA2007,0,PISTON ASSY(NA100),,,,,,,,,
SA2200,0,"DIAPHRAGM ASSY 1/4R,FRC",,,,,,,,,
SA2201,0,"DIAPHRAGM ASSY 3/8R,FRC",,,,,,,,,
SA2202,0,"Diaphragm assy-1/2"",3/4"",1""R,FRC",,,,,,,,,
SA2203,0,VALVE CONE ASSY 3/8R,,,,,,,,,
SA2204,0,VALVE CONE ASSY 1/2R,,,,,,,,,
SA2207,0,"Valve cone complete-1/4""R",,,,,,,,,
SA2208,0,"VALVE CONE ASSY-3/4"",1""R",,,,,,,,,
SA2209,0,"Valve cone assy-1""FRC",,,,,,,,,
SA2600,0,VALVE CONE ASSY 3/8FRC,,,,,,,,,
SA2601,0,"Valve cone assy-1/2""FRC",,,,,,,,,
SA2602,0,VALVE CONE ASSY 1/4FRC,,,,,,,,,
SA4005,0,"Spool assy (DS2,1/4"",5/2-SR,ER)",,,,,,,,,
SA4006,0,"Spool assy (DS2,1/4"",5/2-SS,EE)",,,,,,,,,
SA4008,0,PISTON ASSY,,,,,,,,,
SA4014,0,SPOOL ASSEMBLY,,,,,,,,,
SA4015,0,"Piston assy (DS2,1/4""-EE,ER)",,,,,,,,,
SA4022,0,SPOOL ASSEMBLY,,,,,,,,,
SA4032,0,SPOOL ASSEMBLY,,,,,,,,,
SA4033,0,SPOOL ASSEMBLY,,,,,,,,,
SA4051,0,SPOOL ASSEMBLY,,,,,,,,,
SC2004,0,"Drain valve assy-1/4,3/8,1/2,3/4,1 F,FRC",,,,,,,,,
SC2400,0,NEEDLE ASSY 1/4L,,,,,,,,,
SC2401,0,"NEEDLE ASSY 3/8,1/2L",,,,,,,,,
SC3001,0,Actuator assy (22mm),,,,,,,,,
SC3002,0,ACTUATOR ASSY,,,,,,,,,
SC3004,0,Actuator assy-22mm (High Temp.),,,,,,,,,
SK 0001,0,SEAL KIT (DIA 32) (A12),,,,,,,,,
SK 0002,0,SEAL KIT (DIA 40) (A12),,,,,,,,,
SK 0003,0,SEAL KIT (DIA 50) (A12),,,,,,,,,
SK 0004,0,SEAL KIT (DIA 63) (A12),,,,,,,,,
SK 0005,0,Seal kit (DIA 80) (A12),,,,,,,,,
SK 0006,0,Seal kit (Dia 100) (A12),,,,,,,,,
SK 0007,0,SEAL KIT (DIA 125),,,,,,,,,
SK 0008,0,"SEAL KIT (A16,A17) (DIA 160)",,,,,,,,,
SK 0011,0,"SEAL KIT (DIA 32) (A13,A14)",,,,,,,,,
SK 0012,0,"SEAL KIT (DIA 40) (A13,A14)",,,,,,,,,
SK 0013,0,"SEAL KIT (DIA 50) (A13,A14)",,,,,,,,,
SK 0014,0,"SEAL KIT (DIA 63) (A13,A14)",,,,,,,,,
SK 0015,0,"SEAL KIT (DIA 80) (A13,A14)",,,,,,,,,
SK 0016,0,"SEAL KIT (DIA 100) (A13,A14)",,,,,,,,,
SK 0017,0,SEAL KIT (DIA 125),,,,,,,,,
SK 0018,0,SEAL KIT (DIA 160),,,,,,,,,
SK 0019,0,SEAL KIT (DIA 200),,,,,,,,,
SK 0032,0,Seal kit (Dia 40) (A11),,,,,,,,,
SK 0033,0,SEAL KIT (DIA 50) (A11),,,,,,,,,
SK 0034,0,Seal kit (A11063),,,,,,,,,
SK 0035,0,Seal kit (A11080),,,,,,,,,
SK 0036,0,Seal kit (A11100),,,,,,,,,
SK 0037,0,SEAL KIT (Dia 125) (A11),,,,,,,,,
SK 0038,0,SEAL KIT (Dia 160) (A11),,,,,,,,,
SK 0041,0,Seal kit (Dia 32) (A10),,,,,,,,,
SK 0042,0,SEAL KIT (DIA 40) (A10),,,,,,,,,
SK 0043,0,SEAL KIT (DIA 50) (A10),,,,,,,,,
SK 0044,0,Seal kit (Dia 63) (A10),,,,,,,,,
SK 0045,0,SEAL KIT (DIA 80) (A10),,,,,,,,,
SK 0046,0,SEAL KIT (DIA 100) (A10),,,,,,,,,
SK 0047,0,SEAL KIT (DIA 125)(A10),,,,,,,,,
SK 0051,0,"SEAL KIT (DIA 32) (A23,A24)",,,,,,,,,
SK 0052,0,Seal kit (A23040),,,,,,,,,
SK 0053,0,"SEAL KIT (DIA 50) (A23,A24)",,,,,,,,,
SK 0054,0,"SEAL KIT (DIA 63) (A23,A24)",,,,,,,,,
SK 0055,0,"Seal kit (Dia 80) (A23,A24)",,,,,,,,,
SK 0056,0,"Seal kit (Dia 100) (A23,A24)",,,,,,,,,
SK 0061,0,"Seal kit (Dia 32) (A20,A21)",,,,,,,,,
SK 0062,0,"Seal kit (Dia 40) (A20,A21)",,,,,,,,,
SK 0063,0,"SEAL KIT (DIA 50) (A20,A21)",,,,,,,,,
SK 0064,0,"SEAL KIT (DIA 63) (A20,A21)",,,,,,,,,
SK 0065,0,"Seal kit (Dia 80) (A20,A21)",,,,,,,,,
SK 0066,0,Seal kit (A20100),,,,,,,,,
SK 00830050,0,Seal kit (Dia 20) (A03),,,,,,,,,
SK 00840005,0,Seal kit (A03025005),,,,,,,,,
SK 00840025,0,Seal kit (A03025025),,,,,,,,,
SK 00840050,0,Seal kit (A03025050),,,,,,,,,
SK 3611,0,"SEAL KIT (V3,1/4""L-NO & NC)",,,,,,,,,
SK 3631,0,"SEAL KIT (V3,1/2""L-NO & NC)",,,,,,,,,
SK 4000,0,"SEAL KIT (14 DS HD 52,53)",,,,,,,,,
SK 4001,0,SEAL KIT (14 DS HR 52),,,,,,,,,
SK 4002,0,SEAL KIT (14 DS SR ER 52),,,,,,,,,
SK 4003,0,SEAL KIT (14 DS SS EE 52),,,,,,,,,
SK 4004,0,SEAL KIT (14 DS HC 53),,,,,,,,,
SK 4005,0,SEAL KIT (14 DS EC SC 53),,,,,,,,,
SK 4013,0,Seal kit (DS255EE61),,,,,,,,,
SK 4015,0,SEAL KIT (DS255SR61),,,,,,,,,
SK 4016,0,SEAL KIT (DS255SS61),,,,,,,,,
SK 4018,0,Seal kit (DS265EC61),,,,,,,,,
SK 4019,0,Seal kit (DS265SC61),,,,,,,,,
SK 4022,0,Seal kit (DS275SC61),,,,,,,,,
SK 4026,0,SEAL KIT(3/2NO Stem actuated valve),,,,,,,,,
SK 4027,0,SEAL KIT(3/2NC Stem actuated valve),,,,,,,,,
SK 4028,0,SEAL KIT(5/2 Stem actuated valve),,,,,,,,,
SK 5611,0,"SEAL KIT (V5,1/4""L SINGLE SOLENOID)",,,,,,,,,
SK 5612,0,"SEAL KIT (V5,1/4""L DOUBLE SOLENOID)",,,,,,,,,
SK 5631,0,"SEAL KIT (V5,1/2""L SINGLE SOLENOID)",,,,,,,,,
SK 5632,0,"SEAL KIT (V5,1/2""L DOUBLE SOLENOID)",,,,,,,,,
SK00210010,0,Seal kit (Dia 12 ) (A02),,,,,,,,,
SK00210015,0,Seal kit (Dia 12 x 15) (A02),,,,,,,,,
SK00210040,0,Seal kit (Dia 12 x 40) (A02),,,,,,,,,
SK00220015,0,Seal kit (Dia 16 x 15) (A02),,,,,,,,,
SK00220025,0,Seal kit (Dia 16 x 25) (A02),,,,,,,,,
SK00230010,0,SEAL KIT (DIA 20x10)(A02),,,,,,,,,
SK00230015,0,Seal kit (Dia 20 x 15) (A02),,,,,,,,,
SK00230020,0,SEAL KIT (DIA 20x20) (A02),,,,,,,,,
SK00230025,0,SEAL KIT (DIA 20x25)(A02),,,,,,,,,
SK00230040,0,Seal kit (Dia 20 x 40) (A02),,,,,,,,,
SK00230050,0,Seal kit (Dia 20 x 50) (A02),,,,,,,,,
SK00240005,0,Seal kit (Dia 25 x 5) (A02),,,,,,,,,
SK00240010,0,Seal kit (Dia 25 x 10) (A02),,,,,,,,,
SK00240015,0,SEAL KIT (DIA25x15) (A02),,,,,,,,,
SK00240020,0,Seal kit (Dia 25 x 20) (A02),,,,,,,,,
SK00240025,0,Seal kit (Dia 25 x 25) (A02),,,,,,,,,
SK00240030,0,Seal kit (Dia 25 x 30) (A02),,,,,,,,,
SK00240040,0,Seal kit (Dia 25 x 40) (A02),,,,,,,,,
SK00240050,0,Seal kit (Dia 25 x 50) (A02),,,,,,,,,
SK00240080,0,Seal kit (Dia 25 x 80) (A02),,,,,,,,,
SK00840015,0,Seal kit A03025,,,,,,,,,
SK00840040,0,Seal kit A03025,,,,,,,,,
SK00840050,0,Seal kit A03025,,,,,,,,,
SK00840070,0,Seal kit A03025,,,,,,,,,
SK00920015,0,Seal kit (Dia 16) (A02-M),,,,,,,,,
SK00930020,0,Seal kit (A02020-M),,,,,,,,,
SK00930030,0,Seal kit (A02020-M),,,,,,,,,
SK00930050,0,Seal kit (A02020-M),,,,,,,,,
SK00940010,0,Seal kit (A02025-M),,,,,,,,,
SK00940020,0,Seal kit (A02025-M),,,,,,,,,
SK00940025,0,Seal kit (A02025-M),,,,,,,,,
SK00940040,0,Seal kit (Dia25 x 40) (A02-M),,,,,,,,,
SK00940050,0,Seal kit (Dia25 x 50) (A02-M),,,,,,,,,
SK00960015,0,Seal kit (A03016-M),,,,,,,,,
SK00960025,0,Seal kit (A03016-M),,,,,,,,,
SK00970050,0,Seal kit (A03020-M),,,,,,,,,
SK0100,0,"Seal kit (Dia 250) (A16,A17)",,,,,,,,,
SK0108,0,"Seal kit High temp (Dia 125) (A16-H,A17-H)",,,,,,,,,
SK0109,0,"Seal kit High temp (Dia 160) (A16-H,A17-H)",,,,,,,,,
SK0110,0,"Seal kit High temp (Dia 200) (A16-H,A17-H)",,,,,,,,,
SK0117,0,"Seal kit (A16,A17) (DIA 200)",,,,,,,,,
SK0118,0,"Seal kit (Dia 200) (A18,A19)",,,,,,,,,
SK0129,0,"Seal kit High temp (Dia 32) (A24-H, A27-H)",,,,,,,,,
SK0130,0,"Seal kit High temp (Dia 40) (A24-H, A27-H)",,,,,,,,,
SK0131,0,"Seal kit High temp (Dia 50) (A24-H, A27-H)",,,,,,,,,
SK0132,0,"Seal kit High temp (Dia 63) (A24-H, A27-H)",,,,,,,,,
SK0133,0,"Seal kit High temp (Dia 80) (A24-H, A27-H)",,,,,,,,,
SK0134,0,"Seal kit High temp (Dia 100) (A24-H, A27-H)",,,,,,,,,
SK0138,0,Seal kit (Dia 25) (A63),,,,,,,,,
SK0139,0,Seal kit (A63032),,,,,,,,,
SK0140,0,Seal kit (A63040),,,,,,,,,
SK0141,0,Seal kit (A63050),,,,,,,,,
SK0142,0,"Seal kit (Dia 63) (A63,A64)",,,,,,,,,
SK0143,0,"Seal kit (Dia 80) (A63,A64)",,,,,,,,,
SK0144,0,"Seal kit (Dia 100) (A63,A64)",,,,,,,,,
SK0146,0,"Seal kit (Dia 32) (A60,A61)",,,,,,,,,
SK0147,0,"Seal kit (Dia 40) (A60,A61)",,,,,,,,,
SK0148,0,"Seal kit (Dia 50) (A60,A61)",,,,,,,,,
SK0149,0,"Seal kit (Dia 63) (A60,A61)",,,,,,,,,
SK0150,0,"Seal kit (Dia 80) (A60,A61)",,,,,,,,,
SK0151,0,"Seal kit (Dia 100) (A60,A61)",,,,,,,,,
SK0155,0,Seal Kit (Dia 32) (A02),,,,,,,,,
SK0156,0,Seal Kit (Dia 40) (A02),,,,,,,,,
SK0157,0,Seal Kit (Dia 50) (A02),,,,,,,,,
SK0158,0,Seal kit (Dia 63) (A02),,,,,,,,,
SK0159,0,Seal kit (Dia 80) (A02),,,,,,,,,
SK0160,0,Seal Kit (Dia 100) (A02),,,,,,,,,
SK0161,0,Seal Kit (Dia 32) (A03),,,,,,,,,
SK0162,0,Seal Kit (Dia 40) (A03),,,,,,,,,
SK0163,0,Seal Kit (Dia 50) (A03),,,,,,,,,
SK0164,0,Seal Kit (Dia 63) (A03),,,,,,,,,
SK0165,0,Seal Kit (Dia 80) (A03),,,,,,,,,
SK0166,0,Seal Kit (Dia 100) (A03),,,,,,,,,
SK0167,0,Seal kit (C5221),,,,,,,,,
SK0169,0,Seal kit (C5752),,,,,,,,,
SK0170,0,Seal kit (CS50056),,,,,,,,,
SK0172,0,"Seal kit (Dia 125) (A23,A24125,C5525)",,,,,,,,,
SK2003,0,"Seal kit-1/4""R",,,,,,,,,
SK2004,0,"Seal kit-3/8""R",,,,,,,,,
SK2005,0,"Seal kit-1/2""R",,,,,,,,,
SK3001,0,Seal kit (EF-series 3/2 NO & NC),,,,,,,,,
SK4014,0,Seal kit (DS255ER61),,,,,,,,,
SK4032,0,Seal kit (DS235SR61),,,,,,,,,
SK4033,0,Seal kit (DS245SR61),,,,,,,,,
SK4037,0,Seal kit (DS245SS61),,,,,,,,,
SK4040,0,"Seal kit (C7021,C7031)",,,,,,,,,
SK4041,0,Seal kit (DS237SR63),,,,,,,,,
SK4043,0,Seal kit (DS247SR63),,,,,,,,,
SK4044,0,Seal kit (DS247ER63),,,,,,,,,
SK4045,0,Seal kit (DS257SR63),,,,,,,,,
SK4046,0,Seal kit (DS257ER63),,,,,,,,,
SK4051,0,Seal kit (DS257SS63),,,,,,,,,
SK4053,0,Seal kit (DS267SC63),,,,,,,,,
SK4058,0,Seal kit (DS287EC63),,,,,,,,,
SK4059,0,Seal kit (DS254SR60),,,,,,,,,
SK4060,0,Seal kit (DS234SR60),,,,,,,,,
SK4062,0,Seal kit (DS244SR60),,,,,,,,,
SK4069,0,Seal kit (DS254SS60),,,,,,,,,
SK4071,0,Seal kit (MC4019),,,,,,,,,
SK4075,0,Seal kit (DS245HD61),,,,,,,,,
SK4076,0,Seal kit (DS255HR61),,,,,,,,,
SK4077,0,Seal kit (DS255HD61),,,,,,,,,
SK4079,0,Seal kit (DS245PR61),,,,,,,,,
SK4080,0,Seal kit (DS235PD61),,,,,,,,,
SK4081,0,Seal kit (DS245PD61),,,,,,,,,
SK4082,0,Seal kit (DS255PR61),,,,,,,,,
SK4083,0,Seal kit (DS255PD61),,,,,,,,,
SK4084,0,Seal kit (DS265HC61),,,,,,,,,
SK4085,0,Seal kit (DS275HC61),,,,,,,,,
SK4087,0,Seal kit (DS265HD61),,,,,,,,,
SK4088,0,Seal kit (DS275HD61),,,,,,,,,
SK4100,0,Seal kit (DS237HD63),,,,,,,,,
SK4101,0,Seal kit (DS247HD63),,,,,,,,,
SK4102,0,Seal kit (DS257HR63),,,,,,,,,
SK4103,0,Seal kit (DS257HD63),,,,,,,,,
SK4104,0,Seal kit (DS267HC63),,,,,,,,,
SK4107,0,Seal kit (DS267HD63),,,,,,,,,
SK4118,0,Seal kit (DS244HR60),,,,,,,,,
SK4122,0,Seal kit (DS234PR60),,,,,,,,,
SK4126,0,Seal kit (DS254PR60),,,,,,,,,
SK4131,0,"Seal kit (GQ0151,GQ0251)",,,,,,,,,
SK4132,0,"Seal kit (GQ0152,GQ0252)",,,,,,,,,
SK4133,0,"Seal kit (GQ0153,GQ0253)",,,,,,,,,
SK4134,0,Seal kit (C7063),,,,,,,,,
SK4136,0,Seal kit (DS244P60),,,,,,,,,
SK4139,0,Seal kit (C185),,,,,,,,,
SK4149,0,Seal kit (DS355SR61),,,,,,,,,
SK4155,0,Seal kit (GS245H61),,,,,,,,,
SK4156,0,Seal kit (GS246H62),,,,,,,,,
SK4157,0,Seal kit (GS247H63),,,,,,,,,
SSA0311,0,"MOVING CORE SUB ASSY (NC,AC)",,,,,,,,,
SSA0411,0,Moving core sub assembly,,,,,,,,,
SSA0511,0,MOVING CORE SUB ASSEMBLY,,,,,,,,,
SSA0611,0,MOVING CORE SUB ASSY,,,,,,,,,
SSA0711,0,"MOVING CORE SUB ASSY(NC,DC)",,,,,,,,,
SSA121B2,0,CORE TUBE & FIXED CORE ASSY,,,,,,,,,
SSA121C1,0,CORE TUBE & FIXED CORE ASSY,,,,,,,,,
SSA122C1,0,CORE TUBE & FIXED CORE ASSY,,,,,,,,,
SSA122E1,0,CORE TUBE & FIXED CORE ASSY,,,,,,,,,
SSA221A5,0,CORE TUBE & FIXED CORE ASSY,,,,,,,,,
TPC-25,0,3 POINT CHUCK,,,,,,,,,
TPC-50,0,3 POINT CHUCK,,,,,,,,,
TPC-63,0,3 POINT GRIPPER,,,,,,,,,
VE11-4-20-0810,7423.75,Basic vacuum ejector with 2 mm orifice(NO),,,,,,,,5939,1.25
VS1RF-80-N1-61F,1571.25,Dia80-Flat Round Vacuum suction Cup (NBR) with female nipple,,,,,,,,1257,1.25
WAP060,0,Plug-G1/8,,,,,,,,,
WAP061,0,Plug-G1/4,,,,,,,,,
WAP062,0,Plug-G3/8,,,,,,,,,
WAP063,0,Plug-G1/2,,,,,,,,,1.25
WAP070,0,Plug-M5,,,,,,,,,
WB101,0,BLOW GUN,,,,,,,,,
WB105,0,Blow Gun With Straight Tube,,,,,,,,,
WD2100604,0,MULTI DISTRIBUTOR UNION DIA6xDIA4,,,,,,,,,
WD2100804,0,MULTI DISTRIBUTOR UNION DIA8xDIA4,,,,,,,,,
WD2100806,0,MULTI DISTRIBUTOR UNION DIA8xDIA6,,,,,,,,,
WD2101006,0,MULTI DISTRIBUTOR UNION DIA10xDIA6,,,,,,,,,
WD2101008,0,MULTI DISTRIBUTOR UNION DIA10xDIA8,,,,,,,,,
WD2101208,0,MULTI DISTRIBUTOR UNION DIA12xDIA8,,,,,,,,,
WD2101210,0,MULTI DISTRIBUTOR UNION DIA12xDIA10,,,,,,,,,
WD211060450,0,MULTI DISTRIBUTOR MALE DIA6xDIA4x1/8,,,,,,,,,
WD211060451,0,MULTI DISTRIBUTOR MALE DIA6xDIA4x1/4,,,,,,,,,
WD211060452,0,Multi Distributor Male Dia6xDia4x3/8,,,,,,,,,
WD211080450,0,MULTI DISTRIBUTOR MALE DIA8xDIA4x1/8,,,,,,,,,
WD211080451,0,MULTI DISTRIBUTOR MALE DIA8xDIA4x1/4,,,,,,,,,
WD211080452,0,MULTI DISTRIBUTOR MALE DIA8xDIA4x3/8,,,,,,,,,
WD211080650,0,MULTI DISTRIBUTOR MALE DIA8xDIA6x1/8,,,,,,,,,
WD211080651,0,MULTI DISTRIBUTOR MALE DIA8xDIA6x1/4,,,,,,,,,
WD211080652,0,MULTI DISTRIBUTOR MALE-DIA8xDIA6x3/,,,,,,,,,
WD211100651,0,MULTI DISTRIBUTOR MALE DIA10xDIA6x1/4,,,,,,,,,
WD211100652,0,MULTI DISTRIBUTOR MALE DIA10xDIA6x3/8,,,,,,,,,
WD211100653,0,MULTI DISTRIBUTOR MALE DIA10xDIA6x1/2,,,,,,,,,
WD211100851,0,MULTI DISTRIBUTOR MALE DIA10xDIA8x1/4,,,,,,,,,
WD211100852,0,MULTI DISTRIBUTOR MALE DIA10XDIA8x3/8,,,,,,,,,
WD211100853,0,MULTI DISTRIBUTOR MALE DIA10xDIA8x1/2,,,,,,,,,
WD211120852,0,MULTI DISTRIBUTOR MALE DIA12xDIA8x3/8,,,,,,,,,
WD211120853,0,MULTI DISTRIBUTOR MALE DIA12xDIA8x1/2,,,,,,,,,
WD211121052,0,MULTI DISTRIBUTOR MALE DIA12xDIA10x3/8,,,,,,,,,
WD211121053,0,MULTI DISTRIBUTOR MALE DIA12xDIA10x1/2,,,,,,,,,
WE20110450,0,SELF SEALING FITTINGS(MALE) DIA4x1/8,,,,,,,,,
WE20110451,0,SELF SEALING FITTINGS(MALE) DIA4x1/4,,,,,,,,,
WE20110470,0,SELF SEALING FITTINGS(MALE) DIA4xM5,,,,,,,,,
WE20110650,0,SELF SEALING FITTINGS(MALE) DIA6x1/8,,,,,,,,,
WE20110651,0,SELF SEALING FITTINGS(MALE) DIA6x1/4,,,,,,,,,
WE20110652,0,Self Sealing Fittings(Male)-Dia6x3/8,,,,,,,,,
WE20110670,0,SELF SEALING FITTINGS(MALE) DIA6xM5,,,,,,,,,
WE20110850,0,SELF SEALING FITTINGS(MALE) DIA8x1/8,,,,,,,,,
WE20110851,0,SELF SEALING FITTINGS(MALE) DIA8x1/4,,,,,,,,,
WE20110852,0,SELF SEALING FITTINGS(MALE) DIA8x3/8,,,,,,,,,
WE20111051,0,SELF SEALING FITTINGS(MALE) DIA10x1/4,,,,,,,,,
WE20111052,0,SELF SEALING FITTINGS(MALE) DIA10x3/8,,,,,,,,,
WE20111053,0,SELF SEALING FITTINGS(MALE) DIA10x1/2,,,,,,,,,
WE20111252,0,SELF SEALING FITTINGS(MALE) DIA12x3/8,,,,,,,,,
WE20111253,0,SELF SEALING FITTINGS(MALE) DIA12x1/2,,,,,,,,,
WH  01W12,0,Tube Nylon OD 12,,,,,,,,,
WH 00Y16,0,TUBE(PU) OD16 (Yellow),,,,,,,,,
WH 01W04,0,Tube OD4 (Nylon),,,,,,,,,
WH 01W06,0,TUBE OD6(NYLON),,,,,,,,,
WH 01W08,0,TUBE OD8(NYLON),,,,,,,,,
WH 01W10,0,TUBE OD10(NYLON),,,,,,,,,
WH 01W14,0,Tube OD14(Nylon),,,,,,,,,
WH00B04,0,TUBE(PU) OD4 (Blue),,,,,,,,,
WH00B10,0,TUBE(PU) 7MM IDx10MM OD,,,,,,,,,1.25
WH00B14,0,TUBE(PU) OD14 (Blue),,,,,,,,,
WH00B16,0,TUBE(PU) OD16 (Blue),,,,,,,,,1.25
WH00K04,0,TUBE(PU) OD4 - BLACK,,,,,,,,,
WH00K06,0,Tube(PU) OD6 - Black,,,,,,,,,
WH00K08,0,TUBE(PU) OD8 - BLACK,,,,,,,,,
WH00K10,0,TUBE(PU) OD10 - BLACK,,,,,,,,,
WH00K12,0,TUBE(PU) OD12 - BLACK,,,,,,,,,
WH00R04,0,TUBE(PU) OD 4 (RED),,,,,,,,,
WH00R06,0,TUBE(PU) OD 6 (RED),,,,,,,,,
WH00R08,0,TUBE(PU) OD 8 (RED),,,,,,,,,
WH00R10,0,TUBE(PU) OD10 - RED,,,,,,,,,
WH00R12,0,TUBE(PU) OD12 (Red),,,,,,,,,
WH00S04,0,TUBE(PU) OD4 - SILVER,,,,,,,,,
WH00S06,0,TUBE(PU) OD6 - SILVER,,,,,,,,,
WH00S08,0,TUBE(PU) OD8 - SILVER,,,,,,,,,
WH00S10,0,TUBE(PU) OD10 - SILVER,,,,,,,,,
WH00S12,0,TUBE(PU) OD12 - SILVER,,,,,,,,,
WH00S16,0,TUBE(PU) OD16 - SILVER,,,,,,,,,
WH00T04,0,TUBE(PU) OD4 (Transparent),,,,,,,,,
WH00T06,0,Tube(PU) OD6 (Transparent),,,,,,,,,
WH00T08,0,Tube(PU) OD8 (Transparent),,,,,,,,,
WH00T10,0,TUBE(PU) OD10-Transparent,,,,,,,,,
WH00T12,0,Tube(PU) OD12 (Transparent),,,,,,,,,
WH00Y04,0,TUBE(PU) OD4 (Yellow),,,,,,,,,
WH00Y06,0,TUBE(PU) OD6 (Yellow),,,,,,,,,
WH00Y08,0,TUBE(PU) OD8 - YELLOW,,,,,,,,,
WH00Y10,0,TUBE(PU) OD10 - YELLOW,,,,,,,,,
WH00Y12,0,TUBE(PU) OD12 (Yellow),,,,,,,,,
WH01B12,0,Tube(Nylon) OD12 (Blue),,,,,,,,,
WH02B04,0,TUBE(PU) OD4,,,,,,,,,
WH02B06,0,TUBE (PU) OD6,,,,,,,,,
WH02B08,0,TUBE(PU) OD8,,,,,,,,,
WH02B10,0,TUBE(PU) OD10,,,,,,,,,
WH02B12,0,TUBE(PU) OD12,,,,,,,,,
WHC10B04-02,0,Coiled Tube(PU) OD4(Blue 2m),,,,,,,,,
WHC10B04-04,0,Coiled Tube(PU) OD4(Blue 4m),,,,,,,,,
WHC10B04-06,0,Coiled Tube(PU) OD4(Blue 6m),,,,,,,,,
WHC10B04-08,0,Coiled Tube(PU) OD4(Blue 8m),,,,,,,,,
WHC10B04-10,0,Coiled Tube(PU) OD4(Blue 10m),,,,,,,,,
WHC10B04-12,0,Coiled Tube(PU) OD4(Blue 12m),,,,,,,,,
WHC10B04-15,0,Coiled Tube(PU) OD4(Blue 15m),,,,,,,,,
WHC10B06-02,0,Coiled Tube(PU) OD6(Blue 2m),,,,,,,,,
WHC10B06-04,0,Coiled Tube(PU) OD6(Blue 4m),,,,,,,,,
WHC10B06-06,0,Coiled Tube(PU) OD6(Blue 6m),,,,,,,,,
WHC10B06-08,0,Coiled Tube(PU) OD6(Blue 8m),,,,,,,,,
WHC10B06-10,0,Coiled Tube(PU) OD6(Blue 10m),,,,,,,,,
WHC10B06-12,0,Coiled Tube(PU) OD6(Blue 12m),,,,,,,,,
WHC10B06-15,0,Coiled Tube(PU) OD6(Blue 15m),,,,,,,,,
WHC10B08-02,0,Coiled Tube(PU) OD8(Blue 2m),,,,,,,,,
WHC10B08-04,0,Coiled Tube(PU) OD8(Blue 4m),,,,,,,,,
WHC10B08-05,0,Coiled tube(PU) OD8 (Blue 5m),,,,,,,,,
WHC10B08-06,0,Coiled Tube(PU) OD8 (Blue 6m),,,,,,,,,
WHC10B08-08,0,Coiled Tube(PU) OD8(Blue 8m),,,,,,,,,
WHC10B08-10,0,Coiled Tube(PU) OD8(Blue 10m),,,,,,,,,
WHC10B08-12,0,Coiled Tube(PU) OD8(Blue 12m),,,,,,,,,
WHC10B08-15,0,Coiled Tube(PU) OD8(Blue 15m),,,,,,,,,
WHC10B10-02,0,Coiled Tube(PU) OD10(Blue 2m),,,,,,,,,
WHC10B10-04,0,Coiled Tube(PU) OD10(Blue 4m),,,,,,,,,
WHC10B10-06,0,Coiled Tube(PU) OD10(Blue 6m),,,,,,,,,
WHC10B10-08,0,Coiled Tube(PU) OD10(Blue 8m),,,,,,,,,
WHC10B10-10,0,Coiled Tube(PU) OD10(Blue 10m),,,,,,,,,
WHC10B10-12,0,Coiled Tube(PU) OD10(Blue 12m),,,,,,,,,
WHC10B10-15,0,Coiled Tube(PU) OD10(Blue 15m),,,,,,,,,
WHC10B12-02,0,Coiled Tube(PU) OD12(Blue 2m),,,,,,,,,
WHC10B12-04,0,Coiled Tube(PU) OD12(Blue 4m),,,,,,,,,
WHC10B12-06,0,Coiled Tube(PU) OD12(Blue 6m),,,,,,,,,
WHC10B12-08,0,Coiled Tube(PU) OD12(Blue 8m),,,,,,,,,
WHC10B12-10,0,Coiled Tube(PU) OD12(Blue 10m),,,,,,,,,
WHC10B12-12,0,Coiled Tube(PU) OD12(Blue 12m),,,,,,,,,
WHC10B12-15,0,Coiled Tube(PU) OD12(Blue 15m),,,,,,,,,
WHC10K04-02,0,Coiled Tube(PU) OD4(Black 2m),,,,,,,,,
WHC10K04-04,0,Coiled Tube(PU) OD4(Black 4m),,,,,,,,,
WHC10K04-06,0,Coiled Tube(PU) OD4(Black 6m),,,,,,,,,
WHC10K04-08,0,Coiled Tube(PU) OD4(Black 8m),,,,,,,,,
WHC10K04-10,0,Coiled Tube(PU) OD4(Black 10m),,,,,,,,,
WHC10K04-12,0,Coiled Tube(PU) OD4(Black 12m),,,,,,,,,
WHC10K04-15,0,Coiled Tube(PU) OD4(Black 15m),,,,,,,,,
WHC10K06-02,0,Coiled Tube(PU) OD6(Black 2m),,,,,,,,,
WHC10K06-04,0,Coiled Tube(PU) OD6(Black 4m),,,,,,,,,
WHC10K06-06,0,Coiled Tube(PU) OD6(Black 6m),,,,,,,,,
WHC10K06-08,0,Coiled Tube(PU) OD6(Black 8m),,,,,,,,,
WHC10K06-10,0,Coiled Tube(PU) OD6(Black 10m),,,,,,,,,
WHC10K06-12,0,Coiled Tube(PU) OD6(Black 12m),,,,,,,,,
WHC10K06-15,0,Coiled Tube(PU) OD6(Black 15m),,,,,,,,,
WHC10K08-02,0,Coiled Tube(PU) OD8(Black 2m),,,,,,,,,
WHC10K08-04,0,Coiled Tube(PU) OD8(Black 4m),,,,,,,,,
WHC10K08-06,0,Coiled Tube(PU) OD8(Black 6m),,,,,,,,,
WHC10K08-08,0,Coiled Tube(PU) OD8(Black 8m),,,,,,,,,
WHC10K08-10,0,Coiled Tube(PU) OD8(Black 10m),,,,,,,,,
WHC10K08-12,0,Coiled Tube(PU) OD8(Black 12m),,,,,,,,,
WHC10K08-15,0,Coiled Tube(PU) OD8(Black 15m),,,,,,,,,
WHC10K10-02,0,Coiled Tube(PU) OD10(Black 2m),,,,,,,,,
WHC10K10-04,0,Coiled Tube(PU) OD10(Black 4m),,,,,,,,,
WHC10K10-06,0,Coiled Tube(PU) OD10(Black 6m),,,,,,,,,
WHC10K10-08,0,Coiled Tube(PU) OD10(Black 8m),,,,,,,,,
WHC10K10-10,0,Coiled Tube(PU) OD10(Black 10m),,,,,,,,,
WHC10K10-12,0,Coiled Tube(PU) OD10(Black 12m),,,,,,,,,
WHC10K10-15,0,Coiled Tube(PU) OD10(Black 15m),,,,,,,,,
WHC10K12-02,0,Coiled Tube(PU) OD12(Black 2m),,,,,,,,,
WHC10K12-04,0,Coiled Tube(PU) OD12(Black 4m),,,,,,,,,
WHC10K12-06,0,Coiled Tube(PU) OD12(Black 6m),,,,,,,,,
WHC10K12-08,0,Coiled Tube(PU) OD12(Black 8m),,,,,,,,,
WHC10K12-10,0,Coiled Tube(PU) OD12(Black 10m),,,,,,,,,
WHC10K12-12,0,Coiled Tube(PU) OD12(Black 12m),,,,,,,,,
WHC10K12-15,0,Coiled Tube(PU) OD12(Black 15m),,,,,,,,,
WHC10R04-02,0,Coiled Tube(PU) OD4(Red 2m),,,,,,,,,
WHC10R04-04,0,Coiled Tube(PU) OD4(Red 4m),,,,,,,,,
WHC10R04-06,0,Coiled Tube(PU) OD4(Red 6m),,,,,,,,,
WHC10R04-08,0,Coiled Tube(PU) OD4(Red 8m),,,,,,,,,
WHC10R04-10,0,Coiled Tube(PU) OD4(Red 10m),,,,,,,,,
WHC10R04-12,0,Coiled Tube(PU) OD4(Red 12m),,,,,,,,,
WHC10R04-15,0,Coiled Tube(PU) OD4(Red 15m),,,,,,,,,
WHC10R06-02,0,Coiled Tube(PU) OD6(Red 2m),,,,,,,,,
WHC10R06-04,0,Coiled Tube(PU) OD6(Red 4m),,,,,,,,,
WHC10R06-06,0,Coiled Tube(PU) OD6(Red 6m),,,,,,,,,
WHC10R06-08,0,Coiled Tube(PU) OD6(Red 8m),,,,,,,,,
WHC10R06-10,0,Coiled Tube(PU) OD6(Red 10m),,,,,,,,,
WHC10R06-12,0,Coiled Tube(PU) OD6(Red 12m),,,,,,,,,
WHC10R06-15,0,Coiled Tube(PU) OD6(Red 15m),,,,,,,,,
WHC10R08-02,0,Coiled Tube(PU) OD8(Red 2m),,,,,,,,,
WHC10R08-04,0,Coiled Tube(PU) OD8(Red 4m),,,,,,,,,
WHC10R08-06,0,Coiled Tube(PU) OD8(Red 6m),,,,,,,,,
WHC10R08-08,0,Coiled Tube(PU) OD8(Red 8m),,,,,,,,,
WHC10R08-10,0,Coiled Tube(PU) OD8(Red 10m),,,,,,,,,
WHC10R08-12,0,Coiled Tube(PU) OD8(Red 12m),,,,,,,,,
WHC10R08-15,0,Coiled Tube(PU) OD8(Red 15m),,,,,,,,,
WHC10R10-02,0,Coiled Tube(PU) OD10(Red 2m),,,,,,,,,
WHC10R10-04,0,Coiled Tube(PU) OD10(Red 4m),,,,,,,,,
WHC10R10-06,0,Coiled Tube(PU) OD10(Red 6m),,,,,,,,,
WHC10R10-08,0,Coiled Tube(PU) OD10(Red 8m),,,,,,,,,
WHC10R10-10,0,Coiled Tube(PU) OD10(Red 10m),,,,,,,,,
WHC10R10-12,0,Coiled Tube(PU) OD10(Red 12m),,,,,,,,,
WHC10R10-15,0,Coiled Tube(PU) OD10(Red 15m),,,,,,,,,
WHC10R12-02,0,Coiled Tube(PU) OD12(Red 2m),,,,,,,,,
WHC10R12-04,0,Coiled Tube(PU) OD12(Red 4m),,,,,,,,,
WHC10R12-06,0,Coiled Tube(PU) OD12(Red 6m),,,,,,,,,
WHC10R12-08,0,Coiled Tube(PU) OD12(Red 8m),,,,,,,,,
WHC10R12-10,0,Coiled Tube(PU) OD12(Red 10m),,,,,,,,,
WHC10R12-12,0,Coiled Tube(PU) OD12(Red 12m),,,,,,,,,
WHC10R12-15,0,Coiled Tube(PU) OD12(Red 15m),,,,,,,,,
WHC10S06-04,0,Coiled Tube(PU) OD6(Silver grey 4m),,,,,,,,,
WHC10S08-02,0,Coiled Tube(PU) OD8(Silver grey 2m),,,,,,,,,
WHC10S08-04,0,Coiled Tube(PU) OD8(Silver grey 4m),,,,,,,,,
WHC10S10-08,0,Coiled Tube(PU) OD10(Silver grey 8m),,,,,,,,,
WHC10S12-02,0,Coiled Tube(PU) OD12(Silver grey 2m),,,,,,,,,
WHC10S12-12,0,Coiled Tube(PU) OD12(Silver grey 12m),,,,,,,,,
WHC10Y04-02,0,Coiled Tube(PU) OD4(Yellow 2m),,,,,,,,,
WHC10Y04-04,0,Coiled Tube(PU) OD4(Yellow 4m),,,,,,,,,
WHC10Y04-06,0,Coiled Tube(PU) OD4(Yellow 6m),,,,,,,,,
WHC10Y04-08,0,Coiled Tube(PU) OD4(Yellow 8m),,,,,,,,,
WHC10Y04-10,0,Coiled Tube(PU) OD4(Yellow 10m),,,,,,,,,
WHC10Y04-12,0,Coiled Tube(PU) OD4(Yellow 12m),,,,,,,,,
WHC10Y04-15,0,Coiled Tube(PU) OD4(Yellow 15m),,,,,,,,,
WHC10Y06-02,0,Coiled Tube(PU) OD6(Yellow 2m),,,,,,,,,
WHC10Y06-04,0,Coiled Tube(PU) OD6(Yellow 4m),,,,,,,,,
WHC10Y06-06,0,Coiled Tube(PU) OD6(Yellow 6m),,,,,,,,,
WHC10Y06-08,0,Coiled Tube(PU) OD6(Yellow 8m),,,,,,,,,
WHC10Y06-10,0,Coiled Tube(PU) OD6(Yellow 10m),,,,,,,,,
WHC10Y06-12,0,Coiled Tube(PU) OD6(Yellow 12m),,,,,,,,,
WHC10Y06-15,0,Coiled Tube(PU) OD6(Yellow 15m),,,,,,,,,
WHC10Y08-02,0,Coiled Tube(PU) OD8(Yellow 2m),,,,,,,,,
WHC10Y08-04,0,Coiled Tube(PU) OD8(Yellow 4m),,,,,,,,,
WHC10Y08-06,0,Coiled Tube(PU) OD8(Yellow 6m),,,,,,,,,
WHC10Y08-08,0,Coiled Tube(PU) OD8(Yellow 8m),,,,,,,,,
WHC10Y08-10,0,Coiled Tube(PU) OD8(Yellow 10m),,,,,,,,,
WHC10Y08-12,0,Coiled Tube(PU) OD8(Yellow 12m),,,,,,,,,
WHC10Y08-15,0,Coiled Tube(PU) OD8(Yellow 15m),,,,,,,,,
WHC10Y10-02,0,Coiled Tube(PU) OD10(Yellow 2m),,,,,,,,,
WHC10Y10-04,0,Coiled Tube(PU) OD10(Yellow 4m),,,,,,,,,
WHC10Y10-06,0,Coiled Tube(PU) OD10(Yellow 6m),,,,,,,,,
WHC10Y10-08,0,Coiled Tube(PU) OD10(Yellow 8m),,,,,,,,,
WHC10Y10-10,0,Coiled Tube(PU) OD10(Yellow 10m),,,,,,,,,
WHC10Y10-12,0,Coiled Tube(PU) OD10(Yellow 12m),,,,,,,,,
WHC10Y10-15,0,Coiled Tube(PU) OD10(Yellow 15m),,,,,,,,,
WHC10Y12-02,0,Coiled Tube(PU) OD12(Yellow 2m),,,,,,,,,
WHC10Y12-04,0,Coiled Tube(PU) OD12(Yellow 4m),,,,,,,,,
WHC10Y12-06,0,Coiled Tube(PU) OD12(Yellow 6m),,,,,,,,,
WHC10Y12-08,0,Coiled Tube(PU) OD12(Yellow 8m),,,,,,,,,
WHC10Y12-10,0,Coiled Tube(PU) OD12(Yellow 10m),,,,,,,,,
WHC10Y12-12,0,Coiled Tube(PU) OD12(Yellow 12m),,,,,,,,,
WHC10Y12-15,0,Coiled Tube(PU) OD12(Yellow 15m),,,,,,,,,
WHF01KB04,0,Spark resistant tube (Double layer) PA 2x4 Blue+PU 6 Black,,,,,,,,,
WHF01KB06,0,Spark resistant tube (Double layer) PA 4x6 Blue+PU 8 Black,,,,,,,,,
WHF01KB08,0,Spark resistant tube (Double layer) PA 6x8 Blue+PU 10 Black,,,,,,,,,
WHF01KB10,0,Spark resistant tube (Double layer) PA 7.5x10 Blue+PU 12 Black,,,,,,,,,
WHF01KB12,0,Spark resistant tube (Double layer) PA 9x12 Blue+PU 14 Black,,,,,,,,,
WHF02K06,0,Spark resistant tube (Single layer) PU 2.5x6 Black,,,,,,,,,
WHF02K08,0,Spark resistant tube (Single layer) PU 4x8 Black,,,,,,,,,
WHF02K10,0,Spark resistant tube (Single layer) PU 6x10 Black,,,,,,,,,
WHF02K12,0,Spark resistant tube (Single layer) PU 8x12 Black,,,,,,,,,
WJ0160,0,JUNCTION BOX 1/8,,,,,,,,,
WJ0161,0,JUNCTION BOX 1/4,,,,,,,,,
WJ0162,0,JUNCTION BOX 3/8,,,,,,,,,
WJ0163,0,JUNCTION BOX 1/2,,,,,,,,,
WJ0170,0,JUNCTION BOX M5,,,,,,,,,
WJ02036070,0,JUNCTION BOX 1/8 xM5(3),,,,,,,,,
WJ02036160,0,JUNCTION BOX 1/4 x1/8 (3),,,,,,,,,
WJ02036261,0,JUNCTION BOX 3/8 x1/4 (3),,,,,,,,,
WJ02036362,0,JUNCTION BOX 1/2 x3/8 (3),,,,,,,,,
WJ02036363,0,JUNCTION BOX 1/2 x1/2 (3),,,,,,,,,
WJ03046463,0,Junction box 3/4 x1/2 (2+2),,,,,,,,,
WJ03056363,0,JUNCTION BOX 1/2 x1/2 (3+2),,,,,,,,,
WJ03066070,0,JUNCTION BOX 1/8 xM5(3+3),,,,,,,,,
WJ03066261,0,JUNCTION BOX 3/8 x1/4 (3+3),,,,,,,,,
WJ03066362,0,JUNCTION BOX 1/2 x3/8 (3+3),,,,,,,,,
WN015050,0,NIPPLE R1/8,,,,,,,,,
WN015051,0,Nipple R1/8 x R1/4,,,,,,,,,
WN015152,0,NIPPLE R1/4 x R3/8,,,,,,,,,
WN015153,0,Nipple (R1/4 x R1/2),,,,,,,,,
WN015252,0,NIPPLE (R3/8),,,,,,,,,
WN015253,0,NIPPLE(R3/8 x R1/2),,,,,,,,,
WN015353,0,NIPPLE (R1/2M X R1/2M),,,,,,,,,
WN015354,0,Nipple R1/2xR3/4,,,,,,,,,
WN015454,0,Nipple R3/4,,,,,,,,,
WN015555,0,Nipple R1,,,,,,,,,
WN017050,0,NIPPLE M5(M)xR1/8,,,,,,,,,
WN017070,0,NIPPLE M5(M),,,,,,,,,
WN026051,0,NIPPLE(G1/8xR1/4),,,,,,,,,
WN026052,0,NIPPLE G1/8xR3/8,,,,,,,,,
WN026053,0,NIPPLE G1/8xR1/2,,,,,,,,,
WN026070,0,NIPPLE G1/8xM5(M),,,,,,,,,
WN026150,0,NIPPLE(G1/4xR1/8),,,,,,,,,
WN026153,0,Nipple (R1/2 x G1/4),,,,,,,,,
WN026251,0,NIPPLE G3/8xR1/4,,,,,,,,,
WN026253,0,NIPPLE G3/8 x R1/2,,,,,,,,,
WN026351,0,NIPPLE G1/2xR1/4,,,,,,,,,
WN026352,0,NIPPLE G1/2xR3/8,,,,,,,,,
WN026354,0,NIPPLE G1/2 x R3/4,,,,,,,,,
WN026453,0,Nipple (G3/4 x R1/2),,,,,,,,,
WN027050,0,NIPPLE M5(F)xR1/8,,,,,,,,,
WN036060,0,NIPPLE(G1/8xG1/8),,,,,,,,,1.25
WN036070,0,NIPPLE G1/8xM5(F),,,,,,,,,
WN036160,0,NIPPLE G1/4xG1/8,,,,,,,,,
WN036161,0,NIPPLE G1/4,,,,,,,,,
WN036261,0,NIPPLE G3/8xG1/4,,,,,,,,,
WN036262,0,NIPPLE G3/8,,,,,,,,,
WN036362,0,NIPPLE G1/2xG3/8,,,,,,,,,
WN036363,0,NIPPLE (G1/2xG1/2),,,,,,,,,
WN036463,0,Nipple G3/4xG1/2,,,,,,,,,
WN037070,0,NIPPLE M5(F),,,,,,,,,
WP2100404,0,Straight union Dia4,,,,,,,,,
WP2100606,0,Straight union Dia6,,,,,,,,,
WP2100808,0,Straight union Dia8,,,,,,,,,
WP2101010,0,Straight union Dia10,,,,,,,,,
WP2101414,0,Straight union Dia14,,,,,,,,,
WP2101616,0,Straight union Dia16,,,,,,,,,
WP2110450,0,Male connector Dia4x1/8,,,,,,,,,
WP2110451,0,Male connector Dia4x1/4,,,,,,,,,
WP2110452,0,Male connector Dia4x3/8,,,,,,,,,
WP2110470,0,Male connector Dia4xM5,,,,,,,,,
WP2110490,0,Male connector Dia 4 x 1/8 NPT,,,,,,,,,
WP2110491,0,Male connector Dia 4 x 1/4  NPT,,,,,,,,,
WP2110651,0,Male connector Dia6x 1/4,,,,,,,,,1.25
WP2110652,0,Male connector Dia6x3/8,,,,,,,,,
WP2110653,0,Male connector Dia6x1/2,,,,,,,,,
WP2110660,0,Male connector Dia6xG1/8,,,,,,,,,
WP2110690,0,Male connector Dia6 x 1/8 NPT,,,,,,,,,
WP2110691,0,Male connector Dia6x 1/4 NPT,,,,,,,,,
WP2110890,0,Male connector Dia8 x 1/8 NPT,,,,,,,,,
WP2110891,0,Male connector Dia8 x 1/4 NPT,,,,,,,,,
WP2110892,0,Male connector Dia8x 3/8 NPT,,,,,,,,,
WP2110893,0,Male connector Dia8x1/2NPT,,,,,,,,,
WP2111050,0,Male connector Dia10x1/8,,,,,,,,,
WP2111051,0,Male connector Dia10x1/4,,,,,,,,,
WP2111052,0,Male connector Dia10x3/8,,,,,,,,,1.25
WP2111053,0,Male connector Dia10x1/2,,,,,,,,,1.25
WP2111054,0,Male connector Dia10x3/4,,,,,,,,,
WP2111091,0,Male connector Dia10 x 1/4 NPT,,,,,,,,,
WP2111093,0,Male connector Dia10x 1/2 NPT,,,,,,,,,
WP2111250,0,Male connector Dia12x1/8,,,,,,,,,1.25
WP2111251,0,Male connector Dia12x1/4,,,,,,,,,
WP2111252,0,Male connector Dia12x3/8,,,,,,,,,
WP2111253,0,Male connector Dia12x1/2,,,,,,,,,1.25
WP2111253,0,Male connector Dia12x1/2,,,,,,,,,
WP2111254,0,Male connector Dia 12 x 3/4,,,,,,,,,
WP2111255,0,Male connector Dia12x1,,,,,,,,,
WP2111452,0,Male connector Dia14x3/8,,,,,,,,,
WP2111453,0,Male connector Dia14 x 1/2,,,,,,,,,
WP2111454,0,Male connector Dia14x3/4,,,,,,,,,
WP2111493,0,Male connector Dia14 x 1/2NPT,,,,,,,,,
WP2111652,0,Male Connector Dia16x 3/8,,,,,,,,,
WP2111653,0,Male connector Dia16x1/2,,,,,,,,,1.25
WP2111654,0,Male connector Dia16x3/4,,,,,,,,,1.25
WP2111654,0,Male connector Dia16x3/4,,,,,,,,,1.25
WP2111654,0,Male connector Dia16x3/4,,,,,,,,,
WP2111655,0,Male connector Dia16x1,,,,,,,,,1.25
WP2120460,0,Female connector Dia4x1/8,,,,,,,,,
WP2120461,0,Female connector Dia4x1/4,,,,,,,,,
WP2120462,0,Female connector Dia4x3/8,,,,,,,,,
WP2120661,0,Female connector Dia6x 1/4,,,,,,,,,
WP2120662,0,Female connector Dia6x3/8,,,,,,,,,
WP2120663,0,Female connector Dia6x1/2,,,,,,,,,
WP2120860,0,Female connector Dia8x1/8,,,,,,,,,
WP2120862,0,Female connector Dia8x3/8,,,,,,,,,
WP2120863,0,Female connector Dia8x1/2,,,,,,,,,
WP2121061,0,Female connector Dia10x1/4,,,,,,,,,
WP2121062,0,Female connector Dia10x3/8,,,,,,,,,
WP2121063,0,Female connector Dia10x1/2,,,,,,,,,1.25
WP2121261,0,Female connector Dia12x1/4,,,,,,,,,
WP2121262,0,Female connector Dia12 X 3/8,,,,,,,,,
WP2121263,0,Female connector Dia12x1/2,,,,,,,,,1.25
WP2121463,0,Female connector Dia14x1/2,,,,,,,,,
WP2121663,0,Female connector Dia 16 x 1/2,,,,,,,,,
WP2130450,0,Male connector (Internal hexagon socket) Dia4x1/8,,,,,,,,,
WP2130451,0,Male connector (Internal hexagon socket) Dia4x1/4,,,,,,,,,
WP2130470,0,Male connector (Internal hexagon socket) Dia4xM5,,,,,,,,,
WP2130650,0,Male connector (Internal hexagon socket) Dia6x1/8,,,,,,,,,
WP2130651,0,Male connector (Internal hexagon socket) Dia6x1/4,,,,,,,,,
WP2130652,0,Male connector (Internal hexagon socket) Dia6x3/8,,,,,,,,,
WP2130670,0,Male connector (Internal hexagon socket) Dia6xM5,,,,,,,,,
WP2130850,0,Male connector (Internal hexagon socket) Dia8x1/8,,,,,,,,,
WP2130851,0,Male connector (Internal hexagon socket) Dia8x1/4,,,,,,,,,
WP2130852,0,Male connector (Internal hexagon socket) Dia8x3/8,,,,,,,,,
WP2130853,0,Male connector (Internal hexagon socket) Dia8x1/2,,,,,,,,,
WP2131050,0,Male connector (Internal hexagon socket) Dia10x1/8,,,,,,,,,
WP2131051,0,Male connector (Internal hexagon socket) Dia10x1/4,,,,,,,,,
WP2131052,0,Male connector (Internal hexagon socket) Dia10x3/8,,,,,,,,,
WP2131053,0,Male connector (Internal hexagon socket) Dia10x1/2,,,,,,,,,
WP2131251,0,Male connector (Internal hexagon socket) Dia12x1/4,,,,,,,,,
WP2131252,0,Male connector (Internal hexagon socket) Dia12x3/8,,,,,,,,,
WP2131253,0,Male connector (Internal hexagon socket) Dia12x1/2,,,,,,,,,
WP2140406,0,Different Dia Straight union Dia4xDia6,,,,,,,,,
WP2140608,0,Different Dia Straight union Dia6xDia8,,,,,,,,,
WP2140610,0,Different dia straight union Dia6 to Dia10,,,,,,,,,
WP2140612,0,Different Dia Straight union Dia 6xDia 12,,,,,,,,,
WP2140810,0,Different Dia Straight union Dia8xDIA10,,,,,,,,,
WP2141012,0,Different Dia Straight union Dia10xDIA12,,,,,,,,,
WP2141214,0,Different Dia straight union Dia12 to Dia14,,,,,,,,,
WP2141216,0,Different dia straight union Dia12 to Dia16,,,,,,,,,
WP2200404,0,Union elbow Dia4,,,,,,,,,
WP2200606,0,Union elbow Dia6,,,,,,,,,
WP2200808,0,Union elbow Dia8,,,,,,,,,
WP2200812,0,Union elbow reducer Dia8xDia12,,,,,,,,,
WP2201010,0,Union elbow Dia10,,,,,,,,,
WP2201212,0,Union elbow Dia12,,,,,,,,,
WP2201414,0,Union elbow Dia14,,,,,,,,,
WP2201616,0,Union elbow Dia16,,,,,,,,,
WP2210450,0,Male elbow Dia4x1/8,,,,,,,,,
WP2210451,0,Male elbow Dia4x1/4,,,,,,,,,
WP2210470,0,Male elbow Dia4xM5,,,,,,,,,
WP2210650,0,Male elbow Dia 6 x 1/8,,,,,,,,,
WP2210651,0,Male elbow Dia 6 x 1/4,,,,,,,,,
WP2210652,0,Male elbow Dia6x3/8,,,,,,,,,
WP2210653,0,Male elbow Dia6x1/2,,,,,,,,,
WP2210670,0,Male elbow Dia6xM5,,,,,,,,,
WP2210852,0,Male elbow Dia8 X 3/8,,,,,,,,,
WP2210853,0,Male elbow Dia8x1/2,,,,,,,,,
WP2210890,0,Male elbow Dia8x1/8 NPT,,,,,,,,,
WP2210891,0,Male elbow Dia8 x 1/4 NPT,,,,,,,,,
WP2210892,0,Male elbow Dia8x3/8 NPT,,,,,,,,,
WP2211050,0,Male elbow Dia10x1/8,,,,,,,,,
WP2211051,0,Male elbow Dia10x1/4,,,,,,,,,
WP2211052,0,Male elbow Dia10x3/8,,,,,,,,,
WP2211053,0,Male elbow Dia10x1/2,,,,,,,,,
WP2211091,0,Male elbow Dia10 x 1/4 NPT,,,,,,,,,
WP2211250,0,Male elbow-Dia12x1/8,,,,,,,,,
WP2211251,0,Male elbow Dia12x1/4,,,,,,,,,
WP2211252,0,Male elbow Dia12x3/8,,,,,,,,,
WP2211253,0,Male elbow Dia12x1/2,,,,,,,,,
WP2211254,0,Male elbow Dia 12 x 3/4,,,,,,,,,
WP2211452,0,Male elbow Dia14x3/8,,,,,,,,,
WP2211453,0,Male elbow Dia14x1/2,,,,,,,,,
WP2211454,0,Male elbow Dia14x3/4,,,,,,,,,
WP2211652,0,Male elbow Dia16 x 3/8,,,,,,,,,
WP2211653,0,Male elbow Dia16 x 1/2,,,,,,,,,
WP2211654,0,Male Elbow-Dia16x3/4,,,,,,,,,
WP2211655,0,Male elbow Dia16x1,,,,,,,,,
WP2220460,0,Female elbow Dia4x1/8,,,,,,,,,
WP2220461,0,Female Elbow-Dia4x1/4,,,,,,,,,
WP2220660,0,Female elbow (Dia6x1/8),,,,,,,,,
WP2220661,0,Female elbow Dia6x1/4,,,,,,,,,
WP2220860,0,Female elbow Dia8x1/8,,,,,,,,,
WP2220861,0,Female elbow Dia8x1/4,,,,,,,,,
WP2220862,0,Female elbow Dia8x3/8,,,,,,,,,
WP2220863,0,Female elbow Dia8x1/2,,,,,,,,,
WP2221061,0,Female elbow Dia10x1/4,,,,,,,,,
WP2221261,0,Female elbow Dia12x1/4,,,,,,,,,
WP2221262,0,Female elbow Dia12x3/8,,,,,,,,,
WP2221263,0,Female elbow Dia12x1/2,,,,,,,,,
WP2221463,0,Female elbow Dia14x1/2,,,,,,,,,
WP2230451,0,Extended male elbow Dia4x1/4,,,,,,,,,
WP2230650,0,Extended Male Elbow Dia6x1/8,,,,,,,,,
WP2230651,0,Extended male elbow Dia6x1/4,,,,,,,,,
WP2230851,0,Extended male elbow Dia8x1/4,,,,,,,,,
WP2231051,0,Extended male elbow Dia10x1/4,,,,,,,,,
WP2231052,0,Extended male elbow Dia10x3/8,,,,,,,,,
WP2231251,0,Extended Male elbow Dia12x1/4,,,,,,,,,
WP2231253,0,Extended male elbow Dia12x1/2,,,,,,,,,
WP2250404,0,Plug in Elbow (Dia 4 x Dia 4 Fitting),,,,,,,,,
WP2250606,0,Plug in Elbow (Dia 6 x Dia 6 Fitting),,,,,,,,,
WP230040406,0,Union tee reducer Dia4xDia4xDia6,,,,,,,,,
WP230060604,0,Union tee reducer Dia6xDia6xDia4,,,,,,,,,
WP230060608,0,Union tee reducer Dia6xDia6xDia8,,,,,,,,,
WP230060612,0,Union tee reducer Dia6xDia6xDia12,,,,,,,,,
WP230061212,0,Union tee reducer Dia6xDia12xDia12,,,,,,,,,
WP230080806,0,Union tee reducer Dia8xDia8xDia6,,,,,,,,,
WP230080810,0,Union tee reducer Dia8xDia8xDia10,,,,,,,,,
WP230081010,0,Union tee reducer Dia8xDia10xDia10,,,,,,,,,
WP230081212,0,Union tee reducer-Dia8xDia12xDia12,,,,,,,,,
WP2301010,0,Union tee Dia10,,,,,,,,,
WP230101006,0,Union tee reducer-Dia10xDia10xDia6,,,,,,,,,
WP230101008,0,Union tee reducer Dia10xDia10xDia8,,,,,,,,,
WP230101012,0,Union tee reducer Dia10xDia10xDia12,,,,,,,,,
WP2301212,0,Union tee Dia12,,,,,,,,,
WP2301212,0,Union tee Dia12,,,,,,,,,
WP230121206,0,Union tee reducer Dia12xDia12xDia6,,,,,,,,,
WP230121208,0,Union tee reducer Dia12xDia12xDia8,,,,,,,,,
WP230121210,0,Union tee reducer Dia12xDia12xDia10,,,,,,,,,
WP2301414,0,Union tee Dia14,,,,,,,,,
WP2301616,0,Union tee Dia16,,,,,,,,,1.25
WP2310450,0,Male branch tee Dia4x1/8,,,,,,,,,
WP2310451,0,Male branch tee Dia4x1/4,,,,,,,,,
WP2310470,0,Male branch tee Dia4xM5,,,,,,,,,
WP2310650,0,Male branch tee Dia6x1/8,,,,,,,,,
WP2310651,0,Male branch tee Dia6x1/4,,,,,,,,,
WP2310652,0,Male branch tee Dia6x3/8,,,,,,,,,
WP2310653,0,Male branch tee Dia6x1/2,,,,,,,,,
WP2310670,0,Male branch tee Dia6xM5,,,,,,,,,
WP2310850,0,Male branch tee Dia8x1/8,,,,,,,,,
WP2310851,0,Male branch tee Dia8 x 1/4,,,,,,,,,
WP2310852,0,Male branch tee Dia8x3/8,,,,,,,,,
WP2310853,0,Male branch tee Dia8x1/2,,,,,,,,,
WP2311050,0,Male branch tee Dia10x1/8,,,,,,,,,
WP2311051,0,Male branch tee Dia10x1/4,,,,,,,,,
WP2311052,0,Male branch tee Dia10x3/8,,,,,,,,,
WP2311053,0,Male branch tee Dia10x1/2,,,,,,,,,
WP2311251,0,Male branch tee Dia12x1/4,,,,,,,,,
WP2311252,0,Male branch tee Dia12x3/8,,,,,,,,,
WP2311253,0,Male branch tee Dia12x1/2,,,,,,,,,
WP2311453,0,Male Branch Tee Dia 14 x 1/2,,,,,,,,,
WP2311653,0,Male branch tee-Dia16x1/2,,,,,,,,,
WP2320460,0,Female Branch Tee- Dia 4x1/8,,,,,,,,,
WP2320461,0,Female Branch Tee- Dia 4x1/4,,,,,,,,,
WP2320660,0,Female Branch Tee Dia6x1/8,,,,,,,,,
WP2320661,0,Female Branch Tee Dia6x1/4,,,,,,,,,
WP2320861,0,Female Branch Tee Dia8x1/4,,,,,,,,,
WP2320862,0,Female Branch Tee Dia8x3/8,,,,,,,,,
WP2321061,0,Female Branch Tee Dia10x1/4,,,,,,,,,
WP2330450,0,Male run tee Dia4x1/8,,,,,,,,,
WP2330451,0,Male run tee Dia4x1/4,,,,,,,,,
WP2330650,0,Male run tee Dia6x1/8,,,,,,,,,
WP2330651,0,Male run tee Dia6x1/4,,,,,,,,,
WP2330670,0,Male run tee Dia 6 x M5,,,,,,,,,
WP2330850,0,Male run tee Dia8x1/8,,,,,,,,,
WP2330851,0,Male run tee Dia8 x 1/4,,,,,,,,,
WP2330852,0,Male run tee Dia8x3/8,,,,,,,,,
WP2330853,0,Male run tee Dia8x1/2,,,,,,,,,
WP2331051,0,Male run tee Dia10x1/4,,,,,,,,,
WP2331052,0,Male run tee Dia10x3/8,,,,,,,,,
WP2331251,0,Male run tee-Dia12x1/4,,,,,,,,,
WP2331252,0,Male run tee Dia12x3/8,,,,,,,,,
WP2331253,0,Male run tee Dia12x1/2,,,,,,,,,
WP2340660,0,Female run tee Dia6x1/8,,,,,,,,,
WP2340661,0,Female run tee Dia6x1/4,,,,,,,,,
WP2340861,0,Female run tee Dia8x1/4,,,,,,,,,
WP2400404,0,Union  Y  Dia4,,,,,,,,,1.25
WP240040406,0,Union Y reducer Dia4xDia4xDia6,,,,,,,,,
WP240060608,0,Union Y reducer Dia6xDia6xDia8,,,,,,,,,
WP240080810,0,Union Y reducer Dia8xDia8xDia10,,,,,,,,,
WP2401010,0,Union  Y  Dia10,,,,,,,,,
WP2401212,0,Union  Y  Dia12,,,,,,,,,
WP2410450,0,Male branch Y  Dia4x1/8,,,,,,,,,
WP2410451,0,Male branch Y  Dia4x1/4,,,,,,,,,
WP2410650,0,Male branch Y  Dia6x1/8,,,,,,,,,
WP2410850,0,Male branch Y  Dia8x1/8,,,,,,,,,
WP2410851,0,Male branch Y  Dia8x1/4,,,,,,,,,
WP2410852,0,Male branch Y  Dia8x3/8,,,,,,,,,
WP2411051,0,Male branch Y  Dia10x1/4,,,,,,,,,
WP2411052,0,Male branch Y  Dia10x3/8,,,,,,,,,
WP2411053,0,Male branch Y  Dia10x1/2,,,,,,,,,
WP2411251,0,Male branch Y  Dia12x1/4,,,,,,,,,
WP2411252,0,Male branch Y  Dia12x3/8,,,,,,,,,
WP2411253,0,Male branch Y  Dia12x1/2,,,,,,,,,
WP2500404,0,Bulk head union Dia4,,,,,,,,,
WP2501010,0,Bulk head union Dia10,,,,,,,,,
WP2501212,0,Bulk head union Dia12,,,,,,,,,
WP2501414,0,Bulk head union Dia14,,,,,,,,,
WP2501616,0,Bulk head union Dia16,,,,,,,,,
WP2520661,0,Bulk head female connector Dia6x1/4,,,,,,,,,
WP2520861,0,Bulk head female connector Dia8x1/4,,,,,,,,,
WP2521063,0,Bulk head female connector Dia10x1/2,,,,,,,,,
WP2521262,0,Bulk head female connector Dia12x3/8,,,,,,,,,
WP2521263,0,Bulk head female connector Dia12x1/2,,,,,,,,,
WP2600400,0,Plug DIA4,,,,,,,,,
WP2600600,0,Plug DIA6,,,,,,,,,
WP2600800,0,Plug DIA8,,,,,,,,,
WP2601000,0,Plug DIA10,,,,,,,,,
WP2601200,0,Plug DIA12,,,,,,,,,
WP2601400,0,Plug DIA14,,,,,,,,,
WP2610404,0,Nipple Dia4,,,,,,,,,
WP2610606,0,Nipple Dia6,,,,,,,,,
WP2610808,0,Nipple Dia 8,,,,,,,,,
WP2611010,0,Nipple Dia 10,,,,,,,,,
WP2621012,0,Different dia Nipple Dia10 to Dia12,,,,,,,,,
WP2700404,0,Cross Union Dia 4,,,,,,,,,
WP2700606,0,Cross Union Dia 6,,,,,,,,,
WP2700808,0,Cross Union Dia 8,,,,,,,,,
WP2701010,0,Cross Union Dia 10,,,,,,,,,
WP2701212,0,Cross Union Dia 12,,,,,,,,,
WP270Y0608,0,Cross union reducer (Dia6x Dia8),,,,,,,,,
WP3130670,0,Male connector (int hex socket) mini Dia6xM5,,,,,,,,,
WQC02M50,0,Quick Coupling Socket-R1/8,,,,,,,,,
WQC03F61,0,QUICK COUPLING SOCKET-1/4,,,,,,,,,
WQC14F62,0,Quick coupling socket-G3/8,,,,,,,,,
WQC14F63,0,QUICK COUPLING SOCKET-1/2,,,,,,,,,
WQC14M52,0,Quick coupling socket-3/8,,,,,,,,,
WQC14M53,0,Quick Coupling Socket-R1/2,,,,,,,,,
WQP02F60,0,Quick Coupling Plug-G1/8,,,,,,,,,
WQP03M51,0,QUICK COUPLING PLUG-1/4,,,,,,,,,
WQP03T08,0,Quick Coupling Plug-Dia 8,,,,,,,,,
WQP14F62,0,Quick Coupling Plug-G3/8,,,,,,,,,
WQP14F63,0,QUICK COUPLING PLUG-G1/2,,,,,,,,,
WQP14M52,0,QUICK COUPLING PLUG-3/8,,,,,,,,,
WQP14M53,0,QUICK COUPLING PLUG-1/2,,,,,,,,,
WQP14T10,0,QUICK COUPLING PLUG Dia 10,,,,,,,,,
WS0010470,0,SINGLE SWIVEL (SLOTTED HEAD) DIA4xM5,,,,,,,,,
WS0010670,0,SINGLE SWIVEL (SLOTTED HEAD) DIA6xM5,,,,,,,,,
WS0110450,0,SINGLE SWIVEL(HEXAGON HEAD) DIA4x1/8,,,,,,,,,
WS0110650,0,SINGLE SWIVEL(HEXAGON) Dia6x1/8,,,,,,,,,
WS0110651,0,Single Swivel (Hexagon head)-Dia 6x1/4,,,,,,,,,
WS0110652,0,Single Swivel (Hexagon head)-Dia 6x3/8,,,,,,,,,
WS0110850,0,SINGLE SWIVEL(HEXAGON HEAD) DIA8x1/8,,,,,,,,,
WS0110851,0,SINGLE SWIVEL(HEXAGON) Dia 8x1/4,,,,,,,,,
WS0110852,0,SINGLE SWIVEL(HEXAGON HEAD) DIA8x3/8,,,,,,,,,
WS0110853,0,SINGLE SWIVEL(HEXAGON HEAD) DIA8x1/2,,,,,,,,,
WS0111051,0,SINGLE SWIVEL(HEXAGON HEAD) DIA10x1/4,,,,,,,,,
WS0111052,0,SINGLE SWIVEL(HEXAGON HEAD) DIA10x3/8,,,,,,,,,
WS0111053,0,SINGLE SWIVEL(HEXAGON HEAD) DIA10x1/2,,,,,,,,,
WS0111252,0,SINGLE SWIVEL(HEXAGON HEAD) DIA12x3/8,,,,,,,,,
WS0111253,0,SINGLE SWIVEL(HEXAGON HEAD) DIA12x1/2,,,,,,,,,
WS0120450,0,DOUBLE SWIVEL DIA4x1/8,,,,,,,,,
WS0120650,0,DOUBLE SWIVEL DIA6x1/8,,,,,,,,,
WS0120651,0,DOUBLE SWIVEL Dia 6x1/4,,,,,,,,,
WS0120850,0,DOUBLE SWIVEL DIA8x1/8,,,,,,,,,
WS0120851,0,DOUBLE SWIVEL Dia 8x1/4,,,,,,,,,
WS0120852,0,DOUBLE SWIVEL DIA8x3/8,,,,,,,,,
WS0120853,0,DOUBLE SWIVEL DIA8x1/2,,,,,,,,,
WS0121051,0,DOUBLE SWIVEL DIA10x1/4,,,,,,,,,
WS0121052,0,DOUBLE SWIVEL DIA10x3/8,,,,,,,,,
WS0121053,0,DOUBLE SWIVEL DIA10x1/2,,,,,,,,,
WS0121252,0,DOUBLE SWIVEL DIA12x3/8,,,,,,,,,
WS0121253,0,Double Swivel Dia 12x1/2,,,,,,,,,
WS0130450,0,TRIPLE SWIVEL DIA4x1/8,,,,,,,,,
WS0130650,0,TRIPLE SWIVEL DIA6x1/8,,,,,,,,,
WS0130850,0,TRIPLE SWIVEL DIA8x1/8,,,,,,,,,
WS0130851,0,TRIPLE SWIVEL DIA8x1/4,,,,,,,,,
WS0130852,0,TRIPLE SWIVEL DIA8x3/8,,,,,,,,,
WS0130853,0,TRIPLE SWIVEL DIA8x1/2,,,,,,,,,
WS0131051,0,TRIPLE SWIVEL DIA10x1/4,,,,,,,,,
WS0131052,0,TRIPLE SWIVEL DIA10x3/8,,,,,,,,,
WS0131053,0,TRIPLE SWIVEL DIA10x1/2,,,,,,,,,
WS0131252,0,TRIPLE SWIVEL DIA12x3/8,,,,,,,,,
WS0131253,0,TRIPLE SWIVEL DIA12x1/2,,,,,,,,,
WS0210450,0,SINGLE SWIVEL(INTERNAL HEXAGON SOCKET) DIA4x1/8,,,,,,,,,
WS0210650,0,SINGLE SWIVEL(INT.SOCKET)(DIA 6 x1/8,,,,,,,,,
WS0210651,0,SINGLE SWIVEL(INT.SOCKET) Dia 6x1/4,,,,,,,,,
WS0210850,0,SINGLE SWIVEL(INTERNAL HEXAGON SOCKET) DIA8x1/8,,,,,,,,,
WS0210851,0,SINGLE SWIVEL(INTERNAL HEXAGON SOCKET) DIA8x1/4,,,,,,,,,
WS0210852,0,SINGLE SWIVEL(INTERNAL HEXAGON SOCKET) DIA8x3/8,,,,,,,,,
WS0210853,0,SINGLE SWIVEL(INTERNAL HEXAGON SOCKET) DIA8x1/2,,,,,,,,,
WS0211051,0,SINGLE SWIVEL(INTERNAL HEXAGON SOCKET) DIA10x1/4,,,,,,,,,
WS0211052,0,SINGLE SWIVEL(INTERNAL HEXAGON SOCKET) DIA10x3/8,,,,,,,,,
WS0211053,0,SINGLE SWIVEL(INTERNAL HEXAGON SOCKET) DIA10x1/2,,,,,,,,,
WS0211252,0,SINGLE SWIVEL(INTERNAL HEXAGON SOCKET) DIA12x3/8,,,,,,,,,
WS0211253,0,SINGLE SWIVEL(INTERNAL HEXAGON SOCKET) DIA12x1/2,,,,,,,,,
WT004-08,0,Tube holder Dia4,,,,,,,,,
WT006-10,0,Tube holder Dia6,,,,,,,,,
WT008-08,0,Tube holder Dia8,,,,,,,,,
WT010-08,0,Tube holder Dia10,,,,,,,,,
WT012-07,0,Tube holder Dia12,,,,,,,,,
,16151.25,,,,,,,,,12921,1.25
,0,"Nipple 1"" Male x 3/4"" Female",,,,,,,,,1.25
